time_s,phase,alpha_command_deg,alpha_actual_deg,theta_actual_deg,position_cm,velocity_cm_s,acceleration_m_s2
0.001,1.0,0.20630064747864624,0.20630064747864624,-1.7700520110213221e-15,0.0,0.0,0.0
0.002,1.0,0.20630064747864624,0.20630064747864624,-1.7700520110213221e-15,0.0,0.0,0.0
0.003,1.0,0.20630064747864624,0.20630064747864624,-1.7700520110213221e-15,0.0,0.0,0.0
0.004,1.0,0.20630064747864624,0.20630064747864624,-1.7700520110213221e-15,0.0,0.0,0.0
0.005,1.0,0.20630064747864624,0.20630064747864624,-1.7700520110213221e-15,0.0,0.0,0.0
0.006,1.0,0.20630064747864624,0.20630064747864624,-1.7700520110213221e-15,0.0,0.0,0.0
0.007,1.0,0.20630064747864624,0.20630064747864624,-1.7700520110213221e-15,0.0,0.0,0.0
0.008,1.0,0.20630064747864624,0.20630064747864624,-1.7700520110213221e-15,0.0,0.0,0.0
0.009000000000000001,1.0,0.20630064747864624,0.20630064747864624,-1.7700520110213221e-15,0.0,0.0,0.0
0.010000000000000002,1.0,0.20630064747864624,0.20630064747864624,-1.7700520110213221e-15,0.0,0.0,0.0
0.011000000000000003,1.0,0.20630064747864624,0.20630064747864624,-1.7700520110213221e-15,0.0,0.0,0.0
0.012000000000000004,1.0,0.20630064747864624,0.20630064747864624,-1.7700520110213221e-15,0.0,0.0,0.0
0.013000000000000005,1.0,0.20630064747864624,0.20630064747864624,-1.7700520110213221e-15,0.0,0.0,0.0
0.014000000000000005,1.0,0.20630064747864624,0.20630064747864624,-1.7700520110213221e-15,0.0,0.0,0.0
0.015000000000000006,1.0,0.20630064747864624,0.20630064747864624,-1.7700520110213221e-15,0.0,0.0,0.0
0.016000000000000007,1.0,0.20630064747864624,0.20630064747864624,-1.7700520110213221e-15,0.0,0.0,0.0
0.017000000000000008,1.0,0.20630064747864624,0.20630064747864624,-1.7700520110213221e-15,0.0,0.0,0.0
0.01800000000000001,1.0,0.20630064747864624,0.20630064747864624,-1.7700520110213221e-15,0.0,0.0,0.0
0.01900000000000001,1.0,0.20630064747864624,0.20630064747864624,-1.7700520110213221e-15,0.0,0.0,0.0
0.02000000000000001,1.0,0.20630064747864624,0.20630064747864624,-1.7700520110213221e-15,0.0,0.0,0.0
0.02100000000000001,1.0,0.20630064747864624,0.20630064747864624,-1.7700520110213221e-15,0.0,0.0,0.0
0.022000000000000013,1.0,0.20630064747864624,0.20630064747864624,-1.7700520110213221e-15,0.0,0.0,0.0
0.023000000000000013,1.0,0.20630064747864624,0.20630064747864624,-1.7700520110213221e-15,0.0,0.0,0.0
0.024000000000000014,1.0,0.20630064747864624,0.20630064747864624,-1.7700520110213221e-15,0.0,0.0,0.0
0.025000000000000015,1.0,0.20630064747864624,0.20630064747864624,-1.7700520110213221e-15,0.0,0.0,0.0
0.026000000000000016,1.0,0.20630064747864624,0.20630064747864624,-1.7700520110213221e-15,0.0,0.0,0.0
0.027000000000000017,1.0,0.20630064747864624,0.20630064747864624,-1.7700520110213221e-15,0.0,0.0,0.0
0.028000000000000018,1.0,0.20630064747864624,0.20630064747864624,-1.7700520110213221e-15,0.0,0.0,0.0
0.02900000000000002,1.0,0.20630064747864624,0.20630064747864624,-1.7700520110213221e-15,0.0,0.0,0.0
0.03000000000000002,1.0,0.20630064747864624,0.20630064747864624,-1.7700520110213221e-15,0.0,0.0,0.0
0.03100000000000002,1.0,0.20630064747864624,0.20630064747864624,-1.7700520110213221e-15,0.0,0.0,0.0
0.03200000000000002,1.0,0.20630064747864624,0.20630064747864624,-1.7700520110213221e-15,0.0,0.0,0.0
0.03300000000000002,1.0,0.20630064747864624,0.20630064747864624,-1.7700520110213221e-15,0.0,0.0,0.0
0.03400000000000002,1.0,0.20630064747864624,0.20630064747864624,-1.7700520110213221e-15,0.0,0.0,0.0
0.035000000000000024,1.0,0.20630064747864624,0.20630064747864624,-1.7700520110213221e-15,0.0,0.0,0.0
0.036000000000000025,1.0,0.20630064747864624,0.20630064747864624,-1.7700520110213221e-15,0.0,0.0,0.0
0.037000000000000026,1.0,0.20630064747864624,0.20630064747864624,-1.7700520110213221e-15,0.0,0.0,0.0
0.03800000000000003,1.0,0.20630064747864624,0.20630064747864624,-1.7700520110213221e-15,0.0,0.0,0.0
0.03900000000000003,1.0,0.20630064747864624,0.20630064747864624,-1.7700520110213221e-15,0.0,0.0,0.0
0.04000000000000003,1.0,0.20630064747864624,0.20630064747864624,-1.7700520110213221e-15,0.0,0.0,0.0
0.04100000000000003,1.0,0.20630064747864624,0.20630064747864624,-1.7700520110213221e-15,0.0,0.0,0.0
0.04200000000000003,1.0,0.20630064747864624,0.20630064747864624,-1.7700520110213221e-15,0.0,0.0,0.0
0.04300000000000003,1.0,0.20630064747864624,0.20630064747864624,-1.7700520110213221e-15,0.0,0.0,0.0
0.04400000000000003,1.0,0.20630064747864624,0.20630064747864624,-1.7700520110213221e-15,0.0,0.0,0.0
0.04500000000000003,1.0,0.20630064747864624,0.20630064747864624,-1.7700520110213221e-15,0.0,0.0,0.0
0.046000000000000034,1.0,0.20630064747864624,0.20630064747864624,-1.7700520110213221e-15,0.0,0.0,0.0
0.047000000000000035,1.0,0.20630064747864624,0.20630064747864624,-1.7700520110213221e-15,0.0,0.0,0.0
0.048000000000000036,1.0,0.20630064747864624,0.20630064747864624,-1.7700520110213221e-15,0.0,0.0,0.0
0.04900000000000004,1.0,0.20630064747864624,0.20630064747864624,-1.7700520110213221e-15,0.0,0.0,0.0
0.05000000000000004,1.0,0.20630064747864624,0.20630064747864624,-1.7700520110213221e-15,0.0,0.0,0.0
0.05100000000000004,1.0,0.20630064747864624,0.20630064747864624,-1.7700520110213221e-15,0.0,0.0,0.0
0.05200000000000004,1.0,0.20630064747864624,0.20630064747864624,-1.7700520110213221e-15,0.0,0.0,0.0
0.05300000000000004,1.0,0.20630064747864624,0.20630064747864624,-1.7700520110213221e-15,0.0,0.0,0.0
0.05400000000000004,1.0,0.20630064747864624,0.20630064747864624,-1.7700520110213221e-15,0.0,0.0,0.0
0.05500000000000004,1.0,0.20630064747864624,0.20630064747864624,-1.7700520110213221e-15,0.0,0.0,0.0
0.05600000000000004,1.0,0.20630064747864624,0.20630064747864624,-1.7700520110213221e-15,0.0,0.0,0.0
0.057000000000000044,1.0,0.20630064747864624,0.20630064747864624,-1.7700520110213221e-15,0.0,0.0,0.0
0.058000000000000045,1.0,0.20630064747864624,0.20630064747864624,-1.7700520110213221e-15,0.0,0.0,0.0
0.059000000000000045,1.0,0.20630064747864624,0.20630064747864624,-1.7700520110213221e-15,0.0,0.0,0.0
0.060000000000000046,1.0,0.20630064747864624,0.20630064747864624,-1.7700520110213221e-15,0.0,0.0,0.0
0.06100000000000005,1.0,0.20630064747864624,0.20630064747864624,-1.7700520110213221e-15,0.0,0.0,0.0
0.06200000000000005,1.0,0.20630064747864624,0.20630064747864624,-1.7700520110213221e-15,0.0,0.0,0.0
0.06300000000000004,1.0,0.20630064747864624,0.20630064747864624,-1.7700520110213221e-15,0.0,0.0,0.0
0.06400000000000004,1.0,0.20630064747864624,0.20630064747864624,-1.7700520110213221e-15,0.0,0.0,0.0
0.06500000000000004,1.0,0.20630064747864624,0.20630064747864624,-1.7700520110213221e-15,0.0,0.0,0.0
0.06600000000000004,1.0,0.20630064747864624,0.20630064747864624,-1.7700520110213221e-15,0.0,0.0,0.0
0.06700000000000005,1.0,0.20630064747864624,0.20630064747864624,-1.7700520110213221e-15,0.0,0.0,0.0
0.06800000000000005,1.0,0.20630064747864624,0.20630064747864624,-1.7700520110213221e-15,0.0,0.0,0.0
0.06900000000000005,1.0,0.20630064747864624,0.20630064747864624,-1.7700520110213221e-15,0.0,0.0,0.0
0.07000000000000005,1.0,0.20630064747864624,0.20630064747864624,-1.7700520110213221e-15,0.0,0.0,0.0
0.07100000000000005,1.0,0.20630064747864624,0.20630064747864624,-1.7700520110213221e-15,0.0,0.0,0.0
0.07200000000000005,1.0,0.20630064747864624,0.20630064747864624,-1.7700520110213221e-15,0.0,0.0,0.0
0.07300000000000005,1.0,0.20630064747864624,0.20630064747864624,-1.7700520110213221e-15,0.0,0.0,0.0
0.07400000000000005,1.0,0.20630064747864624,0.20630064747864624,-1.7700520110213221e-15,0.0,0.0,0.0
0.07500000000000005,1.0,0.20630064747864624,0.20630064747864624,-1.7700520110213221e-15,0.0,0.0,0.0
0.07600000000000005,1.0,0.20630064747864624,0.20630064747864624,-1.7700520110213221e-15,0.0,0.0,0.0
0.07700000000000005,1.0,0.20630064747864624,0.20630064747864624,-1.7700520110213221e-15,0.0,0.0,0.0
0.07800000000000006,1.0,0.20630064747864624,0.20630064747864624,-1.7700520110213221e-15,0.0,0.0,0.0
0.07900000000000006,1.0,0.20630064747864624,0.20630064747864624,-1.7700520110213221e-15,0.0,0.0,0.0
0.08000000000000006,1.0,0.20630064747864624,0.20630064747864624,-1.7700520110213221e-15,0.0,0.0,0.0
0.08100000000000006,1.0,0.20630064747864624,0.20630064747864624,-1.7700520110213221e-15,0.0,0.0,0.0
0.08200000000000006,1.0,0.20630064747864624,0.20630064747864624,-1.7700520110213221e-15,0.0,0.0,0.0
0.08300000000000006,1.0,0.20630064747864624,0.20630064747864624,-1.7700520110213221e-15,0.0,0.0,0.0
0.08400000000000006,1.0,0.20630064747864624,0.20630064747864624,-1.7700520110213221e-15,0.0,0.0,0.0
0.08500000000000006,1.0,0.20630064747864624,0.20630064747864624,-1.7700520110213221e-15,0.0,0.0,0.0
0.08600000000000006,1.0,0.20630064747864624,0.20630064747864624,-1.7700520110213221e-15,0.0,0.0,0.0
0.08700000000000006,1.0,0.20630064747864624,0.20630064747864624,-1.7700520110213221e-15,0.0,0.0,0.0
0.08800000000000006,1.0,0.20630064747864624,0.20630064747864624,-1.7700520110213221e-15,0.0,0.0,0.0
0.08900000000000007,1.0,0.20630064747864624,0.20630064747864624,-1.7700520110213221e-15,0.0,0.0,0.0
0.09000000000000007,1.0,0.20630064747864624,0.20630064747864624,-1.7700520110213221e-15,0.0,0.0,0.0
0.09100000000000007,1.0,0.20630064747864624,0.20630064747864624,-1.7700520110213221e-15,0.0,0.0,0.0
0.09200000000000007,1.0,0.20630064747864624,0.20630064747864624,-1.7700520110213221e-15,0.0,0.0,0.0
0.09300000000000007,1.0,0.20630064747864624,0.20630064747864624,-1.7700520110213221e-15,0.0,0.0,0.0
0.09400000000000007,1.0,0.20630064747864624,0.20630064747864624,-1.7700520110213221e-15,0.0,0.0,0.0
0.09500000000000007,1.0,0.20630064747864624,0.20630064747864624,-1.7700520110213221e-15,0.0,0.0,0.0
0.09600000000000007,1.0,0.20630064747864624,0.20630064747864624,-1.7700520110213221e-15,0.0,0.0,0.0
0.09700000000000007,1.0,0.20630064747864624,0.20630064747864624,-1.7700520110213221e-15,0.0,0.0,0.0
0.09800000000000007,1.0,0.20630064747864624,0.20630064747864624,-1.7700520110213221e-15,0.0,0.0,0.0
0.09900000000000007,1.0,0.20630064747864624,0.20630064747864624,-1.7700520110213221e-15,0.0,0.0,0.0
0.10000000000000007,1.0,0.20630064747864624,0.20630064747864624,-1.7700520110213221e-15,0.0,0.0,0.0
0.10100000000000008,1.0,0.20630064747864624,0.20630064747864624,-1.7700520110213221e-15,0.0,0.0,0.0
0.10200000000000008,1.0,0.20630064747864624,0.20630064747864624,-1.7700520110213221e-15,0.0,0.0,0.0
0.10300000000000008,1.0,0.20630064747864624,0.20630064747864624,-1.7700520110213221e-15,0.0,0.0,0.0
0.10400000000000008,1.0,0.20630064747864624,0.20630064747864624,-1.7700520110213221e-15,0.0,0.0,0.0
0.10500000000000008,1.0,0.20630064747864624,0.20630064747864624,-1.7700520110213221e-15,0.0,0.0,0.0
0.10600000000000008,1.0,0.20630064747864624,0.20630064747864624,-1.7700520110213221e-15,0.0,0.0,0.0
0.10700000000000008,1.0,0.20630064747864624,0.20630064747864624,-1.7700520110213221e-15,0.0,0.0,0.0
0.10800000000000008,1.0,0.20630064747864624,0.20630064747864624,-1.7700520110213221e-15,0.0,0.0,0.0
0.10900000000000008,1.0,0.20630064747864624,0.20630064747864624,-1.7700520110213221e-15,0.0,0.0,0.0
0.11000000000000008,1.0,0.20630064747864624,0.20630064747864624,-1.7700520110213221e-15,0.0,0.0,0.0
0.11100000000000008,1.0,0.20630064747864624,0.20630064747864624,-1.7700520110213221e-15,0.0,0.0,0.0
0.11200000000000009,1.0,0.20630064747864624,0.20630064747864624,-1.7700520110213221e-15,0.0,0.0,0.0
0.11300000000000009,1.0,0.20630064747864624,0.20630064747864624,-1.7700520110213221e-15,0.0,0.0,0.0
0.11400000000000009,1.0,0.20630064747864624,0.20630064747864624,-1.7700520110213221e-15,0.0,0.0,0.0
0.11500000000000009,1.0,0.20630064747864624,0.20630064747864624,-1.7700520110213221e-15,0.0,0.0,0.0
0.11600000000000009,1.0,0.20630064747864624,0.20630064747864624,-1.7700520110213221e-15,0.0,0.0,0.0
0.11700000000000009,1.0,0.20630064747864624,0.20630064747864624,-1.7700520110213221e-15,0.0,0.0,0.0
0.11800000000000009,1.0,0.20630064747864624,0.20630064747864624,-1.7700520110213221e-15,0.0,0.0,0.0
0.11900000000000009,1.0,0.20630064747864624,0.20630064747864624,-1.7700520110213221e-15,0.0,0.0,0.0
0.12000000000000009,1.0,0.20630064747864624,0.20630064747864624,-1.7700520110213221e-15,0.0,0.0,0.0
0.1210000000000001,1.0,0.20630064747864624,0.20630064747864624,-1.7700520110213221e-15,0.0,0.0,0.0
0.1220000000000001,1.0,0.20630064747864624,0.20630064747864624,-1.7700520110213221e-15,0.0,0.0,0.0
0.1230000000000001,1.0,0.20630064747864624,0.20630064747864624,-1.7700520110213221e-15,0.0,0.0,0.0
0.1240000000000001,1.0,0.20630064747864624,0.20630064747864624,-1.7700520110213221e-15,0.0,0.0,0.0
0.12500000000000008,1.0,0.20630064747864624,0.20630064747864624,-1.7700520110213221e-15,0.0,0.0,0.0
0.12600000000000008,1.0,0.20630064747864624,0.20630064747864624,-1.7700520110213221e-15,0.0,0.0,0.0
0.12700000000000009,1.0,0.20630064747864624,0.20630064747864624,-1.7700520110213221e-15,0.0,0.0,0.0
0.12800000000000009,1.0,0.20630064747864624,0.20630064747864624,-1.7700520110213221e-15,0.0,0.0,0.0
0.1290000000000001,1.0,0.20630064747864624,0.20630064747864624,-1.7700520110213221e-15,0.0,0.0,0.0
0.1300000000000001,1.0,0.20630064747864624,0.20630064747864624,-1.7700520110213221e-15,0.0,0.0,0.0
0.1310000000000001,1.0,0.20630064747864624,0.20630064747864624,-1.7700520110213221e-15,0.0,0.0,0.0
0.1320000000000001,1.0,0.20630064747864624,0.20630064747864624,-1.7700520110213221e-15,0.0,0.0,0.0
0.1330000000000001,1.0,0.20630064747864624,0.20630064747864624,-1.7700520110213221e-15,0.0,0.0,0.0
0.1340000000000001,1.0,0.20630064747864624,0.20630064747864624,-1.7700520110213221e-15,0.0,0.0,0.0
0.1350000000000001,1.0,0.20630064747864624,0.20630064747864624,-1.7700520110213221e-15,0.0,0.0,0.0
0.1360000000000001,1.0,0.20630064747864624,0.20630064747864624,-1.7700520110213221e-15,0.0,0.0,0.0
0.1370000000000001,1.0,0.20630064747864624,0.20630064747864624,-1.7700520110213221e-15,0.0,0.0,0.0
0.1380000000000001,1.0,0.20630064747864624,0.20630064747864624,-1.7700520110213221e-15,0.0,0.0,0.0
0.1390000000000001,1.0,0.20630064747864624,0.20630064747864624,-1.7700520110213221e-15,0.0,0.0,0.0
0.1400000000000001,1.0,0.20630064747864624,0.20630064747864624,-1.7700520110213221e-15,0.0,0.0,0.0
0.1410000000000001,1.0,0.20630064747864624,0.20630064747864624,-1.7700520110213221e-15,0.0,0.0,0.0
0.1420000000000001,1.0,0.20630064747864624,0.20630064747864624,-1.7700520110213221e-15,0.0,0.0,0.0
0.1430000000000001,1.0,0.20630064747864624,0.20630064747864624,-1.7700520110213221e-15,0.0,0.0,0.0
0.1440000000000001,1.0,0.20630064747864624,0.20630064747864624,-1.7700520110213221e-15,0.0,0.0,0.0
0.1450000000000001,1.0,0.20630064747864624,0.20630064747864624,-1.7700520110213221e-15,0.0,0.0,0.0
0.1460000000000001,1.0,0.20630064747864624,0.20630064747864624,-1.7700520110213221e-15,0.0,0.0,0.0
0.1470000000000001,1.0,0.20630064747864624,0.20630064747864624,-1.7700520110213221e-15,0.0,0.0,0.0
0.1480000000000001,1.0,0.20630064747864624,0.20630064747864624,-1.7700520110213221e-15,0.0,0.0,0.0
0.1490000000000001,1.0,0.20630064747864624,0.20630064747864624,-1.7700520110213221e-15,0.0,0.0,0.0
0.1500000000000001,1.0,0.20630064747864624,0.20630064747864624,-1.7700520110213221e-15,0.0,0.0,0.0
0.1510000000000001,1.0,0.20630064747864624,0.20630064747864624,-1.7700520110213221e-15,0.0,0.0,0.0
0.1520000000000001,1.0,0.20630064747864624,0.20630064747864624,-1.7700520110213221e-15,0.0,0.0,0.0
0.1530000000000001,1.0,0.20630064747864624,0.20630064747864624,-1.7700520110213221e-15,0.0,0.0,0.0
0.1540000000000001,1.0,0.20630064747864624,0.20630064747864624,-1.7700520110213221e-15,0.0,0.0,0.0
0.1550000000000001,1.0,0.20630064747864624,0.20630064747864624,-1.7700520110213221e-15,0.0,0.0,0.0
0.1560000000000001,1.0,0.20630064747864624,0.20630064747864624,-1.7700520110213221e-15,0.0,0.0,0.0
0.1570000000000001,1.0,0.20630064747864624,0.20630064747864624,-1.7700520110213221e-15,0.0,0.0,0.0
0.1580000000000001,1.0,0.20630064747864624,0.20630064747864624,-1.7700520110213221e-15,0.0,0.0,0.0
0.1590000000000001,1.0,0.20630064747864624,0.20630064747864624,-1.7700520110213221e-15,0.0,0.0,0.0
0.16000000000000011,1.0,0.20630064747864624,0.20630064747864624,-1.7700520110213221e-15,0.0,0.0,0.0
0.16100000000000012,1.0,0.20630064747864624,0.20630064747864624,-1.7700520110213221e-15,0.0,0.0,0.0
0.16200000000000012,1.0,0.20630064747864624,0.20630064747864624,-1.7700520110213221e-15,0.0,0.0,0.0
0.16300000000000012,1.0,0.20630064747864624,0.20630064747864624,-1.7700520110213221e-15,0.0,0.0,0.0
0.16400000000000012,1.0,0.20630064747864624,0.20630064747864624,-1.7700520110213221e-15,0.0,0.0,0.0
0.16500000000000012,1.0,0.20630064747864624,0.20630064747864624,-1.7700520110213221e-15,0.0,0.0,0.0
0.16600000000000012,1.0,0.20630064747864624,0.20630064747864624,-1.7700520110213221e-15,0.0,0.0,0.0
0.16700000000000012,1.0,0.20630064747864624,0.20630064747864624,-1.7700520110213221e-15,0.0,0.0,0.0
0.16800000000000012,1.0,0.20630064747864624,0.20630064747864624,-1.7700520110213221e-15,0.0,0.0,0.0
0.16900000000000012,1.0,0.20630064747864624,0.20630064747864624,-1.7700520110213221e-15,0.0,0.0,0.0
0.17000000000000012,1.0,0.20630064747864624,0.20630064747864624,-1.7700520110213221e-15,0.0,0.0,0.0
0.17100000000000012,1.0,0.20630064747864624,0.20630064747864624,-1.7700520110213221e-15,0.0,0.0,0.0
0.17200000000000013,1.0,0.20630064747864624,0.20630064747864624,-1.7700520110213221e-15,0.0,0.0,0.0
0.17300000000000013,1.0,0.20630064747864624,0.20630064747864624,-1.7700520110213221e-15,0.0,0.0,0.0
0.17400000000000013,1.0,0.20630064747864624,0.20630064747864624,-1.7700520110213221e-15,0.0,0.0,0.0
0.17500000000000013,1.0,0.20630064747864624,0.20630064747864624,-1.7700520110213221e-15,0.0,0.0,0.0
0.17600000000000013,1.0,0.20630064747864624,0.20630064747864624,-1.7700520110213221e-15,0.0,0.0,0.0
0.17700000000000013,1.0,0.20630064747864624,0.20630064747864624,-1.7700520110213221e-15,0.0,0.0,0.0
0.17800000000000013,1.0,0.20630064747864624,0.20630064747864624,-1.7700520110213221e-15,0.0,0.0,0.0
0.17900000000000013,1.0,0.20630064747864624,0.20630064747864624,-1.7700520110213221e-15,0.0,0.0,0.0
0.18000000000000013,1.0,0.20630064747864624,0.20630064747864624,-1.7700520110213221e-15,0.0,0.0,0.0
0.18100000000000013,1.0,0.20630064747864624,0.20630064747864624,-1.7700520110213221e-15,0.0,0.0,0.0
0.18200000000000013,1.0,0.20630064747864624,0.20630064747864624,-1.7700520110213221e-15,0.0,0.0,0.0
0.18300000000000013,1.0,0.20630064747864624,0.20630064747864624,-1.7700520110213221e-15,0.0,0.0,0.0
0.18400000000000014,1.0,0.20630064747864624,0.20630064747864624,-1.7700520110213221e-15,0.0,0.0,0.0
0.18500000000000014,1.0,0.20630064747864624,0.20630064747864624,-1.7700520110213221e-15,0.0,0.0,0.0
0.18600000000000014,1.0,0.20630064747864624,0.20630064747864624,-1.7700520110213221e-15,0.0,0.0,0.0
0.18700000000000014,1.0,0.20630064747864624,0.20630064747864624,-1.7700520110213221e-15,0.0,0.0,0.0
0.18800000000000014,1.0,0.20630064747864624,0.20630064747864624,-1.7700520110213221e-15,0.0,0.0,0.0
0.18900000000000014,1.0,0.20630064747864624,0.20630064747864624,-1.7700520110213221e-15,0.0,0.0,0.0
0.19000000000000014,1.0,0.20630064747864624,0.20630064747864624,-1.7700520110213221e-15,0.0,0.0,0.0
0.19100000000000014,1.0,0.20630064747864624,0.20630064747864624,-1.7700520110213221e-15,0.0,0.0,0.0
0.19200000000000014,1.0,0.20630064747864624,0.20630064747864624,-1.7700520110213221e-15,0.0,0.0,0.0
0.19300000000000014,1.0,0.20630064747864624,0.20630064747864624,-1.7700520110213221e-15,0.0,0.0,0.0
0.19400000000000014,1.0,0.20630064747864624,0.20630064747864624,-1.7700520110213221e-15,0.0,0.0,0.0
0.19500000000000015,1.0,0.20630064747864624,0.20630064747864624,-1.7700520110213221e-15,0.0,0.0,0.0
0.19600000000000015,1.0,0.20630064747864624,0.20630064747864624,-1.7700520110213221e-15,0.0,0.0,0.0
0.19700000000000015,1.0,0.20630064747864624,0.20630064747864624,-1.7700520110213221e-15,0.0,0.0,0.0
0.19800000000000015,1.0,0.20630064747864624,0.20630064747864624,-1.7700520110213221e-15,0.0,0.0,0.0
0.19900000000000015,1.0,0.20630064747864624,0.20630064747864624,-1.7700520110213221e-15,0.0,0.0,0.0
0.20000000000000015,1.0,0.20630064747864624,0.20630064747864624,-1.7700520110213221e-15,0.0,0.0,0.0
0.20100000000000015,2.0,-24.0,-0.1395036474853344,-0.05562401356646299,0.0,0.0,0.0
0.20200000000000015,2.0,-24.0,-0.48036788109268674,-0.11047719178668505,0.0,0.0,0.0
0.20300000000000015,2.0,-24.0,-0.8163626256485055,-0.16456803586506752,0.0,0.0,0.0
0.20400000000000015,2.0,-24.0,-1.1475574452820982,-0.21790509923941692,0.0,0.0,0.0
0.20500000000000015,2.0,-24.0,-1.4740209103494968,-0.2704969762012801,0.0,0.0,0.0
0.20600000000000016,2.0,-24.0,-1.7958206116302182,-0.32235229129705467,1.3621092394194374e-06,0.0013621092394194374,0.013621092394194373
0.20700000000000016,2.0,-24.0,-2.113023174321215,-0.3734796894635819,4.698128854548421e-06,0.0033360196151289837,0.019739103757095467
0.20800000000000016,2.0,-24.0,-2.4256942718309116,-0.42388782685481596,1.0610902641061193e-05,0.005912773786512773,0.02576754171383789
0.20900000000000016,2.0,-24.0,-2.7338986393761844,-0.4735853623184161,1.9694425410048037e-05,0.009083522768986847,0.03170748982474074
0.21000000000000016,2.0,-24.0,-3.037700087385096,-0.5225809494835432,3.253395125590324e-05,0.0128395258458552,0.03756003076868353
0.21100000000000016,2.0,-24.0,-3.337161514708166,-0.5708832294233355,4.9706101646174904e-05,0.017172150390271666,0.04332624544416468
0.21200000000000016,2.0,-24.0,-3.6323449216409065,-0.6185008238575667,7.1778973250092e-05,0.022072871603917094,0.04900721213645429
0.21300000000000016,2.0,-24.0,-3.923311422760322,-0.6654423288630238,9.931224542869865e-05,0.027533272178606644,0.054604005746895536
0.21400000000000016,2.0,-24.0,-4.210121259578031,-0.7117163090609073,0.00013285728731536747,0.033545041886668826,0.060117697080621764
0.21500000000000016,2.0,-24.0,-4.492833813012631,-0.7573312922523889,0.00017295726442095391,0.04009997710558644,0.06554935218917612
0.21600000000000016,2.0,-24.0,-4.771507615683879,-0.8022957644750677,0.00022014724470301178,0.04718998028205788,0.07090003176471447
0.21700000000000016,2.0,-24.0,-5.046200364031252,-0.8466181654545526,0.0002749543040433348,0.05480705934032305,0.07617079058265162
0.21800000000000017,2.0,-24.0,-5.316968930259377,-0.8903068844270909,0.0003378976310826393,0.06294332703930451,0.08136267698981452
0.21900000000000017,2.0,-24.0,-5.5838693741128145,-0.9333702563102466,0.0004094886313654735,0.07159100028283426,0.08647673243529753
0.22000000000000017,2.0,-24.0,-5.846956954482631,-0.9758165582002001,0.0004902310307524483,0.0807423993869747,0.09151399104140427
0.22100000000000017,2.0,-24.0,-6.106286140847165,-1.0176540061753334,0.0005806209780606422,0.09038994730819391,0.09647547921219218
0.22200000000000017,2.0,-24.0,-6.361910624549348,-1.0588907523869993,0.0006811471468965648,0.10052616883592254,0.10136221527728624
0.22300000000000017,2.0,-24.0,-6.6138833299129285,-1.0995348824194466,0.0007922908366493629,0.11114368975279831,0.10617520916875774
0.22400000000000017,2.0,-24.0,-6.862256425199886,-1.1395944129019306,0.0009145260726150605,0.1222352359656975,0.11091546212899205
0.22500000000000017,2.0,-24.0,-7.107081333411316,-1.179077289356945,0.001048319705225516,0.13379363261045554,0.11558396644758032
0.22600000000000017,2.0,-24.0,-7.348408742934012,-1.2179913842696548,0.0011941315083585124,0.1458118031329963,0.12018170522540768
0.22700000000000017,2.0,-24.0,-7.5862886180349545,-1.256344495364155,0.0013524142767079265,0.15828276834941404,0.12470965216417748
0.22800000000000017,2.0,-24.0,-7.820770209205883,-1.294144344073358,0.0015236139221953158,0.1711996454873895,0.1291687713797545
0.22900000000000018,2.0,-24.0,-8.051902063360085,-1.3313985741897687,0.001708169569406482,0.184555647211166,0.13356001723776478
0.23000000000000018,2.0,-24.0,-8.279732033883512,-1.3681147506854296,0.0019065136500386495,0.19834408063216752,0.1378843342100155
0.23100000000000018,2.0,-24.0,-8.50430729054232,-1.4043003586897873,0.0021190719963458528,0.21255834630720288,0.1421426567503537
0.23200000000000018,2.0,-24.0,-8.725674329248857,-1.4399628026150175,0.0023462639335719237,0.22719193722607103,0.1463359091886814
0.23300000000000018,2.0,-24.0,-8.94387898168816,-1.4751094054189489,0.002588502371362186,0.2422384377902624,0.15046500564191367
0.23400000000000018,2.0,-24.0,-9.1589664248069,-1.5097474079962128,0.0028461938941465215,0.25769152278433555,0.1545308499407315
0.23500000000000018,2.0,-24.0,-9.370981190166802,-1.5438839686889558,0.0031197388504879634,0.27354495634144177,0.15853433557106197
0.23600000000000018,2.0,-24.0,-9.57996717316442,-1.5775261629088324,0.003409531441392332,0.2897925909043687,0.16247634562926938
0.23700000000000018,2.0,-24.0,-9.785967642119214,-1.6106809828625566,0.003715959807575711,0.30642836618337943,0.1663577527901073
0.23800000000000018,2.0,-24.0,-9.989025247231798,-1.6433553373737313,0.004039406115687744,0.323446308112033,0.17017941928653568
0.23900000000000018,2.0,-24.0,-10.1891820294142,-1.675556051794116,0.004380246643489833,0.3408405278020892,0.17394219690056154
0.24000000000000019,2.0,-24.0,-10.386479428993997,-1.7072898679979072,0.004738851863988354,0.3586052204985204,0.17764692696431217
0.2410000000000002,2.0,-24.0,-10.580958294294083,-1.7385634444529576,0.005115586528523933,0.37673466453557974,0.18129444037059358
0.2420000000000002,2.0,-24.0,-10.772658890089883,-1.7693833563633308,0.005510809748818738,0.39522322029480406,0.18488555759224276
0.2430000000000002,2.0,-24.0,-10.961620905945741,-1.7997560958777563,0.005924875077984502,0.4140653291657646,0.18842108870960567
0.2440000000000002,2.0,-24.0,-11.147883464432232,-1.8296880723590427,0.00635813059049482,0.43325551251031763,0.19190183344553044
0.2450000000000002,2.0,-24.0,-11.331485129226056,-1.85918561270976,0.006810918961125867,0.45278837063104754,0.19532858120729885
0.2460000000000002,2.0,-24.0,-11.512463913094255,-1.8882549617497042,0.007283577542870408,0.47265858174454173,0.19870211113494207
0.2470000000000002,2.0,-24.0,-11.690857285764336,-1.916902282641074,0.007776438443830493,0.4928609009600856,0.20202319215543932
0.2480000000000002,2.0,-24.0,-11.866702181681989,-1.9451336573574314,0.008289828603094811,0.5133901592643171,0.20529258304231393
0.2490000000000002,2.0,-24.0,-12.040035007657961,-1.9729550871928225,0.008824069865607145,0.5342412625123351,0.20851103248018082
0.25000000000000017,2.0,-24.0,-12.210891650405705,-2.0003724933076095,0.009379479056032864,0.555409190425717,0.2116792791338184
0.25100000000000017,2.0,-24.0,-12.379307483971337,-2.027391717307861,0.009956368051630717,0.5768889955978547,0.21479805172137678
0.25200000000000017,2.0,-24.0,-12.54531737705746,-2.0540185218552525,0.010555043854137705,0.5986758025069892,0.2178680690913448
0.25300000000000017,2.0,-24.0,-12.708955700242353,-2.0802585913046734,0.01117580866067499,0.6207648065372823,0.22089004030293072
0.25400000000000017,2.0,-24.0,-12.870256333096034,-2.1061175323669374,0.011818959933683225,0.6431512730082357,0.22386466470953442
0.25500000000000017,2.0,-24.0,-13.029252671194662,-2.131600874794085,0.012484790469895962,0.6658305362127357,0.22679263204499983
0.25600000000000017,2.0,-24.0,-13.185977633034739,-2.156714072085018,0.013173588468359934,0.6887979984639727,0.22967462251237097
0.2570000000000002,2.0,-24.0,-13.340463666848528,-2.181462502209264,0.013885637597511394,0.7120491291514602,0.23251130687487576
0.2580000000000002,2.0,-24.0,-13.492742757322121,-2.2058514683469,0.014621217061317745,0.73557946380635,0.2353033465488973
0.2590000000000002,2.0,-24.0,-13.64284643221752,-2.22988619964271,0.015380601664493964,0.7593846031762194,0.23805139369869266
0.2600000000000002,2.0,-24.0,-13.790805768900126,-2.2535718519728363,0.01616406187680345,0.7834602123094838,0.24075609133264383
0.2610000000000002,2.0,-24.0,-13.936651400772982,-2.2769135087223074,0.016971863896453016,0.8078020196495679,0.24341807340084223
0.2620000000000002,2.0,-24.0,-14.080413523619082,-2.299916181571823,0.017804269712591966,0.8324058161389484,0.2460379648938051
0.2630000000000002,2.0,-24.0,-14.222121901853095,-2.322584811292481,0.018661537166925132,0.8572674543331646,0.24861638194216162
0.2640000000000002,2.0,-24.0,-14.361805874683766,-2.3449242685470404,0.01954392001445001,0.8823828475248781,0.2511539319171343
0.2650000000000002,2.0,-24.0,-14.499494362188283,-2.36693935469651,0.020451667983328054,0.9077479688780447,0.25365121353166703
0.2660000000000002,2.0,-24.0,-14.635215871299879,-2.388634802610836,0.021385026833900304,0.9333588505722493,0.2561088169420462
0.2670000000000002,2.0,-24.0,-14.76899850170988,-2.4100152774827857,0.02234423841685754,0.9592115829572398,0.2585273238499042
0.2680000000000002,2.0,-24.0,-14.900869951685454,-2.431085377643819,0.023329540730575228,0.9853023137176855,0.26090730760445624
0.2690000000000002,2.0,-24.0,-15.030857523804233,-2.4518496353811683,0.024341167977623403,1.0116272470481729,0.2632493333048726
0.2700000000000002,2.0,-24.0,-15.15898813060703,-2.4723125177552356,0.02537935062046184,1.0381826428384404,0.2655539579026764
0.2710000000000002,2.0,-24.0,-15.285288300169787,-2.492478427416467,0.026444315436330686,1.0649648158688467,0.26782173030406375
0.2720000000000002,2.0,-24.0,-15.409784181595933,-2.512351703421018,0.027536285571346738,1.0919701350160527,0.27005319147206036
0.2730000000000002,2.0,-24.0,-15.532501550430277,-2.531936622044487,0.028655480593815633,1.1191950224688951,0.27224887452842517
0.2740000000000002,2.0,-24.0,-15.65346581399556,-2.551237397593159,0.02980211654677005,1.1466359529544186,0.27440930485523213
0.2750000000000002,2.0,-24.0,-15.772702016652765,-2.570258183212066,0.030976405999744074,1.1742894529740229,0.2765350001960446
0.2760000000000002,2.0,-24.0,-15.890234844986297,-2.589003071689463,0.03217855809979376,1.2021521000496862,0.27862647075663133
0.2770000000000002,2.0,-24.0,-16.006088632915066,-2.607476096257086,0.03340877862177396,1.230220521980201,0.2806842193051474
0.2780000000000002,2.0,-24.0,-16.120287366730565,-2.6256812313858866,0.034667270017881335,1.258491396107375,0.28270874127174095
0.2790000000000002,2.0,-24.0,-16.232854690062986,-2.643622393576729,0.03595423146647346,1.2869614485921272,0.28470052484752223
0.2800000000000002,2.0,-24.0,-16.343813908776372,-2.661303442145667,0.03726985892017388,1.315627453700412,0.28666005108284814
0.2810000000000002,2.0,-24.0,-16.453187995793854,-2.6787281800035654,0.03861434515327278,1.3444862330989011,0.2885877939848924
0.2820000000000002,2.0,-24.0,-16.560999595853943,-2.6959003544296234,0.03998787980843312,1.3735346551603458,0.2904842206144476
0.2830000000000002,2.0,-24.0,-16.667271030198886,-2.7128236578385856,0.041390649442711654,1.4027696342785387,0.2923497911819305
0.2840000000000002,2.0,-24.0,-16.772024301196044,-2.729501728541372,0.04282283757290445,1.4321881301927948,0.2941849591425605
0.2850000000000002,2.0,-24.0,-16.875281096893243,-2.745938151498909,0.04428462472022632,1.4617871473218629,0.2959901712906811
0.2860000000000002,2.0,-24.0,-16.977062795509053,-2.7621364590688966,0.045776188454333504,1.4915637341071823,0.2977658678531939
0.2870000000000002,2.0,-24.0,-17.077390469858923,-2.778100131745422,0.047297703436698896,1.5215149823653915,0.29951248258209273
0.2880000000000002,2.0,-24.0,-17.17628489171808,-2.7938325988911554,0.04884934146334889,1.551638026649998,0.30123044284606537
0.2890000000000002,2.0,-24.0,-17.273766536122107,-2.809337239462061,0.05043127150697101,1.5819300436221138,0.302920169721156
0.2900000000000002,2.0,-24.0,-17.369855585606075,-2.824617382724444,0.05204365975840117,1.61238825143016,0.304582078080464
0.2910000000000002,2.0,-24.0,-17.46457193438313,-2.83967630896424,0.05368666966749961,1.643009909098447,0.3062165766828692
0.2920000000000002,2.0,-24.0,-17.557935192463372,-2.854517250188503,0.05536046198342414,1.6737923159245247,0.30782406826077796
0.2930000000000002,2.0,-24.0,-17.649964689713894,-2.869143390818892,0.057065194794309354,1.7047328108852111,0.3094049496068643
0.2940000000000002,2.0,-24.0,-17.740679479860837,-2.883557868377224,0.05880102356636054,1.735828772051193,0.31095961165981667
0.2950000000000002,2.0,-24.0,-17.830098344434255,-2.8977637741629554,0.060568101182370646,1.7670776160100998,0.31248843958907074
0.2960000000000002,2.0,-24.0,-17.91823979665662,-2.9117641539225776,0.0623665779796686,1.7984767972979525,0.3139918128785289
0.2970000000000002,2.0,-24.0,-18.00512208527581,-2.9255620085109157,0.06419660178750748,1.8300238078388789,0.31547010540926346
0.2980000000000002,2.0,-24.0,-18.0907631983433,-2.9391602945442346,0.06605831796390048,1.8617161763929981,0.31692368554119293
0.2990000000000002,2.0,-24.0,-18.175180866938394,-2.9525619250452744,0.06795186943191285,1.8935514680123728,0.31835291619374584
0.3000000000000002,2.0,-24.0,-18.258392568839273,-2.965769770080067,0.06987739671541776,1.9255272835049224,0.31975815492549425
0.3010000000000002,2.0,-24.0,-18.34041553214157,-2.978786657386647,0.07183503797432396,1.9576412589061996,0.3211397540127708
0.3020000000000002,2.0,-24.0,-18.421266738825263,-2.9916153729956223,0.0738249290392829,1.9898910649589259,0.3224980605272657
0.3030000000000002,2.0,-24.0,-18.500962928270617,-3.0042586618426386,0.07584720344588307,2.0222744066001868,0.323833416412607
0.3040000000000002,2.0,-24.0,-18.579520600723892,-3.0167192283727378,0.07790199246833925,2.054789022456179,0.3251461585599251
0.3050000000000002,2.0,-24.0,-18.65695602071355,-3.0289997371367186,0.07998942515268367,2.0874326843444204,0.3264366188824151
0.3060000000000002,2.0,-24.0,-18.733285220417642,-3.0411028133794265,0.08210962834946697,2.1202031967833093,0.32770512438888705
0.3070000000000002,2.0,-24.0,-18.808524002983106,-3.053031043620142,0.08426272674597592,2.1530983965089416,0.32895199725632635
0.3080000000000002,2.0,-24.0,-18.88268794579763,-3.0647869762249567,0.086448842897975,2.186116151999087,0.3301775549014501
0.3090000000000002,2.0,-24.0,-18.955792403714806,-3.0763731219713977,0.08866809726097921,2.219254363004216,0.3313821100512921
0.3100000000000002,2.0,-24.0,-19.027852512233167,-3.0877919546051498,0.09092060822106471,2.2525109600854956,0.3325659708127973
0.3110000000000002,2.0,-24.0,-19.098883190629838,-3.0990459113890605,0.09320649212522436,2.285883904159641,0.33372944074145017
0.3120000000000002,2.0,-24.0,-19.168899145049412,-3.1101373936444627,0.0955258633112749,2.319371186050535,0.3348728189089393
0.3130000000000002,2.0,-24.0,-19.237914871548707,-3.1210687672848625,0.09787883413732242,2.352970826047522,0.33599639996986663
0.3140000000000002,2.0,-24.0,-19.30594465909801,-3.1318423633420656,0.10026551501079269,2.3866808734702727,0.33710047422750894
0.3150000000000002,2.0,-24.0,-19.373002592539468,-3.1424604784848382,0.10268601441703282,2.420499406240137,0.3381853276986439
0.3160000000000002,2.0,-24.0,-19.43910255550319,-3.1529253755301303,0.10514043894749069,2.454424530457881,0.33925124217744435
0.3170000000000002,2.0,-24.0,-19.504258233281718,-3.1632392839469823,0.10762889332747842,2.488454379987727,0.34029849529845696
0.3180000000000002,2.0,-24.0,-19.56848311566341,-3.1734044003531627,0.11015148044352602,2.522587116047594,0.3413273605986688
0.31900000000000023,2.0,-24.0,-19.63179049972536,-3.183422889004599,0.11270830137033148,2.556820926805461,0.3423381075786729
0.32000000000000023,2.0,-24.0,-19.694193492586425,-3.193296882277731,0.11529945539731325,2.591154026981756,0.3433310017629457
0.32100000000000023,2.0,-24.0,-19.755705014120906,-3.203028481144834,0.1179250400547709,2.62558465745768,0.3443063047592455
0.32200000000000023,2.0,-24.0,-19.816337799633466,-3.212619755642347,0.1205851511396603,2.6601110848893934,0.34526427431713386
0.32300000000000023,2.0,-24.0,-19.876104402495844,-3.222072745332426,0.12327988274098826,2.6947316013279585,0.3462051643856483
0.32400000000000023,2.0,-24.0,-19.935017196745903,-3.2313894597576027,0.12600932726483322,2.7294445238449696,0.3471292251701129
0.32500000000000023,2.0,-24.0,-19.99308837964953,-3.2405718788888347,0.128773575458997,2.7642481941637818,0.34803670318811947
0.32600000000000023,2.0,-24.0,-20.050329974225967,-3.2496219535668853,0.13157271643729326,2.7991409782962493,0.34892784132467486
0.32700000000000023,2.0,-24.0,-20.106753831737024,-3.258541605937171,0.13440683770347817,2.8341212661849022,0.3498028788865296
0.32800000000000024,2.0,-24.0,-20.16237163414078,-3.267332729878185,0.13727602517482862,2.869187471350472,0.3506620516557019
0.32900000000000024,2.0,-24.0,-20.217194896510197,-3.275997191423488,0.14018036320537333,2.904338030544692,0.3515055919421973
0.33000000000000024,2.0,-24.0,-20.271234969417193,-3.284536829177508,0.1431199346087816,2.939571403408287,0.3523337286359512
0.33100000000000024,2.0,-24.0,-20.32450304128266,-3.2929534547250094,0.1460948206809157,2.9748860721340855,0.3531466872579809
0.33200000000000024,2.0,-24.0,-20.37701014069291,-3.301248853034579,0.14910510122205087,3.010280541135164,0.3539446900107867
0.33300000000000024,2.0,-24.0,-20.42876713868301,-3.309424782855949,0.15215085455876884,3.0457533367179623,0.35472795582798233
0.33400000000000024,2.0,-24.0,-20.479784750987537,-3.3174829771114407,0.1552321575655291,3.081303006760281,0.3554967004231897
0.33500000000000024,2.0,-24.0,-20.530073540259146,-3.3254251432814934,0.1583490856859232,3.1169281203941,0.35625113633819167
0.33600000000000024,2.0,-24.0,-20.579643918255442,-3.3332529637844255,0.16150171295361634,3.152627267693137,0.35699147299036416
0.33700000000000024,2.0,-24.0,-20.62850614799465,-3.34096809635046,0.16469011201298145,3.1883990593650755,0.3577179167193898
0.33800000000000024,2.0,-24.0,-20.67667034588044,-3.3485721743901307,0.16791435413942984,3.2242421264484027,0.3584306708332677
0.33900000000000025,2.0,-24.0,-20.72414648379643,-3.356066807357112,0.1711745092594436,3.260155120013765,0.3591299356536261
0.34000000000000025,2.0,-24.0,-20.77094439117077,-3.3634535811056185,0.1744706459703134,3.2961367108698,0.35981590856035434
0.34100000000000025,2.0,-24.0,-20.817073757011187,-3.370734058242351,0.17780283155958676,3.332185589273355,0.3604887840355528
0.34200000000000025,2.0,-24.0,-20.862544131911026,-3.3779097784731693,0.1811711320242308,3.3683004646440375,0.36114875370682287
0.34300000000000025,2.0,-24.0,-20.90736493002658,-3.3849822589445164,0.18457561208951384,3.4044800652830274,0.3617960063898991
0.34400000000000025,2.0,-24.0,-20.9515454310262,-3.3919529945796345,0.1880163352276099,3.4407231380960903,0.3624307281306314
0.34500000000000025,2.0,-24.0,-20.99509478201154,-3.3988234584097636,0.19149336367593064,3.4770284483207243,0.3630531022463366
0.34600000000000025,2.0,-24.0,-21.038021999411377,-3.4055951019002597,0.19500675845518803,3.5133947792573763,0.36366330936651725
0.34700000000000025,2.0,-24.0,-21.080335970848356,-3.412269355271806,0.19855657938719268,3.549820932004673,0.3642615274729637
0.34800000000000025,2.0,-24.0,-21.122045456979095,-3.4188476278167563,0.20214288511239126,3.586305725198598,0.3648479319392488
0.34900000000000025,2.0,-24.0,-21.163159093307964,-3.4253313082106613,0.20576573310714685,3.62284799475556,0.3654226955696188
0.35000000000000026,2.0,-24.0,-21.203685391974993,-3.4317217648190956,0.20942517970076613,3.6594465936192893,0.3659859886372968
0.35100000000000026,2.0,-24.0,-21.24363274351821,-3.438020345999819,0.21312128009227765,3.6961003915115094,0.36653797892220213
0.35200000000000026,2.0,-24.0,-21.283009418610806,-3.4442283804003484,0.21685408836696396,3.732808274686319,0.3670788317480954
0.35300000000000026,2.0,-24.0,-21.32182356977351,-3.4503471772510403,0.22062365751265223,3.769569145688235,0.36760871001916257
0.35400000000000026,2.0,-24.0,-21.36008323306246,-3.4563780266536837,0.22443003943576606,3.8063819231138387,0.3681277742560362
0.35500000000000026,2.0,-24.0,-21.397796329732998,-3.462322199865768,0.22827328497714303,3.843245541376966,0.3686361826312766
0.35600000000000026,2.0,-24.0,-21.434970667879668,-3.468180949580379,0.2321534439276204,3.880158950477397,0.3691340910043056
0.35700000000000026,2.0,-24.0,-21.471613944052816,-3.473955510201912,0.2360705650433934,3.9171211157729786,0.3696216529558168
0.35800000000000026,2.0,-24.0,-21.50773374485206,-3.4796470981175416,0.24002469606114854,3.9541310177551443,0.3700990198216558
0.35900000000000026,2.0,-24.0,-21.543337548497032,-3.48525691196462,0.2440158837129763,3.9911876518277634,0.3705663407261903
0.36000000000000026,2.0,-24.0,-21.578432726375645,-3.490786132893975,0.24804417374106558,4.02829002808928,0.3710237626151682
0.36100000000000027,2.0,-24.0,-21.61302654457028,-3.496235924829275,0.25210961091218365,4.065437171118089,0.3714714302880825
0.36200000000000027,2.0,-24.0,-21.64712616536213,-3.5016074347223842,0.25621223903194473,4.102628119761093,0.37190948643003646
0.36300000000000027,2.0,-24.0,-21.6807386487141,-3.506901792804915,0.2603521009588701,4.1398619269254056,0.3723380716431313
0.36400000000000027,2.0,-24.0,-21.71387095373247,-3.5121201128359365,0.2645292386182433,4.177137659373143,0.3727573244773746
0.36500000000000027,2.0,-24.0,-21.74652994010772,-3.5172634923459167,0.26874369301576256,4.214454397519255,0.37316738146111683
0.36600000000000027,2.0,-24.0,-21.77872236953475,-3.5223330128770005,0.2729955042509949,4.251811235232358,0.3735683771310302
0.36700000000000027,2.0,-24.0,-21.810454907112828,-3.527329740219611,0.27728471153063344,4.289207279638521,0.3739604440616277
0.36800000000000027,2.0,-24.0,-21.8417341227255,-3.5322547246455116,0.2816113531815614,4.3266416509279555,0.3743437128943389
0.36900000000000027,2.0,-24.0,-21.87256649240085,-3.5371090011372894,0.285975466663726,4.364113482164568,0.37471831236613934
0.3700000000000003,2.0,-24.0,-21.902958399652267,-3.5418935896144266,0.2903770885828243,4.401621919098344,0.3750843693377527
0.3710000000000003,2.0,-24.0,-21.932916136800092,-3.546609495155881,0.2948162547028048,4.439166119980486,0.3754420088214164
0.3720000000000003,2.0,-24.0,-21.962445906274375,-3.5512577082193513,0.29929299995818615,4.476745255381309,0.37579135400823316
0.3730000000000003,2.0,-24.0,-21.99155382189903,-3.5558392048572314,0.30380735846619694,4.51435850801082,0.3761325262951087
0.3740000000000003,2.0,-24.0,-22.020245910157612,-3.560354946929242,0.3083593635387389,4.552005072541947,0.3764656453112733
0.3750000000000003,2.0,-24.0,-22.048528111441076,-3.5648058823119246,0.3129490476941753,4.589684155436389,0.37679082894441185
0.3760000000000003,2.0,-24.0,-22.07640628127763,-3.5691929451049127,0.31757644266894836,4.627394974773028,0.37710819336639134
0.3770000000000003,2.0,-24.0,-22.103886191545094,-3.573517055834137,0.3222415794290272,4.665136760078888,0.3774178530586038
0.3780000000000003,2.0,-24.0,-22.130973531665877,-3.577779121651914,0.3269444881811898,4.70290875216258,0.3777199208369213
0.3790000000000003,2.0,-24.0,-22.157673909784936,-3.5819800365340697,0.33168519838414,4.740710202950208,0.37801450787627916
0.3800000000000003,2.0,-24.0,-22.183992853930867,-3.5861206814740356,0.3364637387594637,4.778540375323696,0.378301723734882
0.3810000000000003,2.0,-24.0,-22.209935813160428,-3.5902019246740755,0.34128013730242523,4.816398542961501,0.37858167637804924
0.3820000000000003,2.0,-24.0,-22.235508158686706,-3.5942246217335807,0.3461344212926069,4.854283990181671,0.3788544722016968
0.3830000000000003,2.0,-24.0,-22.26071518499118,-3.5981896158345776,0.3510266173043941,4.892196011787218,0.3791202160554683
0.3840000000000003,2.0,-24.0,-22.285562110919876,-3.602097737924386,0.3559567512173079,4.930133912913768,0.3793790112655113
0.3850000000000003,2.0,-24.0,-22.310054080763877,-3.6059498068956035,0.36092484822618737,4.968097008879461,0.3796309596569196
0.3860000000000003,2.0,-24.0,-22.334196165324393,-3.6097466297633067,0.3659309328512244,5.006084625037043,0.3798761615758267
0.3870000000000003,2.0,-24.0,-22.357993362962617,-3.6134890018396373,0.37097502894785256,5.04409609662816,0.380114715911174
0.3880000000000003,2.0,-24.0,-22.38145060063458,-3.617177706905757,0.37605715971649234,5.082130768639775,0.38034672011614873
0.3890000000000003,2.0,-24.0,-22.404572734911227,-3.6208135173812055,0.381177347712155,5.120187995662706,0.3805722702292991
0.3900000000000003,2.0,-24.0,-22.427364552983924,-3.624397194490734,0.38633561485390727,5.158267141752239,0.38079146089533233
0.3910000000000003,2.0,-24.0,-22.44983077365558,-3.627929488428622,0.39153198243419807,5.196367580290799,0.3810043853856001
0.3920000000000003,2.0,-24.0,-22.471976048317643,-3.6314111385205337,0.3967664711280507,5.234488693852627,0.38121113561827513
0.3930000000000003,2.0,-24.0,-22.493804961913106,-3.6348428733829596,0.40203910100212115,5.272629874070449,0.38141180217822673
0.3940000000000003,2.0,-24.0,-22.515322033885777,-3.638225411080244,0.4073498915236252,5.310790521504108,0.3816064743365955
0.3950000000000003,2.0,-24.0,-22.53653171911598,-3.6415594592792973,0.4126988615691363,5.348970045511116,0.38179524007007765
0.3960000000000003,2.0,-24.0,-22.557438408842895,-3.6448457154019485,0.41808602943325546,5.387167864119108,0.3819781860799152
0.3970000000000003,2.0,-24.0,-22.57804643157371,-3.6480848667750614,0.42351141283715565,5.4253834039001685,0.3821553978106073
0.3980000000000003,2.0,-24.0,-22.5983600539798,-3.6512775907783643,0.4289750289370026,5.463616099847002,0.3823269594683354
0.3990000000000003,2.0,-24.0,-22.61838348178009,-3.654424554990131,0.4344768943322535,5.501865395250913,0.38249295403911976
0.4000000000000003,2.0,-24.0,-22.638120860611803,-3.657526417330585,0.4400170250738351,5.540130741581583,0.3826534633066935
0.4010000000000003,2.0,-24.0,-22.657576276888776,-3.660583826203286,0.4455954366722037,5.578411598368596,0.38280856787012174
0.4020000000000003,2.0,-24.0,-22.676753758647507,-3.6635974206343,0.4512121441052884,5.61670743308471,0.38295834716114724
0.4030000000000003,2.0,-24.0,-22.695657276381116,-3.6665678304093623,0.4568671618263193,5.6550177210308386,0.38310287946128285
0.4040000000000003,2.0,-24.0,-22.714290743861387,-3.6694956762089515,0.462560503771542,5.693341945222703,0.3832422419186447
0.4050000000000003,2.0,-24.0,-22.73265801894908,-3.6723815697413693,0.46829218336782114,5.7316795962791565,0.3833765105645354
0.4060000000000003,2.0,-24.0,-22.750762904392666,-3.6752261138738547,0.4740622135401332,5.7700301723121346,0.383505760329783
0.4070000000000003,2.0,-24.0,-22.768609148615628,-3.678029902761706,0.47987060671895143,5.808393178818218,0.38363006506083014
0.4080000000000003,2.0,-24.0,-22.786200446492547,-3.680793521975512,0.48571737484752314,5.846768128571776,0.3837494975355881
0.4090000000000003,2.0,-24.0,-22.803540440114084,-3.6835175486264786,0.49160252938904286,5.8851545415196815,0.383864129479052
0.4100000000000003,2.0,-24.0,-22.820632719541024,-3.6862025514898917,0.49752608133372045,5.92355194467755,0.3839740315786848
0.4110000000000003,2.0,-24.0,-22.83748082354758,-3.6888490911267438,0.503488041205748,5.961959872027507,0.3840792734995709
0.4120000000000003,2.0,-24.0,-22.85408824035404,-3.691457720003565,0.5094884190701654,6.000377864417442,0.3841799238993462
0.4130000000000003,2.0,-24.0,-22.870458408348984,-3.694028982610469,0.5155272245396272,6.038805469461732,0.38427605044290525
0.4140000000000003,2.0,-24.0,-22.88659471680114,-3.6965634155774243,0.5216044667810705,6.077242241443421,0.38436771981688717
0.4150000000000003,2.0,-24.0,-22.902500506561125,-3.6990615477888262,0.5277201545222884,6.115687741217815,0.38445499774394903
0.4160000000000003,2.0,-24.0,-22.91817907075311,-3.7015239004963814,0.5338742960584059,6.154141536117499,0.38453794899682886
0.4170000000000003,2.0,-24.0,-22.933633655456635,-3.7039509874302716,0.5400668992582647,6.192603199858718,0.3846166374121942
0.4180000000000003,2.0,-24.0,-22.948867460378683,-3.7063433149087253,0.5462979715707137,6.231072312449148,0.3846911259042918
0.4190000000000003,2.0,-24.0,-22.96388363951613,-3.708701381945919,0.5525675200308108,6.269548460096987,0.38476147647838876
0.4200000000000003,2.0,-24.0,-22.978685301808756,-3.7110256803583175,0.5588755512659321,6.308031235121389,0.3848277502440191
0.4210000000000003,2.0,-24.0,-22.993275511782915,-3.7133166948694107,0.5652220715017963,6.346520235864192,0.3848900074280301
0.4220000000000003,2.0,-24.0,-23.007657290186017,-3.7155749032129295,0.5716070865683992,6.385015066602937,0.3849483073874392
0.4230000000000003,2.0,-24.0,-23.021833614611932,-3.71780077623451,0.5780306019058643,6.423515337465147,0.3850027086220967
0.4240000000000003,2.0,-24.0,-23.035807420117475,-3.7199947779918716,0.5844926225702083,6.462020664343863,0.3850532687871643
0.4250000000000003,2.0,-24.0,-23.049581599830084,-3.7221573658535076,0.5909931532390227,6.500530668814404,0.3851000447054064
0.4260000000000003,2.0,-24.0,-23.063159005546797,-3.7242889905959276,0.5975321982170749,6.539044978052335,0.38514309237930205
0.4270000000000003,2.0,-24.0,-23.0765424483247,-3.72639009649944,0.6041097614418276,6.577563224752632,0.38518246700297454
0.4280000000000003,2.0,-24.0,-23.08973469906292,-3.7284611214425523,0.6107258464888776,6.616085047050027,0.385218222973948
0.4290000000000003,2.0,-24.0,-23.102738489076305,-3.730502496994972,0.6173804565773181,6.6546100884405,0.38525041390473
0.4300000000000003,2.0,-24.0,-23.11555651066093,-3.73251464850921,0.6240735945750221,6.693137997703922,0.38527909263422
0.4310000000000003,2.0,-24.0,-23.12819141765149,-3.7344979952108615,0.63080526300385,6.731668428827818,0.38530431123895253
0.43200000000000033,2.0,-24.0,-23.140645825970754,-3.736452950287549,0.6375754640447822,6.770201040932235,0.38532612104417285
0.43300000000000033,2.0,-24.0,-23.15292231417117,-3.7383799209765547,0.6443841995429778,6.80873549819571,0.3853445726347513
0.43400000000000033,2.0,-24.0,-23.165023423968726,-3.7402793086511688,0.65123147101276,6.847271469782304,0.38535971586593476
0.43500000000000033,2.0,-24.0,-23.176951660769173,-3.7421515089057396,0.6581172796425298,6.885808629769698,0.38537159987393815
0.43600000000000033,2.0,-24.0,-23.188709494186757,-3.743996911639524,0.6650416262996081,6.9243466570783365,0.38538027308638606
0.43700000000000033,2.0,-24.0,-23.20029935855552,-3.745815901139248,0.6720045115350096,6.962885235401596,0.38538578323259287
0.43800000000000033,2.0,-24.0,-23.211723653433296,-3.7476088561605048,0.6790059355881466,7.001424053136966,0.3853881773536978
0.43900000000000033,2.0,-24.0,-23.222984744098536,-3.7493761500079,0.6860458983914648,7.039962803318231,0.38538750181264564
0.44000000000000034,2.0,-24.0,-23.234084962039987,-3.7511181506140927,0.6931243995750135,7.078501183548634,0.3853838023040269
0.44100000000000034,2.0,-24.0,-23.245026605439417,-3.7528352206176,0.7002414384709484,7.1170388959350115,0.3853771238637665
0.44200000000000034,2.0,-24.0,-23.255811939647426,-3.754527717439508,0.7073970141179713,7.155575647022879,0.38536751087867416
0.44300000000000034,2.0,-24.0,-23.266443197652464,-3.7561959933590474,0.7145911252657037,7.194111147732464,0.3853550070958546
0.44400000000000034,2.0,-24.0,-23.276922580543143,-3.757840395588059,0.7218237703789994,7.2326451132956615,0.3853396556319782
0.44500000000000034,2.0,-24.0,-23.287252257963956,-3.7594612663443403,0.7290949476421933,7.271177263193904,0.3853214989824133
0.44600000000000034,2.0,-24.0,-23.29743436856447,-3.761058942923981,0.7364046549632902,7.309707321096927,0.38530057903023196
0.44700000000000034,2.0,-24.0,-23.307471020442122,-3.7626337577725675,0.7437528899780926,7.348235014802435,0.3852769370550741
0.44800000000000034,2.0,-24.0,-23.317364291578663,-3.764186038555388,0.7511396500542692,7.386760076176624,0.3852506137418879
0.44900000000000034,2.0,-24.0,-23.327116230270395,-3.765716108226594,0.7585649322953648,7.425282241095578,0.38522164918954055
0.45000000000000034,2.0,-24.0,-23.336728855552245,-3.767224285097364,0.7660287335447523,7.463801249387508,0.38519008291930323
0.45100000000000035,2.0,-24.0,-23.346204157615784,-3.7687108829030374,0.7735310503895281,7.502316844775829,0.3851559538832086
0.45200000000000035,2.0,-24.0,-23.355544098221273,-3.770176210869301,0.7810718791643512,7.540828774823058,0.38511930047229054
0.45300000000000035,2.0,-24.0,-23.364750611103826,-3.771620573777404,0.7886512159552267,7.579336790875528,0.38508016052470184
0.45400000000000035,2.0,-24.0,-23.37382560237377,-3.7730442720283763,0.7962690566032357,7.617840648008898,0.38503857133370867
0.45500000000000035,2.0,-24.0,-23.382770950911286,-3.774447601706381,0.80392539670821,7.656340104974456,0.3849945696555764
0.45600000000000035,2.0,-24.0,-23.39158850875541,-3.7758308546410655,0.8116202316323562,7.694834924146189,0.38494819171733097
0.45700000000000035,2.0,-24.0,-23.40028010148748,-3.777194318469065,0.8193535565038249,7.73332487146863,0.3848994732244147
0.45800000000000035,2.0,-24.0,-23.408847528609087,-3.7785382766945563,0.8271253662202303,7.771809716405453,0.38484844936822393
0.45900000000000035,2.0,-24.0,-23.41729256391467,-3.77986300874897,0.8349356554521191,7.810289231888808,0.3847951548335408
0.46000000000000035,2.0,-24.0,-23.425616955858747,-3.7811687900498097,0.8427844186463886,7.8487631942693925,0.3847396238058548
0.46100000000000035,2.0,-24.0,-23.433822427917907,-3.7824558920586018,0.8506716500296558,7.88723138326725,0.3846818899785765
0.46200000000000035,2.0,-24.0,-23.44191067894765,-3.783724582338033,0.8585973436115791,7.925693581923266,0.3846219865601478
0.46300000000000036,2.0,-24.0,-23.44988338353411,-3.784975124608226,0.8665614931881305,7.96414957655137,0.3845599462810469
0.46400000000000036,2.0,-24.0,-23.457742192340767,-3.7862077788021944,0.8745640923448219,8.00259915669144,0.384495801400691
0.46500000000000036,2.0,-24.0,-23.465488732450183,-3.7874228011205275,0.8826051344598848,8.041042115062863,0.3844295837142414
0.46600000000000036,2.0,-24.0,-23.473124607700896,-3.788620444085214,0.8906846127074035,8.079478247518793,0.3843613245593027
0.46700000000000036,2.0,-24.0,-23.480651399019454,-3.789800956592755,0.8988025200604046,8.117907353001046,0.38429105482253334
0.46800000000000036,2.0,-24.0,-23.48807066474775,-3.790964583966434,0.9069588492939002,8.156329233495661,0.38421880494615074
0.46900000000000036,2.0,-24.0,-23.495383940965638,-3.792111568007874,0.9151535929878893,8.194743693989096,0.38414460493434743
0.47000000000000036,2.0,-24.0,-23.502592741808986,-3.7932421470478266,0.9233867435303144,8.233150542425056,0.3840684843596124
0.47100000000000036,2.0,-24.0,-23.509698559783143,-3.79435655599623,0.9316582931199764,8.271549589661953,0.3839904723689603
0.47200000000000036,2.0,-24.0,-23.516702866071956,-3.7954550263915126,0.9399682337694073,8.30994064943096,0.3839105976900675
0.47300000000000036,2.0,-24.0,-23.523607110842356,-3.7965377864492185,0.948316557307702,8.348323538294691,0.3838288886373235
0.47400000000000037,2.0,-24.0,-23.530412723544607,-3.797605061109901,0.9567032553833085,8.386698075606471,0.3837453731177907
0.47500000000000037,2.0,-24.0,-23.537121113208254,-3.7986570720863195,0.9651283194667787,8.425064083470177,0.3836600786370782
0.47600000000000037,2.0,-24.0,-23.54373366873385,-3.7996940379099673,0.9735917408534794,8.463421386700691,0.38357303230513096
0.47700000000000037,2.0,-24.0,-23.550251759180508,-3.8007161739769018,0.9820935106662644,8.501769812784884,0.38348426084193404
0.47800000000000037,2.0,-24.0,-23.556676734049358,-3.8017236925929208,0.9906336198581075,8.540109191843198,0.38339379058313355
0.47900000000000037,2.0,-24.0,-23.563009923562937,-3.8027168030180905,0.9992120592146994,8.578439356591756,0.3833016474855777
0.48000000000000037,2.0,-24.0,-23.56925263894061,-3.803695711510607,1.0078288193570044,8.616760142305035,0.38320785713277494
0.48100000000000037,2.0,-24.0,-23.575406172670032,-3.8046606213700436,1.0164838907437834,8.655071386779062,0.3831124447402753
0.4820000000000004,2.0,-24.0,-23.581471798774746,-3.805611732979939,1.0251772636740786,8.693372930295158,0.3830154351609694
0.4830000000000004,2.0,-24.0,-23.587450773077965,-3.806549243849801,1.0339089282896627,8.73166461558419,0.38291685289031624
0.4840000000000004,2.0,-24.0,-23.593344333462564,-3.8074733486564956,1.042678874577454,8.769946287791338,0.3828167220714912
0.4850000000000004,2.0,-24.0,-23.599153700127385,-3.8083842392850054,1.0514870923718955,8.808217794441385,0.3827150665004593
0.4860000000000004,2.0,-24.0,-23.60488007583985,-3.809282104868628,1.0603335713572999,8.846478985404483,0.3826119096309767
0.4870000000000004,2.0,-24.0,-23.610524646184995,-3.810167131828589,1.0692183010701624,8.884729712862434,0.3825072745795186
0.4880000000000004,2.0,-24.0,-23.616088579810924,-3.8110395039130642,1.078141270901438,8.922969831275447,0.3824011841301356
0.4890000000000004,2.0,-24.0,-23.621573028670767,-3.8118994022356425,1.0871024700987875,8.961199197349371,0.38229366073923876
0.4900000000000004,2.0,-24.0,-23.626979128261183,-3.8127470053132475,1.0961018877687907,8.999417670003403,0.38218472654031815
0.4910000000000004,2.0,-24.0,-23.632307997857453,-3.8135824891034877,1.105139512879129,9.037625110338261,0.3820744033485897
0.4920000000000004,2.0,-24.0,-23.637560740745204,-3.8144060270414784,1.114215334260734,9.075821381604818,0.38196271266557696
0.4930000000000004,2.0,-24.0,-23.642738444448845,-3.8152177900761277,1.1233293406099072,9.11400634917318,0.38184967568362527
0.4940000000000004,2.0,-24.0,-23.64784218095672,-3.816017946705875,1.1324815204904093,9.152179880502215,0.38173531329034843
0.4950000000000004,2.0,-24.0,-23.65287300694305,-3.8168066630139768,1.1416718623355189,9.190341845109518,0.3816196460730188
0.4960000000000004,2.0,-24.0,-23.65783196398672,-3.8175841027032016,1.150900354450061,9.228492114541806,0.38150269432288364
0.4970000000000004,2.0,-24.0,-23.662720078786908,-3.8183504271300652,1.1601669850124066,9.266630562345748,0.3813844780394248
0.4980000000000004,2.0,-24.0,-23.667538363375666,-3.819105795338583,1.1694717420764456,9.304757064039205,0.3812650169345575
0.4990000000000004,2.0,-24.0,-23.672287815327444,-3.8198503640934875,1.1788146135735285,9.34287149708288,0.38114433043676293
0.5000000000000003,2.0,-24.0,-23.676969417965623,-3.820584287913025,1.1881955873143808,9.380973740852397,0.38102243769516864
0.5010000000000003,2.0,-24.0,-23.681584140566112,-3.8213077191012115,1.1976146509909917,9.419063676610753,0.3808993575835613
0.5020000000000003,2.0,-24.0,-23.686132938558025,-3.8220208077796913,1.2070717921784728,9.457141187481188,0.3807751087043506
0.5030000000000003,2.0,-24.0,-23.690616753721482,-3.82272370191908,1.2165669983368932,9.495206158420435,0.38064970939246756
0.5040000000000003,2.0,-24.0,-23.695036514382604,-3.8234165473698827,1.2261002568130854,9.533258476192357,0.38052317771921157
0.5050000000000003,2.0,-24.0,-23.69939313560571,-3.824099487892954,1.2356715548424273,9.57129802934196,0.38039553149603955
0.5060000000000003,2.0,-24.0,-23.703687519382772,-3.824772665189526,1.2452808795505972,9.60932470816979,0.3802667882783015
0.5070000000000003,2.0,-24.0,-23.70792055482016,-3.825436218930795,1.2549282179553038,9.647338404706684,0.380136965368921
0.5080000000000003,2.0,-24.0,-23.712093118322727,-3.826090286787096,1.2646135569679926,9.685339012688885,0.38000607982202456
0.5090000000000003,2.0,-24.0,-23.71620607377526,-3.8267350044566113,1.274336883395526,9.723326427533536,0.37987414844651335
0.5100000000000003,2.0,-24.0,-23.72026027272133,-3.8273705056937484,1.2840981839418406,9.761300546314496,0.3797411878095926
0.5110000000000003,2.0,-24.0,-23.724256554539597,-3.8279969223370065,1.293897445209579,9.799261267738519,0.3796072142402387
0.5120000000000003,2.0,-24.0,-23.7281957466176,-3.8286143843365243,1.3037346537017007,9.837208492121782,0.37947224383262584
0.5130000000000003,2.0,-24.0,-23.732078664523065,-3.8292230197811916,1.3136097958230675,9.875142121366732,0.3793362924494981
0.5140000000000003,2.0,-24.0,-23.735906112172735,-3.8298229549253495,1.3235228578820069,9.913062058939282,0.379199375725492
0.5150000000000003,2.0,-24.0,-23.739678881998838,-3.830414314215175,1.3334738260918533,9.950968209846323,0.3790615090704173
0.5160000000000003,2.0,-24.0,-23.74339775511314,-3.83099722031461,1.3434626865724668,9.988860480613571,0.37892270767248265
0.5170000000000003,2.0,-24.0,-23.747063501468666,-3.8315717941309373,1.3534894253517304,10.026738779263718,0.3787829865014776
0.5180000000000003,2.0,-24.0,-23.750676880019114,-3.8321381548400426,1.3635540283670253,10.06460301529491,0.37864236031191434
0.5190000000000003,2.0,-24.0,-23.754238638875982,-3.832696419911219,1.373656481466685,10.10245309965952,0.3785008436461134
0.5200000000000004,2.0,-24.0,-23.75774951546347,-3.8332467051316934,1.3837967704114282,10.140288944743245,0.3783584508372542
0.5210000000000004,2.0,-24.0,-23.761210236671133,-3.8337891246307407,1.3939748808757728,10.178110464344483,0.3782151960123748
0.5220000000000004,2.0,-24.0,-23.764621519004404,-3.83432379090352,1.4041907984494268,10.215917573654016,0.3780710930953367
0.5230000000000004,2.0,-24.0,-23.76798406873291,-3.8348508148344695,1.414444508638662,10.25371018923499,0.3779261558097348
0.5240000000000004,2.0,-24.0,-23.771298582036728,-3.835370305720465,1.424735996867665,10.29148822900317,0.37778039768177785
0.5250000000000004,2.0,-24.0,-23.77456574515049,-3.835882371293568,1.4350652484798725,10.32925161220748,0.3776338320431184
0.5260000000000004,2.0,-24.0,-23.777786234505484,-3.8363871177435094,1.4454322487392834,10.367000259410846,0.37748647203364843
0.5270000000000004,2.0,-24.0,-23.780960716869693,-3.836884649739776,1.4558369828317548,10.40473409247127,0.37733833060424804
0.5280000000000004,2.0,-24.0,-23.78408984948584,-3.8373750704534615,1.466279435866278,10.44245303452322,0.37718942051950133
0.5290000000000004,2.0,-24.0,-23.787174280207473,-3.8378584815787278,1.4767595928762371,10.480157009959257,0.3770397543603678
0.5300000000000004,2.0,-24.0,-23.790214647633082,-3.838334983354005,1.4872774388206491,10.517845944411938,0.3768893445268177
0.5310000000000004,2.0,-24.0,-23.793211581238324,-3.838804674582872,1.4978329585853851,10.555519764735982,0.37673820324042984
0.5320000000000004,2.0,-24.0,-23.79616570150635,-3.839267652654639,1.5084261369843759,10.593178398990675,0.3765863425469515
0.5330000000000004,2.0,-24.0,-23.79907762005626,-3.8397240135646182,1.5190569587607985,10.630821776422557,0.3764337743188191
0.5340000000000004,2.0,-24.0,-23.80194793976974,-3.8401738519341233,1.5297254085882468,10.668449827448322,0.37628051025764664
0.5350000000000004,2.0,-24.0,-23.804777254915887,-3.840617261030168,1.5404314710718847,10.70606248363799,0.37612656189667526
0.5360000000000004,2.0,-24.0,-23.80756615127423,-3.8410543327849016,1.551175130749583,10.743659677698309,0.37597194060318995
0.5370000000000004,2.0,-24.0,-23.81031520625603,-3.8414851578147218,1.5619563720930394,10.781241343456397,0.3758166575808976
0.5380000000000004,2.0,-24.0,-23.8130249890238,-3.8419098254391635,1.572775179508883,10.818807415843626,0.3756607238722761
0.5390000000000004,2.0,-24.0,-23.815696060609174,-3.8423284236994855,1.5836315373397625,10.856357830879714,0.37550415036088536
0.5400000000000004,2.0,-24.0,-23.818328974029043,-3.842741039376979,1.5945254298654197,10.89389252565708,0.37534694777364525
0.5410000000000004,2.0,-24.0,-23.820924274400056,-3.8431477580110682,1.6054568413037453,10.931411438325389,0.3751891266830858
0.5420000000000004,2.0,-24.0,-23.823482499051483,-3.8435486639170744,1.6164257558118216,10.968914508076345,0.37503069750955753
0.5430000000000004,2.0,-24.0,-23.826004177636463,-3.8439438402037744,1.6274321574869504,11.006401675128688,0.3748716705234151
0.5440000000000004,2.0,-24.0,-23.828489832241658,-3.844333368790706,1.6384760303676638,11.043872880713405,0.37471205584716843
0.5450000000000004,2.0,-24.0,-23.830939977495348,-3.844717330425203,1.649557358434723,11.081328067059165,0.3745518634576027
0.5460000000000004,2.0,-24.0,-23.833355120673986,-3.8450958046991923,1.6606761256121012,11.11876717737795,0.3743911031878669
0.5470000000000004,2.0,-24.0,-23.835735761807214,-3.845468870065771,1.671832315767952,11.156190155850904,0.3742297847295348
0.5480000000000004,2.0,-24.0,-23.8380823937814,-3.8458366038554965,1.683025912715566,11.193596947614367,0.3740679176346321
0.5490000000000004,2.0,-24.0,-23.840395502441666,-3.846199082292502,1.6942569002143124,11.23098749874613,0.37390551131763977
0.5500000000000004,2.0,-24.0,-23.8426755666925,-3.846556380510332,1.705525261970564,11.268361756251878,0.3737425750574637
0.5510000000000004,2.0,-24.0,-23.84492305859689,-3.8469085725675827,1.716830981638616,11.305719668051815,0.37357911799937993
0.5520000000000004,2.0,-24.0,-23.847138443474076,-3.8472557314632914,1.7281740428215835,11.34306118296751,0.37341514915694823
0.5530000000000004,2.0,-24.0,-23.849322179995877,-3.847597929152128,1.7395544290722924,11.3803862507089,0.37325067741390194
0.5540000000000004,2.0,-24.0,-23.85147472028165,-3.847935236559353,1.750972123894154,11.417694821861502,0.3730857115260075
0.5550000000000004,2.0,-24.0,-23.853596509991913,-3.84826772359557,1.7624271107420277,11.45498684787379,0.3729202601228995
0.5560000000000004,2.0,-24.0,-23.8556879884206,-3.8485954591712463,1.7739193730230727,11.492262281044779,0.3727543317098866
0.5570000000000004,2.0,-24.0,-23.857749588586017,-3.8489185112110658,1.7854488940975843,11.529521074511754,0.372587934669736
0.5580000000000004,2.0,-24.0,-23.859781737320503,-3.849236946668033,1.7970156572798226,11.566763182238196,0.37242107726442825
0.5590000000000004,2.0,-24.0,-23.86178485535878,-3.8495508315373907,1.8086196458388246,11.603988559001884,0.3722537676368868
0.5600000000000004,2.0,-24.0,-23.863759357425085,-3.849860230870343,1.820260842999208,11.641197160383152,0.3720860138126859
0.5610000000000004,2.0,-24.0,-23.86570565231901,-3.850165208787584,1.8319392319419612,11.678388942753326,0.3719178237017324
0.5620000000000004,2.0,-24.0,-23.867624143000167,-3.8504658284926156,1.8436547958052247,11.715563863263318,0.3717492050999216
0.5630000000000004,2.0,-24.0,-23.869515226671595,-3.8507621522848803,1.8554075176850569,11.752721879832396,0.3715801656907711
0.5640000000000004,2.0,-24.0,-23.871379294862002,-3.8510542415727205,1.8671973806361941,11.7898629511371,0.3714107130470322
0.5650000000000004,2.0,-24.0,-23.87321673350683,-3.8513421568861324,1.8790243676727942,11.826987036600327,0.37124085463227546
0.5660000000000004,3.0,20.0,-23.42321673350683,-3.7807922888674144,1.8908876149869092,11.863247314114687,0.36260277514360356
0.5670000000000004,3.0,20.0,-22.97321673350683,-3.710166963000507,1.902786258274882,11.898643287973131,0.35395973858445096
0.5680000000000004,3.0,20.0,-22.523216733506832,-3.639466434743632,1.9147194327417423,11.933174466860288,0.3453117888715703
0.5690000000000004,3.0,20.0,-22.073216733506833,-3.5686910347284186,1.9266862731065002,11.966840364758012,0.3366589789772412
0.5700000000000004,3.0,20.0,-21.623216733506833,-3.497841169032654,1.9386859136083543,11.999640501854023,0.32800137096010756
0.5710000000000004,3.0,20.0,-21.173216733506834,-3.4269173194529783,1.9507174880138078,12.031574405453602,0.31933903599580965
0.5720000000000004,3.0,20.0,-20.723216733506835,-3.3559200437769245,1.9627801296247023,12.062641610894337,0.31067205440733137
0.5730000000000004,3.0,20.0,-20.273216733506835,-3.2848499760535734,1.974872971287166,12.092841662463835,0.30200051569497743
0.5740000000000004,3.0,20.0,-19.823216733506836,-3.213707826862305,1.9869951454014865,12.122174114320426,0.29332451856591324
0.5750000000000004,3.0,20.0,-19.373216733506837,-3.142494383579036,1.999145783932903,12.150638531416744,0.2846441709631925
0.5760000000000004,3.0,20.0,-18.923216733506838,-3.0712105106393404,2.011324018423329,12.178234490426165,0.2759595900941983
0.5770000000000004,3.0,20.0,-18.47321673350684,-2.9998571497979505,2.0235289800040013,12.204961580672009,0.26727090245843466
0.5780000000000004,3.0,20.0,-18.02321673350684,-2.9284353203840867,2.035759799409061,12.230819405059469,0.2585782438745996
0.5790000000000004,3.0,20.0,-17.57321673350684,-2.856946119552161,2.048015606990071,12.255807581010156,0.24988175950688415
0.5800000000000004,3.0,20.0,-17.12321673350684,-2.7853907225272794,2.06029553273147,12.2799257413992,0.24118160389042453
0.5810000000000004,3.0,20.0,-16.67321673350684,-2.713770382845217,2.072598706266965,12.303173535494787,0.23247794095586716
0.5820000000000004,3.0,20.0,-16.223216733506842,-2.6420864325863063,2.084924256896865,12.325550629900084,0.22377094405297698
0.5830000000000004,3.0,20.0,-15.773216733506843,-2.5703402826029267,2.0972713136063628,12.347056709497409,0.21506079597324976
0.5840000000000004,3.0,20.0,-15.323216733506843,-2.4985334227401106,2.109639005084757,12.367691478394557,0.2063476889714677
0.5850000000000004,3.0,20.0,-14.873216733506844,-2.4266674220490465,2.1220264597456304,12.387454660873173,0.19763182478617097
0.5860000000000004,3.0,20.0,-14.423216733506845,-2.354743928992952,2.1344328057479696,12.40634600233907,0.1889134146589785
0.5870000000000004,3.0,20.0,-13.973216733506845,-2.2827646716451655,2.146857171018244,12.424365270274345,0.1801926793527409
0.5880000000000004,3.0,20.0,-13.523216733506846,-2.2107314578790858,2.159298683273435,12.441512255191192,0.17146984916847602
0.5890000000000004,3.0,20.0,-13.073216733506847,-2.1386461755497184,2.171756470045022,12.457786771587298,0.1627451639610597
0.5900000000000004,3.0,20.0,-12.623216733506847,-2.066510792666551,2.184229658703925,12.473188658902663,0.15401887315363516
0.5910000000000004,3.0,20.0,-12.173216733506848,-1.994327357557601,2.1967173764864025,12.487717782477734,0.14529123575072156
0.5920000000000004,3.0,20.0,-11.723216733506849,-1.922097999024417,2.209218750520915,12.501374034512732,0.13656252034999447
0.5930000000000004,3.0,20.0,-11.27321673350685,-1.849824926487865,2.221732907855943,12.514157335028003,0.12783300515271717
0.5940000000000004,3.0,20.0,-10.826456494456751,-1.7780311985440873,2.234258981725135,12.526073869191848,0.11916534163844848
0.5950000000000004,3.0,20.0,-10.386078544535941,-1.7072253957983663,2.2467961176365816,12.537135911446622,0.11062042254775127
0.5960000000000004,3.0,20.0,-9.951991708185428,-1.6373967218649494,2.2593434732393955,12.547355602813953,0.10219691367330323
0.5970000000000004,3.0,20.0,-9.524106112354207,-1.5685344147930036,2.2719002181906336,12.556744951238027,0.09389348424074744
0.5980000000000004,3.0,20.0,-9.102333167892004,-1.5006277472635898,2.2844655340225706,12.565315831937292,0.08570880699267051
0.5990000000000004,3.0,20.0,-8.686585551207832,-1.4336660270790076,2.2970386140103387,12.573079987767825,0.07764155830530574
0.6000000000000004,3.0,20.0,-8.276777186190577,-1.367638597908889,2.30961866303994,12.580049029601199,0.06969041833375011
0.6010000000000004,3.0,20.0,-7.872823226387855,-1.3025348402601695,2.3222048974766594,12.58623443671938,0.061854071181810646
0.6020000000000004,3.0,20.0,-7.474640037439457,-1.2383441726406517,2.334796545033888,12.591647557228669,0.05413120509290485
0.6030000000000004,3.0,20.0,-7.08214517976175,-1.1750560528884577,2.3473928446423824,12.596299608494544,0.04652051265874749
0.6040000000000004,3.0,20.0,-6.69525739147944,-1.1126599796418457,2.359993046319981,12.600201677598823,0.03902069104281694
0.6050000000000004,3.0,20.0,-6.313896571601162,-1.0511454939259433,2.372596411041801,12.603364721820409,0.03163044221584081
0.6060000000000004,3.0,20.0,-5.93798376343543,-0.9905021808352259,2.385202210610942,12.60579956914049,0.024348473200814305
0.6070000000000004,3.0,20.0,-5.567441138243495,-0.9307196712920891,2.397809727529715,12.607516918773015,0.0171734963252458
0.6080000000000004,3.0,20.0,-5.202191979125732,-0.8717876438638372,2.410418254871436,12.60852734172087,0.01010422947855931
0.6090000000000004,3.0,20.0,-4.842160665138222,-0.8136958266220324,2.423027096152794,12.60884128135815,0.0031393963727791435
0.6100000000000004,3.0,20.0,-4.487272655636247,-0.7564339990294846,2.4356355652068324,12.608469054038626,-0.003722273195219783
0.6110000000000004,3.0,20.0,-4.137454474841444,-0.6999919938417709,2.448242986056563,12.607420849730486,-0.010482043081419042
0.6120000000000004,3.0,20.0,-3.792633696629424,-0.6443596990113913,2.4608486927892406,12.605706732677117,-0.017141170533699353
0.6130000000000004,3.0,20.0,-3.4527389295347177,-0.5895270595838507,2.4734520294313245,12.60333664208377,-0.02370090593345476
0.6140000000000004,3.0,20.0,-3.1176998019699362,-0.5354840795761548,2.486052349824154,12.600320392829683,-0.030162492540871645
0.6150000000000004,3.0,20.0,-2.78744694765608,-0.48222082382925224,2.4986490175003593,12.5966676762052,-0.03652716624484138
0.6160000000000004,3.0,20.0,-2.461911991260993,-0.42972741982679086,2.5112414055610324,12.592388060673363,-0.042796155318374156
0.6170000000000004,3.0,20.0,-2.141027534242979,-0.37799405947370135,2.5238288965536877,12.587490992655336,-0.04897068018024678
0.6180000000000004,3.0,20.0,-1.8247271408966508,-0.3270110008286693,2.5364108823510265,12.581985797338982,-0.05505195316355049
0.6190000000000004,3.0,20.0,-1.5129453245981273,-0.2767685697855059,2.5489867640305364,12.575881679509813,-0.061041178291691964
0.6200000000000004,3.0,20.0,-1.2056175342467255,-0.2272571616990795,2.56155595175494,12.56918772440358,-0.06693955106232362
0.6210000000000004,3.0,20.0,-0.9026801409003437,-0.178467242952085,2.574117864653519,12.56191289857962,-0.07274825823960536
0.6220000000000004,3.0,20.0,-0.6040704246017674,-0.13038935245954464,2.5866719307043335,12.554066050814106,-0.0784684776551272
0.6230000000000004,3.0,20.0,-0.3097265613931708,-0.08301410310845961,2.5992175866173457,12.545655913012329,-0.08410137801775985
0.6240000000000004,3.0,20.0,-0.01958761051612551,-0.03633218313060428,2.611754277718485,12.536691101139066,-0.0896481187326319
0.6250000000000004,3.0,20.0,0.2664064982055334,0.00966564259327329,2.624281457834651,12.527180116166125,-0.0951098497294008
0.6260000000000004,3.0,20.0,0.5483149768025972,0.05498853129889841,2.636798589179687,12.517131345036137,-0.10048771129990389
0.6270000000000004,3.0,20.0,0.8261961914197029,0.09964556117455386,2.6493051422413285,12.50655306164161,-0.10578283394526827
0.6280000000000004,3.0,20.0,1.1001076743994214,0.14364573026816596,2.661800595669147,12.495453427818362,-0.11099633823248463
0.6290000000000004,3.0,20.0,1.3701061361937152,0.18699795546566889,2.674284436163499,12.483840494352316,-0.11612933466044045
0.6300000000000004,3.0,20.0,1.6362474771052335,0.22971107154043174,2.686756158365498,12.471722201998782,-0.12118292353534933
0.6310000000000004,3.0,20.0,1.8985867988608731,0.2717938302736077,2.699215264748011,12.45910638251323,-0.12615819485552368
0.6320000000000005,3.0,20.0,2.1571784160200034,0.31325489964460473,2.711661265507704,12.446000759692694,-0.1310562282053594
0.6330000000000005,3.0,20.0,2.4120758672197176,0.3541028630910984,2.7240936784581304,12.432412950426851,-0.1358780926584285
0.6340000000000005,3.0,20.0,2.6633319262594357,0.3943462188375494,2.7365120289238885,12.4183504657579,-0.1406248466895222
0.6350000000000005,3.0,20.0,2.910998613027158,0.4339933792911598,2.748915849635837,12.40382071194835,-0.1452975380954833
0.6360000000000005,3.0,20.0,3.1551272042696272,0.4730526705040179,2.7613046806273926,12.388830991555885,-0.14989720392464728
0.6370000000000005,3.0,20.0,3.3957682442086328,0.5115323317001537,2.7736780691319076,12.373388504514415,-0.15442487041470715
0.6380000000000005,3.0,20.0,3.6329715550056525,0.5494405148659058,2.7860355694811276,12.357500349220537,-0.1588815529387809
0.6390000000000005,3.0,20.0,3.8667862470770005,0.5867852844021981,2.7983767430047526,12.341173523624589,-0.16326825595948452
0.6400000000000005,3.0,20.0,4.097260729261615,0.6235746168370762,2.810701157931078,12.32441492632551,-0.16758597299078465
0.6410000000000005,3.0,20.0,4.324442718843592,0.6598164005967109,2.8230083892887468,12.30723135766877,-0.17183568656738862
0.6420000000000005,3.0,20.0,4.548379251431541,0.6955184358333595,2.8352980188095933,12.289629520846624,-0.17601836822146483
0.6430000000000005,3.0,20.0,4.769116690696805,0.7306884343082829,2.8475696348325936,12.27161602299998,-0.18013497846642773
0.6440000000000005,3.0,20.0,4.986700737972565,0.765334019327989,2.8598228322089145,12.253197376321223,-0.18418646678756825
0.6450000000000005,3.0,20.0,5.2011764417158135,0.7994627257319109,2.872057212208072,12.234379999157294,-0.18817377163927812
0.6460000000000005,3.0,20.0,5.412588206834159,0.8330819999296881,2.8842723824251846,12.215170217112432,-0.19209782044862644
0.6470000000000005,3.0,20.0,5.6209798038793855,0.8661991999862335,2.8964679566893343,12.195574264149927,-0.19595952962504848
0.6480000000000005,3.0,20.0,5.82639437810968,0.8988215957527057,2.9086435549730267,12.175598283692338,-0.19975980457589998
0.6490000000000005,3.0,20.0,6.028874458422399,0.9309563690416351,2.9207988033027465,12.155248329719573,-0.2034995397276465
0.6500000000000005,3.0,20.0,6.228461966159221,0.9626106138442632,2.9329333336706105,12.134530367864329,-0.20717961855243566
0.6510000000000005,3.0,20.0,6.425198223785518,0.9937913365884175,2.945046783947115,12.113450276504347,-0.21080091359983233
0.6520000000000005,3.0,20.0,6.619123963445725,1.0245054564349836,2.957138797794966,12.092013847851,-0.2143642865334664
0.6530000000000005,3.0,20.0,6.8102793353965,1.054759805611401,2.969209024584,12.070226789033761,-0.21787058817238644
0.6540000000000005,3.0,20.0,6.998703916319408,1.0845611297802362,2.98125711930718,12.048094723180073,-0.22132065853687077
0.6550000000000005,3.0,20.0,7.184436717514845,1.1139160884413033,2.99328274249767,12.025623190490224,-0.22471532689849455
0.6560000000000005,3.0,20.0,7.367516192978918,1.142831255365556,3.0052855601469766,12.002817649306802,-0.2280554118342266
0.6570000000000005,3.0,20.0,7.547980247364934,1.1713131190591062,3.017265243624155,11.979683477178368,-0.23134172128434266
0.6580000000000005,3.0,20.0,7.725866243831149,1.1993680832558575,3.029221469596072,11.956225971916972,-0.23457505261396105
0.6590000000000005,3.0,20.0,7.901211011776418,1.227002467437066,3.041153919948721,11.932450352649173,-0.23775619267798398
0.6600000000000005,3.0,20.0,8.074050854465327,1.2542225073763564,3.0530622817095816,11.908361760860247,-0.24088591788925612
0.6610000000000005,3.0,20.0,8.244421556544394,1.2810343557087425,3.064946246971013,11.88396526143127,-0.24396499428975402
0.6620000000000005,3.0,20.0,8.412358391450903,1.3074440825221223,3.0768055128146816,11.859265843668808,-0.246994177624611
0.6630000000000005,3.0,20.0,8.57789612871589,1.3334576759698917,3.0886397812370086,11.834268422326929,-0.2499742134188044
0.6640000000000005,3.0,20.0,8.741069041162806,1.3590810429032696,3.1004487590756296,11.808977838621296,-0.25290583705632574
0.6650000000000005,3.0,20.0,8.901910912003338,1.3843200095221149,3.112232157936865,11.783398861235128,-0.25578977386167717
0.6660000000000005,3.0,20.0,9.060455041831862,1.409180322042773,3.1239896941241816,11.757536187316777,-0.2586267391835101
0.6670000000000005,3.0,20.0,9.216734255519977,1.4336676473818848,3.1357210885676503,11.731394443468751,-0.2614174384802683
0.6680000000000005,3.0,20.0,9.370780909012549,1.4577875738548518,3.1474260667543783,11.704978186727983,-0.26416256740767036
0.6690000000000005,3.0,20.0,9.522626896026654,1.4815456118878445,3.1591043586599152,11.678291905537193,-0.2668628119078902
0.6700000000000005,3.0,20.0,9.672303654654845,1.504947194742234,3.1707556986806225,11.651340020707165,-0.26951884830029343
0.6710000000000005,3.0,20.0,9.819842173874061,1.5279976792503493,3.182379825566992,11.624126886369806,-0.2721313433735904
0.6720000000000005,3.0,20.0,9.965272999961575,1.5507023465615357,3.1939764823579146,11.596656790921879,-0.2747009544792762
0.6730000000000005,3.0,20.0,10.108626242819268,1.5730664028975485,3.205545416315874,11.568933957959256,-0.2772283296262356
0.6740000000000005,3.0,20.0,10.249931582207564,1.595094980316257,3.2170863788630757,11.540962547201618,-0.2797141075763828
0.6750000000000005,3.0,20.0,10.389218273890313,1.6167931374828228,3.228599125518483,11.512746655407495,-0.2821589179412316
0.6760000000000005,3.0,20.0,10.526515155691879,1.6381658604473848,3.240083415835763,11.484290317279568,-0.2845633812792721
0.6770000000000005,3.0,20.0,10.66185065346771,1.6592180634284714,3.251539013342123,11.455597506360162,-0.2869281091940572
0.6780000000000005,3.0,20.0,10.7952527869896,1.6799545896013135,3.26296568547804,11.426672135916872,-0.28925370443289405
0.6790000000000005,3.0,20.0,10.926749175746892,1.7003802118902716,3.2743632035378583,11.397518059818267,-0.291540760986041
0.6800000000000005,3.0,20.0,11.056367044664793,1.7204996337646232,3.285731342611258,11.368139073399636,-0.2937898641863163
0.6810000000000005,3.0,20.0,11.18413322974101,1.7403174900370737,3.2970698815255775,11.338538914318733,-0.296001590809037
0.6820000000000005,3.0,20.0,11.310074183601852,1.7598383476642172,3.3083786027889786,11.308721263401514,-0.2981765091721925
0.6830000000000005,3.0,20.0,11.43421598097897,1.7790667065483992,3.3196572925344565,11.278689745477836,-0.30031517923678247
0.6840000000000005,3.0,20.0,11.556584324107842,1.7980070003402844,3.330905740464664,11.248447930207112,-0.30241815270723243
0.6850000000000005,3.0,20.0,11.677204548049158,1.8166635972416296,3.3421237397975574,11.21799933289393,-0.3044859731318245
0.6860000000000005,3.0,20.0,11.79610162593417,1.8350408008076604,3.3533110872128513,11.187347415293623,-0.3065191760030671
0.6870000000000005,3.0,20.0,11.913300174135111,1.8531428507485224,3.364467582799259,11.156495586407829,-0.30851828885793864
0.6880000000000005,3.0,20.0,12.028824457361752,1.8709739237293244,3.375593030002529,11.125447203270035,-0.3104838313779431
0.6890000000000005,3.0,20.0,12.142698393685155,1.8885381341683098,3.3866872355742506,11.094205571721142,-0.31241631548892174
0.6900000000000005,3.0,20.0,12.254945559489652,1.9058395350327215,3.3977500095214253,11.062773947175087,-0.314316245460564
0.6910000000000005,3.0,20.0,12.365589194354087,1.922882118631866,3.4087811650567996,11.03115553537453,-0.31618411800555846
0.6920000000000005,3.0,20.0,12.474652205863315,1.9396698174070748,3.4197805185499366,10.999353493136695,-0.3180204223783444
0.6930000000000005,3.0,20.0,12.582157174350982,1.956206504718164,3.4307478894790258,10.967370929089354,-0.31982564047341466
0.6940000000000005,3.0,20.0,12.68812635757454,1.9724959956259132,3.4416831003834227,10.935210904397042,-0.32160024692311134
0.6950000000000005,3.0,20.0,12.792581695323474,1.98854204767051,3.4525859768169,10.902876433477553,-0.3233447091949051
0.6960000000000005,3.0,20.0,12.89554481396171,2.0043483616453095,3.4634563473016087,10.870370484708745,-0.3250594876880799
0.6970000000000005,3.0,20.0,12.997037030905114,2.019918582365893,3.4742940432827343,10.837695981125764,-0.32674503582981945
0.6980000000000005,3.0,20.0,13.09707935903504,2.0352562994340024,3.485098899083843,10.8048558011087,-0.3284018001706441
0.6990000000000005,3.0,20.0,13.195692511048826,2.0503650479961673,3.495870751862904,10.771852779060783,-0.3300302204791732
0.7000000000000005,3.0,20.0,13.292896903748128,2.0652483094966936,3.5066094415689815,10.738689706077164,-0.33163072983617553
0.7010000000000005,3.0,20.0,13.38871266226601,2.0799095124249742,3.5173148108995855,10.705369330604375,-0.33320375472789915
0.7020000000000005,3.0,20.0,13.48315962423364,2.094352033056648,3.527986705258676,10.671894359090512,-0.3347497151386248
0.7030000000000005,3.0,20.0,13.576257343887445,2.1085791961887423,3.5386249727153025,10.638267456626266,-0.3362690246424578
0.7040000000000005,3.0,20.0,13.668025096117624,2.1225942758683107,3.5492294639628796,10.604491247576837,-0.3377620904942999
0.7050000000000005,3.0,20.0,13.7584818804588,2.136400496114617,3.559800032279084,10.570568316204836,-0.33922931372000587
0.7060000000000005,3.0,20.0,13.847646425023674,2.1500010316346643,3.5703365334863686,10.536501207284267,-0.34067108920570044
0.7070000000000005,3.0,20.0,13.93553719038048,2.163399008531864,3.580838825913074,10.502292426705644,-0.34208780578623177
0.7080000000000005,3.0,20.0,14.022172373375044,2.1765975050078383,3.5913067703551467,10.467944442072367,-0.3434798463327582
0.7090000000000005,3.0,20.0,14.107569910898258,2.1895995520571674,3.6017402300384354,10.433459683288422,-0.3448475878394475
0.7100000000000005,3.0,20.0,14.19174748359971,2.202408134154993,3.612139070581573,10.398840543137494,-0.34619140150927674
0.7110000000000005,3.0,20.0,14.274722519548286,2.2150261899373964,3.6225031599594266,10.364089377853603,-0.347511652838923
0.7120000000000005,3.0,20.0,14.356512197840454,2.227456612874522,3.63283236846711,10.329208507683328,-0.34880870170274086
0.7130000000000005,3.0,20.0,14.437133452157019,2.239702251936296,3.6431265686845493,10.294200217439748,-0.35008290243581053
0.7140000000000005,3.0,20.0,14.51660297426906,2.2517659122507236,3.653385635441598,10.259066757048142,-0.3513346039160511
0.7150000000000005,3.0,20.0,14.594937217493788,2.2636503557547227,3.6636094457836816,10.223810342083603,-0.35256414964539834
0.7160000000000005,3.0,20.0,14.67215240010102,2.2753583018374464,3.6737978789379824,10.188433154300599,-0.35377187783003705
0.7170000000000005,3.0,20.0,14.748264508671005,2.286892427976034,3.683950816280137,10.152937342154631,-0.35495812145968403
0.7180000000000005,3.0,20.0,14.823289301404277,2.2982553703638056,3.694068141301453,10.11732502131604,-0.35612320838592226
0.7190000000000005,3.0,20.0,14.897242311384215,2.3094497245308423,3.7041497395766285,10.081598275176082,-0.35726746139957943
0.7200000000000005,3.0,20.0,14.970138849793011,2.3204780459570076,3.7141954987319736,10.045759155345365,-0.35839119830715777
0.7210000000000005,3.0,20.0,15.041994009081682,2.3313428506772746,3.7242053084141182,10.009809682144736,-0.3594947320063003
0.7220000000000005,3.0,20.0,15.1128226660948,2.3420466158795,3.7341790602592075,9.973751845088705,-0.3605783705603086
0.7230000000000005,3.0,20.0,15.182639485150588,2.352591780494592,3.7441166478625685,9.937587603361534,-0.3616424172717075
0.7240000000000005,3.0,20.0,15.251458921077008,2.362980745779044,3.7540179667488545,9.901318886286049,-0.3626871707548539
0.7250000000000005,3.0,20.0,15.31929522220448,2.373215875889911,3.7638829143426396,9.864947593785288,-0.36371292500759717
0.7260000000000005,3.0,20.0,15.386162433315844,2.3832994984522564,3.7737113899394763,9.82847559683709,-0.36471996948199786
0.7270000000000005,3.0,20.0,15.452074398554188,2.393233905118988,3.7835032946773977,9.79190473792168,-0.3657085891540923
0.7280000000000005,3.0,20.0,15.517044764289128,2.4030213521232726,3.79325853150886,9.755236831462406,-0.3666790645927283
0.7290000000000005,3.0,20.0,15.581086981942141,2.4126640608234435,3.802977005173119,9.71847366425966,-0.36763167202746116
0.7300000000000005,3.0,20.0,15.644214310771538,2.4221642182404564,3.812658622169037,9.681616995918109,-0.3685666834155166
0.7310000000000005,3.0,20.0,15.706439820617659,2.4315239775880046,3.8223032907283043,9.644668559267325,-0.369484366507836
0.7320000000000005,3.0,20.0,15.767776394608836,2.4407454587952397,3.8319109207890807,9.607630060775906,-0.37038498491419525
0.7330000000000005,3.0,20.0,15.82823673182871,2.449830749022233,3.84148142397004,9.570503180959165,-0.37126879816741654
0.7340000000000005,3.0,20.0,15.887833349945442,2.458781903168134,3.8510147135448203,9.533289574780497,-0.37213606178666647
0.7350000000000005,3.0,20.0,15.946578587803364,2.467600944372208,3.8605107044168667,9.495990872046512,-0.3729870273398637
0.7360000000000005,3.0,20.0,16.004484607977602,2.476289864507658,3.869969313094663,9.458608677795993,-0.37382194250518425
0.7370000000000005,3.0,20.0,16.061563399292208,2.4848506246683906,3.8793904576673457,9.421144572682824,-0.37464105113168533
0.7380000000000005,3.0,20.0,16.11782677930232,2.4932851556487883,3.8887740577806986,9.38360011335292,-0.37544459329905466
0.7390000000000005,3.0,20.0,16.173286396740856,2.501595358416462,3.8981200346135143,9.345976832815271,-0.376232805376482
0.7400000000000005,3.0,20.0,16.227953733930274,2.509783104578135,3.9074283108543217,9.308276240807203,-0.3770059200806742
0.7410000000000005,3.0,20.0,16.28184010915984,2.517850236838708,3.9166988106784753,9.270499824153902,-0.37776416653301603
0.7420000000000005,3.0,20.0,16.334956679028988,2.5257985694534923,3.925931459725598,9.232649047122313,-0.37850777031588023
0.7430000000000005,3.0,20.0,16.387314440757144,2.5336298886738167,3.935126185077367,9.194725351769502,-0.3792369535281073
0.7440000000000005,3.0,20.0,16.438924234460615,2.541345953185945,3.944282915235653,9.156730158285537,-0.379951934839652
0.7450000000000006,3.0,20.0,16.48979674539689,2.5489484945434526,3.953401580100984,9.118664865330997,-0.3806529295454125
0.7460000000000006,3.0,20.0,16.539942506176935,2.556439217593108,3.9624821109513535,9.080530850369172,-0.381340149618248
0.7470000000000006,3.0,20.0,16.589371898945835,2.5638198008943274,3.9715244404213466,9.042329469993053,-0.3820138037611951
0.7480000000000006,3.0,20.0,16.638095157532323,2.5710918971322787,3.9805285024815937,9.004062060247165,-0.38267409745889075
0.7490000000000006,3.0,20.0,16.686122369567574,2.578257133524711,3.9894942324185383,8.965729936944342,-0.3833212330282128
0.7500000000000006,3.0,20.0,16.73346347857375,2.5853171122225875,3.998421566814516,8.927334395977528,-0.3839554096681467
0.7510000000000006,3.0,20.0,16.780128286022695,2.5922734107045695,4.007310443528143,8.88887671362664,-0.3845768235088852
0.7520000000000006,3.0,20.0,16.826126453365227,2.5991275821654627,4.016160801675003,8.850358146860621,-0.38518566766017515
0.7530000000000006,3.0,20.0,16.871467504031436,2.6058811558986683,4.024972581608638,8.81177993363473,-0.385782132258916
0.7540000000000006,3.0,20.0,16.916160825402415,2.612535637672753,4.033745724901821,8.773143293183129,-0.3863664045160245
0.7550000000000006,3.0,20.0,16.960215670753808,2.61909251010212,4.042480174328128,8.734449426306872,-0.38693866876256494
0.7560000000000006,3.0,20.0,17.00364116117161,2.625553233012022,4.0511758738437855,8.695699515657354,-0.3874991064951722
0.7570000000000006,3.0,20.0,17.046446287440588,2.631919243797812,4.059832768569801,8.656894726015278,-0.3880478964207569
0.7580000000000006,3.0,20.0,17.088639911905723,2.6381919577786146,4.068450804774367,8.618036204565227,-0.38858521450051575
0.7590000000000006,3.0,20.0,17.13023077030707,2.64437276854546,4.077029929855533,8.579125081165902,-0.3891112339932502
0.7600000000000006,3.0,20.0,17.171227473588395,2.650463048303953,4.085570092324149,8.540162468616101,-0.3896261254980045
0.7610000000000006,3.0,20.0,17.21163850967999,2.6564641482116,4.0940712417870655,8.501149462916498,-0.3901300569960378
0.7620000000000006,3.0,20.0,17.25147224525599,2.662377398709725,4.102533328930592,8.462087143527286,-0.39062319389212224
0.7630000000000006,3.0,20.0,17.290736927466618,2.6682041098502856,4.110956305504214,8.422976573621765,-0.3911056990552041
0.7640000000000006,3.0,20.0,17.329440685645665,2.673945571617385,4.11934012430455,8.383818800335925,-0.39157773285840614
0.7650000000000006,3.0,20.0,17.367591532993583,2.6796030542438,4.127684739159563,8.344614855014084,-0.39203945321840616
0.7660000000000006,3.0,20.0,17.405197368236532,2.685177808522421,4.135990104913014,8.305365753450666,-0.3924910156341846
0.7670000000000006,3.0,20.0,17.442265977261723,2.690671066112813,4.144256177409143,8.26607249612815,-0.39293257322516145
0.7680000000000006,3.0,20.0,17.47880503472941,2.696084039842808,4.152482913477594,8.22673606845128,-0.3933642767687161
0.7690000000000006,3.0,20.0,17.51482210566185,2.701417924005379,4.160670270918572,8.187357440977568,-0.3937862747371188
0.7700000000000006,3.0,20.0,17.55032464700954,2.7066738946507405,4.168818208488215,8.147937569644181,-0.3941987133338671
0.7710000000000006,3.0,20.0,17.58532000919512,2.7118531098737737,4.176926685884206,8.108477395991237,-0.3946017365294403
0.7720000000000006,3.0,20.0,17.61981543763519,2.7169567100968965,4.184995663731588,8.068977847381587,-0.39499548609648716
0.7730000000000006,3.0,20.0,17.6538180742404,2.721985818348349,4.1930251035688055,8.029439837217144,-0.3953801016444413
0.7740000000000006,3.0,20.0,17.68733495889411,2.7269415405360986,4.201014967833957,7.989864265151785,-0.3957557206535925
0.7750000000000006,3.0,20.0,17.720373030909908,2.7318249657172595,4.208965219851258,7.950252017300925,-0.39612247850859816
0.7760000000000006,3.0,20.0,17.752939130468338,2.736637166363276,4.2168758238177055,7.910603966447778,-0.39648050853146843
0.7770000000000006,3.0,20.0,17.785040000033074,2.741379198620777,4.224746744789952,7.8709209722463775,-0.39682994201401156
0.7780000000000006,3.0,20.0,17.816682285746886,2.7460521025683002,4.2325779486713735,7.8312038814214,-0.39717090824976553
0.7790000000000006,3.0,20.0,17.847872538807646,2.7506569024688154,4.240369402199338,7.79145352796486,-0.39750353456540605
0.7800000000000006,3.0,20.0,17.87861721682468,2.755194607018252,4.248121072932667,7.751670733329695,-0.3978279463516577
0.7810000000000006,3.0,20.0,17.908922685155755,2.7596662095899767,4.255832929239288,7.711856306620326,-0.3981442670937009
0.7820000000000006,3.0,20.0,17.938795218224957,2.7640726884753652,4.263504940284068,7.672011044780216,-0.398452618401092
0.7830000000000006,3.0,20.0,17.96824100082174,2.7684150071204563,4.271137076016844,7.632135732776497,-0.3987531200371971
0.7840000000000006,3.0,20.0,17.99726612938143,2.7726941143588535,4.278729307160626,7.592231143781682,-0.39904588994815676
0.7850000000000006,3.0,20.0,18.02587661324741,2.776910944640771,4.286281605199979,7.552298039352544,-0.3993310442913731
0.7860000000000006,3.0,20.0,18.054078375915303,2.781066418258489,4.293793942369584,7.512337169606188,-0.3996086974635482
0.7870000000000006,3.0,20.0,18.08187725625937,2.785161441568091,4.301266291642978,7.4723492733933625,-0.39987896212826096
0.7880000000000006,3.0,20.0,18.109279009741382,2.789196907207666,4.308698626721447,7.432335078469052,-0.4001419492431033
0.7890000000000006,3.0,20.0,18.13628930960222,2.7931736943119763,4.316090922023108,7.392295301660414,-0.4003977680863771
0.7900000000000006,3.0,20.0,18.162913748036473,2.797092668723635,4.323443152672139,7.352230649032078,-0.40064652628335623
0.7910000000000006,3.0,20.0,18.189157837350237,2.8009546832008887,4.330755294488188,7.312141816048865,-0.40088832983212686
0.7920000000000006,3.0,20.0,18.215027011102375,2.804760577622071,4.338027323975924,7.272029487735965,-0.4011232831290128
0.7930000000000006,3.0,20.0,18.240526625229485,2.80851117918671,4.3452592183147605,7.2318943388366055,-0.40135148899358497
0.7940000000000006,3.0,20.0,18.265661959154777,2.812207302613391,4.352450955348728,7.191737033967279,-0.4015730486932675
0.7950000000000006,3.0,20.0,18.290438216881135,2.8158497503344506,4.359602513576498,7.151558227770524,-0.40178806196754824
0.7960000000000006,3.0,20.0,18.314860528068547,2.819439312687515,4.366713872141563,7.111358565065344,-0.4019966270517986
0.7970000000000006,3.0,20.0,18.338933949096138,2.822976768103916,4.373785010822559,7.071138680995273,-0.40219884070070366
0.7980000000000006,3.0,20.0,18.36266346410905,2.8264628832941208,4.380815910023733,7.030899201174141,-0.40239479821132024
0.7990000000000006,3.0,20.0,18.38605398605035,2.829898413430101,4.387806550765562,6.990640741829565,-0.40258459344575637
0.8000000000000006,3.0,20.0,18.409110357678202,2.8332841023248116,4.394756914675507,6.950363909944217,-0.40276831885348924
0.8010000000000006,3.0,20.0,18.431837352568515,2.8366206826087534,4.401666983978902,6.910069303394885,-0.40294606549332085
0.8020000000000006,3.0,20.0,18.45423967610325,2.839908875903655,4.408536741489992,6.869757511089388,-0.40311792305497607
0.8030000000000006,3.0,20.0,18.47632196644463,2.8431493929934426,4.415366170603093,6.829429113101352,-0.40328397988036263
0.8040000000000006,3.0,20.0,18.49808879549542,2.846342933992327,4.422155255283896,6.789084680802904,-0.4034443229844727
0.8050000000000006,3.0,20.0,18.519544669845484,2.8494901885102903,4.428903980060891,6.748724776995307,-0.4035990380759613
0.8060000000000006,3.0,20.0,18.540694031704835,2.85259183581584,4.435612330016929,6.708349956037569,-0.4037482095773844
0.8070000000000006,3.0,20.0,18.561541259823336,2.8556485449961793,4.442280290780902,6.667960763973058,-0.4038919206451159
0.8080000000000006,3.0,20.0,18.58209067039729,2.8586609751147725,4.448907848519556,6.627557738654163,-0.40403025318894104
0.8090000000000006,3.0,20.0,18.602346517963042,2.861629775366379,4.455494989929421,6.58714140986503,-0.40416328789133404
0.8100000000000006,3.0,20.0,18.622312996277856,2.864555585229617,4.462041702228864,6.546712299442387,-0.4042911042264295
0.8110000000000006,3.0,20.0,18.641994239188172,2.8674390346170258,4.468547973150258,6.506270921394518,-0.4044137804786821
0.8120000000000006,3.0,20.0,18.661394321485485,2.8702807440227636,4.475013790932277,6.465817782018394,-0.40453139376123237
0.8130000000000006,3.0,20.0,18.680517259749976,2.8730813246679183,4.481439144312292,6.425353380014998,-0.40464402003397565
0.8140000000000006,3.0,20.0,18.69936701318212,2.8758413786434573,4.487824022518894,6.384878206602863,-0.4047517341213378
0.8150000000000006,3.0,20.0,18.717947484422375,2.878561499050912,4.494168415264524,6.344392745629887,-0.4048546097297685
0.8160000000000006,3.0,20.0,18.736262520359197,2.8812422701408114,4.500472312738207,6.303897473683391,-0.40495271946495515
0.8170000000000006,3.0,20.0,18.754315912925495,2.883884267448866,4.506735705598406,6.263392860198515,-0.405046134848757
0.8180000000000006,3.0,20.0,18.772111399883702,2.886488057930012,4.512958584965971,6.222879367564928,-0.4051349263358727
0.8190000000000006,3.0,20.0,18.78965266559965,2.889054200090243,4.519140942417203,6.182357451231904,-0.4052191633302338
0.8200000000000006,3.0,20.0,18.80694334180537,2.8915832441164095,4.525282769977015,6.14182755981179,-0.4052989142011442
0.8210000000000006,3.0,20.0,18.823987008351008,2.8940757320038966,4.531384060112197,6.101290135181874,-0.4053742462991567
0.8220000000000006,3.0,20.0,18.840787193945992,2.896532197682257,4.537444805724782,6.060745612584705,-0.4054452259716953
0.8230000000000006,3.0,20.0,18.85734737688962,2.898953167138849,4.54346500014551,6.020194420726862,-0.4055119185784289
0.8240000000000006,3.0,20.0,18.873670985791197,2.901339158540531,4.549444637127385,5.979636981876221,-0.4055743885064035
0.8250000000000006,3.0,20.0,18.889761400279895,2.9036906823533517,4.555383710839343,5.939073711957729,-0.4056326991849255
0.8260000000000006,3.0,20.0,18.905621951704468,2.906008241460383,4.561282215859991,5.898505020647707,-0.40568691310021426
0.8270000000000006,3.0,20.0,18.921255923822976,2.908292331277652,4.567140147171457,5.857931311466725,-0.40573709180981715
0.8280000000000006,3.0,20.0,18.93666655348265,2.91054343986824,4.572957500153329,5.8173529818710445,-0.4057832959567982
0.8290000000000006,3.0,20.0,18.95185703129004,2.912762048054545,4.578734270576672,5.7767704233426755,-0.405825585283697
0.8300000000000006,3.0,20.0,18.96683050227161,2.914948629528798,4.58447045459815,5.736184021478048,-0.40586401864627186
0.8310000000000006,3.0,20.0,18.981590066524873,2.917103650961784,4.590166048754225,5.695594156075346,-0.40589865402701847
0.8320000000000006,3.0,20.0,18.99613877986023,2.9192275721098513,4.595821049955445,5.655001201220498,-0.4059295485484768
0.8330000000000006,3.0,20.0,19.010479654433656,2.9213208459202296,4.601435455480817,5.614405525371866,-0.4059567584863269
0.8340000000000006,3.0,20.0,19.02461565937032,2.9233839186346753,4.6070092629722605,5.573807491443638,-0.4059803392822774
0.8350000000000006,3.0,20.0,19.038549721379315,2.925417229891476,4.6125424704291484,5.533207456887963,-0.40600034555674935
0.8360000000000006,3.0,20.0,19.05228472535961,2.927421212825834,4.618035076202924,5.492605773775827,-0.4060168311213592
0.8370000000000006,3.0,20.0,19.06582351499733,2.929396294168658,4.6234870789918014,5.452002788876706,-0.4060298489912033
0.8380000000000006,3.0,20.0,19.07916889335451,2.931342894343821,4.628898477835538,5.411398843737011,-0.406039451396952
0.8390000000000006,3.0,20.0,19.092323623449445,2.933261427563835,4.634269272110295,5.370794274757337,-0.40604568979674704
0.8400000000000006,3.0,20.0,19.105290428828738,2.9351523019240906,4.639599461523564,5.330189413268545,-0.40604861488791993
0.8410000000000006,3.0,20.0,19.118071994131185,2.9370159194954963,4.644889046109171,5.289584585606693,-0.40604827661851217
0.8420000000000006,3.0,20.0,19.130670965643596,2.938852676415787,4.650138026222357,5.24898011318683,-0.4060447241986296
0.8430000000000006,3.0,20.0,19.143089951848687,2.940662962979303,4.655346402534933,5.20837631257567,-0.40603800611160595
0.8440000000000006,3.0,20.0,19.155331523965135,2.9424471637254053,4.660514176030496,5.16777349556317,-0.4060281701249986
0.8450000000000006,3.0,20.0,19.167398216479917,2.944205657525437,4.665641347999729,5.127171969233029,-0.4060152633014018
0.8460000000000006,3.0,20.0,19.179292527673063,2.9459388176684334,4.670727920035762,5.086572036032119,-0.4059993320091049
0.8470000000000006,3.0,20.0,19.191016920134878,2.947647011945368,4.675773894029601,5.045973993838861,-0.4059804219325691
0.8480000000000006,3.0,20.0,19.20257382127581,2.949330602732144,4.680779272165632,5.005378136030587,-0.40595857808274743
0.8490000000000006,3.0,20.0,19.21396562382901,2.950989947071273,4.685744056917181,4.964784751549862,-0.40593384480724226
0.8500000000000006,3.0,20.0,19.22519468634574,2.952625396752264,4.690668251042151,4.924194124969832,-0.4059062658003016
0.8510000000000006,3.0,20.0,19.23626333368366,2.9542372983907503,4.695551857578709,4.883606536558567,-0.40587588411265957
0.8520000000000006,3.0,20.0,19.24717385748818,2.955825993506414,4.700394879841052,4.843022262342444,-0.4058427421612262
0.8530000000000006,3.0,20.0,19.25792851666692,2.957391818599657,4.70519732141522,4.802441574168582,-0.4058068817386224
0.8540000000000006,3.0,20.0,19.26852953785739,2.958935105227085,4.709959186154986,4.761864739766325,-0.4057683440225669
0.8550000000000006,3.0,20.0,19.278979115888,2.960456180075825,4.714680478177794,4.7212920228078135,-0.4057271695851178
0.8560000000000006,3.0,20.0,19.289279414232457,2.9619553650366734,4.719361201860762,4.680723682967637,-0.40568339840176953
0.8570000000000007,3.0,20.0,19.299432565457707,2.963432977276107,4.724001361836743,4.640159975981596,-0.4056370698604082
0.8580000000000007,3.0,20.0,19.309440671665453,2.9648893293071676,4.728600962990448,4.599601153704583,-0.4055882227701261
0.8590000000000007,3.0,20.0,19.319305804927374,2.9663247290592736,4.733160010454616,4.559047464167593,-0.40553689536990395
0.8600000000000007,3.0,20.0,19.329030007714127,2.967739479946893,4.7376785096062495,4.518499151633878,-0.4054831253371512
0.8610000000000007,3.0,20.0,19.33861529331821,2.969133880937222,4.742156466062903,4.477956456654265,-0.40542694979612204
0.8620000000000007,3.0,20.0,19.348063646270806,2.97050822661675,4.746593885679026,4.437419616121646,-0.4053684053261939
0.8630000000000007,3.0,20.0,19.35737702275265,2.971862807256805,4.75099077454235,4.396888863324644,-0.4053075279700189
0.8640000000000007,3.0,20.0,19.36655735099904,2.9731979088781415,4.755347138970351,4.356364428000489,-0.4052443532415557
0.8650000000000007,3.0,20.0,19.375606531699056,2.9745138133144273,4.759662985506739,4.315846536387093,-0.4051789161339654
0.8660000000000007,3.0,20.0,19.38452643838907,2.9758107982748534,4.7639383209180135,4.275335411274353,-0.40511125112739754
0.8670000000000007,3.0,20.0,19.393318917840656,2.977089137405705,4.768173152190068,4.234831272054689,-0.40504139219664753
0.8680000000000007,3.0,20.0,19.401985790442932,2.978349100351,4.772367486524841,4.194334334772819,-0.40496937281869794
0.8690000000000007,3.0,20.0,19.41052885057946,2.979590952812223,4.776521331337015,4.153844812174804,-0.40489522598014693
0.8700000000000007,3.0,20.0,19.418949866999753,2.980814956607081,4.780634694250772,4.113362913756353,-0.4048189841845162
0.8710000000000007,3.0,20.0,19.427250583185472,2.982021369727426,4.784707583096582,4.072888845810407,-0.4047406794594535
0.8720000000000007,3.0,20.0,19.435432717711393,2.9832104463961855,4.788740005908056,4.032422811474025,-0.40466034336381423
0.8730000000000007,3.0,20.0,19.44349796460123,2.9843824371235455,4.7927319709188305,3.9919650107745603,-0.4045780069946477
0.8740000000000007,3.0,20.0,19.451447993678357,2.985537588762158,4.796683486559506,3.9515156406751544,-0.40449370099406345
0.8750000000000007,3.0,20.0,19.459284450911525,2.9866761445615646,4.800594561454625,3.9110748951195546,-0.40440745555600005
0.8760000000000007,3.0,20.0,19.467008958755645,2.9877983442217495,4.804465204419702,3.870642965076266,-0.40431930043288533
0.8770000000000007,3.0,20.0,19.474623116487706,2.9889044239459164,4.808295424458285,3.830220038582046,-0.4042292649421998
0.8780000000000007,3.0,20.0,19.482128500537883,2.989994616492382,4.812085230759069,3.789806300784753,-0.4041373779729316
0.8790000000000007,3.0,20.0,19.489526664815912,2.9910691512257754,4.815834632693055,3.7494019339855584,-0.40404366799194297
0.8800000000000007,3.0,20.0,19.496819141032827,2.992128254167346,4.819543639810735,3.7090071176805357,-0.4039481630502281
0.8810000000000007,3.0,20.0,19.50400743901807,2.9931721480445947,4.823212261839338,3.6686220286016273,-0.4038508907890854
0.8820000000000007,3.0,20.0,19.511093047032098,2.994201052340098,4.826840508680094,3.628246840757008,-0.40375187844618976
0.8830000000000007,3.0,20.0,19.518077432074495,2.9952151833395835,4.830428390405565,3.5878817254708504,-0.4036511528615721
0.8840000000000007,3.0,20.0,19.524962040187717,2.9962147541792863,4.833975917256987,3.547526851422499,-0.4035487404835092
0.8850000000000007,3.0,20.0,19.531748296756465,2.997199974892613,4.8374830996416724,3.5071823846850667,-0.4034446673743271
0.8860000000000007,3.0,20.0,19.538437606802802,2.998171052455996,4.840949948130436,3.466848488763456,-0.40333895921610513
0.8870000000000007,3.0,20.0,19.545031355277047,2.999128190834197,4.844376473455068,3.4265253246318252,-0.4032316413163093
0.8880000000000007,3.0,20.0,19.551530907344517,3.0000715910247946,4.847762686505838,3.3862130507704924,-0.40312273861332604
0.8890000000000007,3.0,20.0,19.557937608668166,3.0010014511020557,4.8511085983290405,3.3459118232023006,-0.4030122756819194
0.8900000000000007,3.0,20.0,19.56425278568719,3.00191796626011,4.854414220124569,3.305621795528441,-0.40290027673859957
0.8910000000000007,3.0,20.0,19.57047774589166,3.0028213288554957,4.857679563243533,3.265343118963749,-0.40278676564691596
0.8920000000000007,3.0,20.0,19.576613778093208,3.003711728449084,4.860904639185904,3.2250759423714817,-0.4026717659226705
0.8930000000000007,3.0,20.0,19.582662152691878,3.004589351847274,4.864089459598202,3.184820412297577,-0.4025553007390424
0.8940000000000007,3.0,20.0,19.588624121939137,3.0054543831426717,4.867234036271206,3.144576673004413,-0.4024373929316466
0.8950000000000007,3.0,20.0,19.59450092019715,3.006307003754057,4.870338381137711,3.1043448665040625,-0.4023180650035064
0.8960000000000007,3.0,20.0,19.600293764194333,3.0071473924658605,4.873402506270302,3.064125132591066,-0.4021973391299619
0.8970000000000007,3.0,20.0,19.606003853277272,3.0079757254669053,4.876426423879177,3.0239176088747173,-0.40207523716348975
0.8980000000000007,3.0,20.0,19.611632369659027,3.0087921763886802,4.879410146309988,2.9837224308108707,-0.40195178063846354
0.8990000000000007,3.0,20.0,19.617180478663897,3.0095969163429857,4.882353686041721,2.943539731733287,-0.4018269907758355
0.9000000000000007,3.0,20.0,19.6226493289687,3.010390113958983,4.8852570556846056,2.903369642884513,-0.4017008884877457
0.9010000000000007,4.0,0.20630064747864624,19.345272919233125,2.9701023049120927,4.8881207593665525,2.8637036819473405,-0.3966596093717198
0.9020000000000007,4.0,0.20630064747864624,19.07185902963663,2.9302766865988197,4.890945295425484,2.824536058931411,-0.3916762301592977
0.9030000000000007,4.0,0.20630064747864624,18.80235105274866,2.8909115893043023,4.89373115643167,2.7858610061858036,-0.38675052745607325
0.9040000000000007,4.0,0.20630064747864624,18.53669318981623,2.8520051439437104,4.896478829212468,2.747672780797874,-0.38188225387929525
0.9050000000000007,4.0,0.20630064747864624,18.274830439211406,2.8135552953976246,4.899188794879299,2.7099656668309544,-0.3770711396691938
0.9060000000000007,4.0,0.20630064747864624,18.016708585043794,2.775559815144277,4.901861528856709,2.6727339774093783,-0.37231689421576236
0.9070000000000007,4.0,0.20630064747864624,17.76227418593572,2.7380163132249207,4.904497500913368,2.635972056658846,-0.3676192075053264
0.9080000000000007,4.0,0.20630064747864624,17.511474563957762,2.7009222495768155,4.9070971751948775,2.5996742815097447,-0.36297775149101286
0.9090000000000007,4.0,0.20630064747864624,17.264257793722347,2.6642749447661815,4.909661010258247,2.563835063370646,-0.3583921813909865
0.9100000000000007,4.0,0.20630064747864624,17.020572691633152,2.6280715901521363,4.9121894591079265,2.5284488496788304,-0.35386213691815804
0.9110000000000007,4.0,0.20630064747864624,16.780368805288088,2.5923092575105615,4.914682969233261,2.493510125334348,-0.34938724344482425
0.9120000000000007,4.0,0.20630064747864624,16.543596403033668,2.5569849081456857,4.917141982647284,2.4590134140237914,-0.3449671131055643
0.9130000000000007,4.0,0.20630064747864624,16.310206463668596,2.5220954015154824,4.919566935926724,2.42495327943964,-0.34060134584151397
0.9140000000000007,4.0,0.20630064747864624,16.080150666294454,2.4876375033955984,4.921958260253125,2.3913243264007424,-0.33628953038897613
0.9150000000000007,4.0,0.20630064747864624,15.85338138031137,2.453607893605499,4.924316381455004,2.358121201879222,-0.3320312452152058
0.9160000000000007,4.0,0.20630064747864624,15.629851655556617,2.4200031733188316,4.9266417200509425,2.3253385959388213,-0.3278260594040042
0.9170000000000007,4.0,0.20630064747864624,15.409515212584076,2.386819871979382,4.928934691293533,2.2929712425894526,-0.3236735334936851
0.9180000000000007,4.0,0.20630064747864624,15.19232643308257,2.3540544538424504,4.931195705214095,2.2610139205624735,-0.3195732202697905
0.9190000000000007,4.0,0.20630064747864624,14.978240350431086,2.321703324160705,4.933425166668106,2.2294614540109894,-0.31552466551484265
0.9200000000000007,4.0,0.20630064747864624,14.767212640388909,2.2897628350325636,4.935623475381245,2.198308713139259,-0.3115274087172995
0.9210000000000007,4.0,0.20630064747864624,14.559199611918762,2.2582292909300596,4.9377910259960105,2.1675506147650845,-0.30758098374174925
0.9220000000000007,4.0,0.20630064747864624,14.354158198141047,2.2270989539225328,4.93992820811883,2.137182122818854,-0.30368491946230725
0.9230000000000007,4.0,0.20630064747864624,14.152045947417298,2.1963680486114514,4.942035406367612,2.107198248782748,-0.2998387403610561
0.9240000000000007,4.0,0.20630064747864624,13.952821014561032,2.1660327667909467,4.944113000419685,2.0775940520734197,-0.2960419670932813
0.9250000000000007,4.0,0.20630064747864624,13.75644215217414,2.1360892718479905,4.946161365060056,2.048364640371302,-0.29229411702117863
0.9260000000000007,4.0,0.20630064747864624,13.56286870210706,2.1065337029152715,4.9481808702299555,2.019505169899541,-0.28859470471760557
0.9270000000000007,4.0,0.20630064747864624,13.37206058704094,2.07736217878936,4.950171881075611,1.9910108456554019,-0.28494324244139174
0.9280000000000007,4.0,0.20630064747864624,13.18397830219005,2.048570801625882,4.952134757997208,1.96287692159684,-0.28133924058562065
0.9290000000000007,4.0,0.20630064747864624,12.998582907122744,2.0201556604231383,4.954069856697994,1.9350987007868141,-0.27778220810026144
0.9300000000000007,4.0,0.20630064747864624,12.815836017699256,1.9921128343046588,4.955977528233492,1.9076715354977725,-0.2742716528904146
0.9310000000000007,4.0,0.20630064747864624,12.635699798124676,1.9644383956110305,4.957858119060771,1.8805908272786307,-0.2708070821914195
0.9320000000000007,4.0,0.20630064747864624,12.458136953115448,1.9371284128105226,4.959711971087757,1.8538520269864336,-0.26738800292197284
0.9330000000000007,4.0,0.20630064747864624,12.28311072017778,1.9101789532376867,4.961539421722542,1.827450634784797,-0.26401392201636503
0.9340000000000007,4.0,0.20630064747864624,12.110584861996363,1.8835860856687527,4.963340803922653,1.8013822001111068,-0.2606843467369016
0.9350000000000007,4.0,0.20630064747864624,11.940523658931825,1.857345882741881,4.965116446244268,1.7756423216143586,-0.2573987849674814
0.9360000000000007,4.0,0.20630064747864624,11.772891901625352,1.831454423230348,4.966866672891333,1.7502266470654275,-0.25415674548931005
0.9370000000000007,4.0,0.20630064747864624,11.607654883708971,1.8059077941759756,4.968591803764575,1.7251308732414645,-0.2509577382396301
0.9380000000000007,4.0,0.20630064747864624,11.444778394619966,1.78070209288998,4.9702921545103615,1.7003507457860305,-0.2478012745543384
0.9390000000000007,4.0,0.20630064747864624,11.284228712517947,1.7558334288279505,4.9719680365694074,1.6758820590465004,-0.2446868673953009
0.9400000000000007,4.0,0.20630064747864624,11.1259725973031,1.7312979253453848,4.973619757225298,1.6517206558901862,-0.2416140315631437
0.9410000000000007,4.0,0.20630064747864624,10.96997728373418,1.707091721339895,4.975247619652799,1.62786242750056,-0.2385822838962601
0.9420000000000007,4.0,0.20630064747864624,10.816210474644814,1.6832109727857754,4.976851922965953,1.6043033131548878,-0.23559114345672372
0.9430000000000007,4.0,0.20630064747864624,10.664640334256726,1.6596518541665843,4.978432962265938,1.5810392999845084,-0.23264013170379275
0.9440000000000007,4.0,0.20630064747864624,10.515235481588467,1.6364105598108551,4.979991028688657,1.558066422718946,-0.22972877265562414
0.9450000000000007,4.0,0.20630064747864624,10.367964983958327,1.6134833051359512,4.981526409452072,1.5353807634149654,-0.2268565930398077
0.9460000000000007,4.0,0.20630064747864624,10.222798350580046,1.590866327804822,4.9830393879032435,1.5129784511716358,-0.22402312243329559
0.9470000000000007,4.0,0.20630064747864624,10.079705526250025,1.56855588880009,4.984530243565075,1.4908556618324091,-0.22122789339226562
0.9480000000000007,4.0,0.20630064747864624,9.93865688512472,1.5465482734198162,4.985999252182751,1.4690086176751647,-0.21847044157244624
0.9490000000000007,4.0,0.20630064747864624,9.799623224586918,1.524839792198946,4.987446685769841,1.4474335870911257,-0.2157503058403881
0.9500000000000007,4.0,0.20630064747864624,9.662575759199658,1.503426781760333,4.988872812654095,1.4261268842535102,-0.21306702837615696
0.9510000000000007,4.0,0.20630064747864624,9.5274861147465,1.482305605599025,4.990277897522871,1.4050848687767208,-0.21042015476789447
0.9520000000000007,4.0,0.20630064747864624,9.394326322356958,1.461472654803273,4.991662201468238,1.3843039453668537,-0.20780923409866842
0.9530000000000007,4.0,0.20630064747864624,9.26306881271584,1.4409243487155772,4.9930259820317024,1.3637805634642524,-0.20523381902601412
0.9540000000000007,4.0,0.20630064747864624,9.133686410355308,1.4206571355370108,4.9943694932485805,1.3435112168787962,-0.20269346585456244
0.9550000000000007,4.0,0.20630064747864624,9.006152328028499,1.400667492877698,4.995692985691999,1.3234924434185857,-0.2001877346021035
0.9560000000000007,4.0,0.20630064747864624,8.8804401611635,1.3809519282564242,4.996996706516511,1.303720824512641,-0.1977161890594482
0.9570000000000007,4.0,0.20630064747864624,8.756523882396573,1.361506979551999,4.9982808995013395,1.2841929848282003,-0.19527839684440748
0.9580000000000007,4.0,0.20630064747864624,8.634377836183459,1.3423292154090296,4.999545805093223,1.2649055918831789,-0.19287392945021203
0.9590000000000007,4.0,0.20630064747864624,8.513976733487675,1.3234152356004572,5.0007916604488765,1.245855355654313,-0.1905023622886593
0.9600000000000007,4.0,0.20630064747864624,8.395295646544689,1.3047616713493784,5.002018699477058,1.2270390281814834,-0.18816327472829486
0.9610000000000007,4.0,0.20630064747864624,8.278310003700888,1.286365185612103,5.003227152880227,1.2084534031686969,-0.1858562501278659
0.9620000000000007,4.0,0.20630064747864624,8.162995584326284,1.2682224733248395,5.004417248195809,1.190095315582163,-0.18358087586533844
0.9630000000000007,4.0,0.20630064747864624,8.049328513799889,1.2503302616157854,5.005589209837055,1.1719616412458935,-0.18133674336269467
0.9640000000000007,4.0,0.20630064747864624,7.937285258566728,1.2326853099846788,5.00674325913349,1.1540492964352174,-0.17912344810676123
0.9650000000000007,4.0,0.20630064747864624,7.82684262126547,1.2152844104515679,5.0078796143709585,1.136355237468589,-0.17694058966628268
0.9660000000000007,4.0,0.20630064747864624,7.7179777359256585,1.1981243876765242,5.008998490831257,1.118876460298044,-0.17478777170545062
0.9670000000000007,4.0,0.20630064747864624,7.610668063233558,1.1812020990519274,5.010100100831356,1.1016100000986353,-0.17266460199408729
0.9680000000000007,4.0,0.20630064747864624,7.504891385865631,1.1645144347689627,5.0111846537622124,1.0845529308571669,-0.1705706924146832
0.9690000000000007,4.0,0.20630064747864624,7.400625803888674,1.1480583178596437,5.012252356127173,1.067702364960522,-0.1685056589664503
0.9700000000000008,4.0,0.20630064747864624,7.297849730225673,1.131830704215992,5.013303411579957,1.0510554527838631,-0.16646912176658832
0.9710000000000008,4.0,0.20630064747864624,7.19654188618643,1.1158285825875258,5.014338020962236,1.0346093822789724,-0.16446070504890625
0.9720000000000008,4.0,0.20630064747864624,7.096681297062033,1.1000489745584003,5.0153563823408,1.0183613785629761,-0.16248003715996223
0.9730000000000008,4.0,0.20630064747864624,6.99824728778227,1.0844889345054427,5.016358691044307,1.0023087035076887,-0.16052675055287405
0.9740000000000008,4.0,0.20630064747864624,6.901219478635076,1.0691455495381943,5.0173451396996365,0.9864486553297951,-0.15860048177893554
0.9750000000000008,4.0,0.20630064747864624,6.805577781047127,1.0540159394220434,5.018315918267819,0.9707785681820779,-0.1567008714771722
0.9760000000000008,4.0,0.20630064747864624,6.71130239342472,1.0390972564855256,5.019271214079565,0.9552958117458812,-0.15482756436196712
0.9770000000000008,4.0,0.20630064747864624,6.618373797054062,1.02438668551271,5.020211211870389,0.9399977908249942,-0.15298020920886887
0.9780000000000008,4.0,0.20630064747864624,6.526772752060127,1.0098814436217096,5.021136093815331,0.9248819449411232,-0.15115845883871004
0.9790000000000008,4.0,0.20630064747864624,6.436480293423249,0.9955787801301346,5.022046039563262,0.9099457479311098,-0.1493619701001342
0.9800000000000008,4.0,0.20630064747864624,6.3474777270526115,0.9814759764083303,5.022941226270808,0.8951867075460461,-0.14759040385063615
0.9810000000000008,4.0,0.20630064747864624,6.259746625915841,0.967570345721243,5.02382182863586,0.8806023650524244,-0.14584342493621802
0.9820000000000008,4.0,0.20630064747864624,6.173268826223881,0.9538592330596651,5.024688018930696,0.8661902948354492,-0.14412070216975204
0.9830000000000008,4.0,0.20630064747864624,6.088026423670377,0.9403400149615653,5.0255399670347005,0.8519481040046353,-0.14242190830813822
0.9840000000000008,4.0,0.20630064747864624,6.004001769724781,0.9270100993241912,5.0263778404667026,0.8378734320018013,-0.14074672002833982
0.9850000000000008,4.0,0.20630064747864624,5.921177467978408,0.9138669252076732,5.027201804416914,0.8239639502115627,-0.13909481790238543
0.9860000000000008,4.0,0.20630064747864624,5.839536370542698,0.9009079626305874,5.028012021778489,0.8102173615744233,-0.13746588637139512
0.9870000000000008,4.0,0.20630064747864624,5.759061574498926,0.8881307123582682,5.028808653178691,0.7966314002025507,-0.13585961371872615
0.9880000000000008,4.0,0.20630064747864624,5.679736418398636,0.875532705684255,5.02959185700969,0.7832038309983221,-0.13427569204228568
0.9890000000000008,4.0,0.20630064747864624,5.6015444788140645,0.8631115042055235,5.030361789458966,0.769932449275713,-0.1327138172260903
0.9900000000000008,4.0,0.20630064747864624,5.524469566937844,0.8508646995919076,5.03111860453935,0.7568150803846009,-0.13117368891112213
0.9910000000000008,4.0,0.20630064747864624,5.448495725231284,0.8387899133502856,5.031862454118688,0.7438495793380459,-0.12965501046555092
0.9920000000000008,4.0,0.20630064747864624,5.373607224120533,0.8268847965839077,5.03259348794913,0.731033830442609,-0.1281574889543696
0.9930000000000008,4.0,0.20630064747864624,5.299788558739934,0.8151470297473205,5.033311853696062,0.7183657469317591,-0.12668083510849798
0.9940000000000008,4.0,0.20630064747864624,5.2270244457219155,0.8035743223972911,5.034017696966664,0.7058432706024187,-0.12522476329340446
0.9950000000000008,4.0,0.20630064747864624,5.155299820032726,0.7921644129401442,5.034711161338119,0.6934643714546891,-0.12378899147729622
0.9960000000000008,4.0,0.20630064747864624,5.084599831853382,0.7809150683757984,5.035392388385453,0.6812270473347979,-0.12237324119891295
0.9970000000000008,4.0,0.20630064747864624,5.014909843505171,0.769824084038969,5.036061517709035,0.6691293235812997,-0.12097723753498113
0.9980000000000008,4.0,0.20630064747864624,4.946215426419077,0.7588892833377359,5.036718686961709,0.6571692526745644,-0.11960070906735382
0.9990000000000008,4.0,0.20630064747864624,4.878502358148499,0.7481085174898583,5.037364031875599,0.6453449138895762,-0.11824338784988196
1.0000000000000007,4.0,0.20630064747864624,4.811756619424644,0.7374796652571343,5.037997686288551,0.6336544129520708,-0.11690500937505399
1.0010000000000006,4.0,0.20630064747864624,4.745964391253987,0.7270006326780625,5.038619782170249,0.6220958816980273,-0.11558531254043544
1.0020000000000004,4.0,0.20630064747864624,4.6811120520571965,0.7166693527990173,5.039230449647985,0.6106674777365338,-0.11428403961493433
1.0030000000000003,4.0,0.20630064747864624,4.617186174848931,0.7064837854043151,5.039829817032102,0.59936738411604,-0.11300093620493808
1.0040000000000002,4.0,0.20630064747864624,4.554173524457927,0.6964419167452758,5.040418010841095,0.5881938089940064,-0.11173575122033577
1.0050000000000001,4.0,0.20630064747864624,4.492061054786795,0.686541759268543,5.040995155826406,0.5771449853099607,-0.11048823684045694
1.006,4.0,0.20630064747864624,4.430835906110964,0.6767813513439174,5.041561374996868,0.5662191704619649,-0.10925814847995859
1.007,4.0,0.20630064747864624,4.370485402416216,0.6671587569918365,5.042116789642854,0.5554146459864971,-0.10804524475467674
1.0079999999999998,4.0,0.20630064747864624,4.310997048774251,0.6576720656107025,5.042661519360095,0.5447297172417505,-0.1068492874474671
1.0089999999999997,4.0,0.20630064747864624,4.252358528755742,0.6483193917042844,5.04319568207319,0.5341627130943443,-0.10567004147406252
1.0099999999999996,4.0,0.20630064747864624,4.194557701880355,0.6390988746092585,5.043719394058799,0.5237119856094488,-0.10450727484895507
1.0109999999999995,4.0,0.20630064747864624,4.137582601103188,0.6300086782231489,5.044232769968544,0.5133759097443152,-0.10336075865133504
1.0119999999999993,4.0,0.20630064747864624,4.081421430337123,0.6210469907327378,5.044735922851589,0.5031528830452058,-0.10223026699109487
1.0129999999999992,4.0,0.20630064747864624,4.026062562010574,0.6122120243431168,5.045228964176937,0.4930413253477138,-0.10111557697491956
1.0139999999999991,4.0,0.20630064747864624,3.9714945346601174,0.6035020150075292,5.045712003855417,0.4830396784804656,-0.10001646867248128
1.014999999999999,4.0,0.20630064747864624,3.9177060505575247,0.5949152221580205,5.0461851502613895,0.47314640597219154,-0.09893272508274105
1.015999999999999,4.0,0.20630064747864624,3.8646859733706838,0.5864499284371965,5.046648510254151,0.4633599927621522,-0.0978641321003932
1.0169999999999988,4.0,0.20630064747864624,3.8124233258579405,0.5781044394309749,5.047102189199065,0.4536789449139082,-0.09681047848243945
1.0179999999999987,4.0,0.20630064747864624,3.760907287595379,0.5698770834026363,5.047546290988398,0.4441017893324153,-0.09577155581492958
1.0189999999999986,4.0,0.20630064747864624,3.7101271927365684,0.5617662110280852,5.047980918061882,0.43462707348442947,-0.09474715847985775
1.0199999999999985,4.0,0.20630064747864624,3.6600725278043122,0.5537701951325729,5.048406171427005,0.42525336512220496,-0.09373708362224557
1.0209999999999984,4.0,0.20630064747864624,3.6107329295139454,0.5458874304288084,5.048822150679015,0.41597925201046465,-0.09274113111740254
1.0219999999999982,4.0,0.20630064747864624,3.562098182627727,0.5381163332566952,5.049228954020672,0.4068033416566254,-0.09175910353839284
1.0229999999999981,4.0,0.20630064747864624,3.514158217839883,0.5304553413245956,5.049626678281715,0.39772426104425573,-0.0907908061236971
1.023999999999998,4.0,0.20630064747864624,3.4669031096918657,0.5229029134523198,5.050015418938085,0.3887406563697465,-0.08983604674509232
1.024999999999998,4.0,0.20630064747864624,3.420323074517391,0.5154575293158496,5.050395270130868,0.37985119278217133,-0.08889463587575187
1.0259999999999978,4.0,0.20630064747864624,3.3744084684168376,0.5081176891938102,5.050766324684994,0.37105455412631466,-0.0879663865585667
1.0269999999999977,4.0,0.20630064747864624,3.3291497852605776,0.5008819137158613,5.051128674127683,0.3623494426888438,-0.08705111437470901
1.0279999999999976,4.0,0.20630064747864624,3.2845376547208356,0.493748743612887,5.05148240870663,0.35373457894760146,-0.08614863741242335
1.0289999999999975,4.0,0.20630064747864624,3.2405628403316613,0.486716739469216,5.051827617407954,0.34520870132399406,-0.08525877623607356
1.0299999999999974,4.0,0.20630064747864624,3.1972162375766184,0.47978448147673347,5.0521643879738924,0.3367705659384512,-0.0843813538554286
1.0309999999999973,4.0,0.20630064747864624,3.1544888720037902,0.47295056919106904,5.052492806920261,0.32841894636893026,-0.08351619569520961
1.0319999999999971,4.0,0.20630064747864624,3.1123718973677166,0.4662136212897665,5.052812959553673,0.3201526334124416,-0.08266312956488692
1.032999999999997,4.0,0.20630064747864624,3.0708565937978727,0.45957227533261724,5.053124929988524,0.3119704348495667,-0.0818219856287486
1.033999999999997,4.0,0.20630064747864624,3.0299343659933125,0.4530251875239958,5.053428801163736,0.30387117521194457,-0.08099259637622176
1.0349999999999968,4.0,0.20630064747864624,2.989596741443103,0.4465710324773777,5.0537246548592885,0.2958536955526978,-0.08017479659246768
1.0359999999999967,4.0,0.20630064747864624,2.9498353686721823,0.4402085029820142,5.054012571712508,0.28791685321977306,-0.07936842332924782
1.0369999999999966,4.0,0.20630064747864624,2.9106420155122747,0.43393630977174624,5.054292631234141,0.28005952163216713,-0.07857331587605892
1.0379999999999965,4.0,0.20630064747864624,2.8720085673975086,0.4277531812960046,5.054564911824199,0.2722805900590129,-0.07778931573154235
1.0389999999999964,4.0,0.20630064747864624,2.8339270256843823,0.4216578634930367,5.0548294907876015,0.2645789634014956,-0.07701626657517306
1.0399999999999963,4.0,0.20630064747864624,2.796389505995729,0.4156491195653206,5.055086444349579,0.25695356197757335,-0.07625401423922272
1.0409999999999962,4.0,0.20630064747864624,2.759388236588342,0.40972572975718424,5.0553358476708885,0.24940332130947335,-0.0755024066809999
1.041999999999996,4.0,0.20630064747864624,2.722915556743918,0.40388649113470054,5.055577774862803,0.2419271919139358,-0.07476129395537524
1.042999999999996,4.0,0.20630064747864624,2.6869639151829854,0.3981302173677991,5.055812299001897,0.23452413909517736,-0.07403052818758453
1.0439999999999958,4.0,0.20630064747864624,2.6515258685014946,0.39245573851458015,5.056039492144638,0.22719314274054656,-0.0733099635463082
1.0449999999999957,4.0,0.20630064747864624,2.6165940796297398,0.38686190080795435,5.056259425341756,0.2199331971188424,-0.07259945621704157
1.0459999999999956,4.0,0.20630064747864624,2.5821613163132957,0.3813475664444399,5.056472168652438,0.21274331068126878,-0.07189886437573617
1.0469999999999955,4.0,0.20630064747864624,2.5482204496156577,0.37591161337528023,5.056677791158303,0.2056225058649957,-0.07120804816273094
1.0479999999999954,4.0,0.20630064747864624,2.5147644524422716,0.3705529350997502,5.056876360977203,0.1985698188992999,-0.07052686965695798
1.0489999999999953,4.0,0.20630064747864624,2.4817863980856485,0.3652704404607656,5.057067945276817,0.19158429961425624,-0.06985519285043645
1.0499999999999952,4.0,0.20630064747864624,2.449279458791263,0.36006305344267064,5.057252610288069,0.18466501125195234,-0.06919288362303923
1.050999999999995,4.0,0.20630064747864624,2.4172369043439397,0.3549297129712907,5.057430421318349,0.177811030280198,-0.06853980971754298
1.051999999999995,4.0,0.20630064747864624,2.3856521006744353,0.34986937271622276,5.057601442764558,0.17102144620870216,-0.06789584071495837
1.0529999999999948,4.0,0.20630064747864624,2.354518508485924,0.34488100089532914,5.057765738125966,0.16429536140768858,-0.06726084801013586
1.0539999999999947,4.0,0.20630064747864624,2.323829681900106,0.33996358008148175,5.057923370016895,0.1576318909289233,-0.06663470478765293
1.0549999999999946,4.0,0.20630064747864624,2.2935792671226567,0.3351161070114387,5.058074400179224,0.15103016232912644,-0.06601728599796841
1.0559999999999945,4.0,0.20630064747864624,2.2637610011277425,0.330337592396993,5.05821888949472,0.14448931549574037,-0.06540846833386066
1.0569999999999944,4.0,0.20630064747864624,2.234368710361327,0.32562706073828995,5.058356897997196,0.1380085024750267,-0.06480813020713688
1.0579999999999943,4.0,0.20630064747864624,2.205396309463003,0.32098355013928015,5.0584884848844975,0.13158688730246568,-0.06421615172560986
1.0589999999999942,4.0,0.20630064747864624,2.176837800006084,0.3164061121254035,5.058613708530333,0.12522364583543036,-0.06363241467035327
1.059999999999994,4.0,0.20630064747864624,2.148687269255692,0.3118938114633486,5.058732626495921,0.11891796558810869,-0.06305680247321661
1.060999999999994,4.0,0.20630064747864624,2.1209388889445915,0.30744572598301034,5.05884529554149,0.1126690455686472,-0.06248920019461497
1.0619999999999938,4.0,0.20630064747864624,2.0935869140665067,0.30306094640157344,5.0589517716376085,0.10647609611848877,-0.061929494501584186
1.0629999999999937,4.0,0.20630064747864624,2.06662568168668,0.29873857614963595,5.059052109976362,0.1003383387538796,-0.06137757364609153
1.0639999999999936,4.0,0.20630064747864624,2.0400496097694227,0.2944777311995249,5.059146364982372,0.09425500600951763,-0.06083332744361977
1.0649999999999935,4.0,0.20630064747864624,2.0138531960224118,0.29027753989564264,5.059234590323656,0.0882253412843171,-0.060296647252005266
1.0659999999999934,4.0,0.20630064747864624,1.9880310167575008,0.2861371427868751,5.059316838922346,0.08224859868926372,-0.05976742595053371
1.0669999999999933,4.0,0.20630064747864624,1.962577725767803,0.2820556924610753,5.059393162965243,0.0763240428973342,-0.05924555791929511
1.0679999999999932,4.0,0.20630064747864624,1.937488053220815,0.27803235338157306,5.059463613914239,0.07045094899545504,-0.05873093901879173
1.068999999999993,4.0,0.20630064747864624,1.9127568045673553,0.2740663017256877,5.059528242516577,0.06462860233847537,-0.058223466569796635
1.069999999999993,4.0,0.20630064747864624,1.888378859466088,0.2701567252252888,5.059587098814982,0.05885629840512861,-0.05772303933346761
1.0709999999999928,4.0,0.20630064747864624,1.8643491707234103,0.2663028230092911,5.059640232157638,0.053133342655958316,-0.057229557491702984
1.0719999999999927,4.0,0.20630064747864624,1.840662763248485,0.2625038054481438,5.0596876912080315,0.047459050393183676,-0.056742922627746446
1.0729999999999926,4.0,0.20630064747864624,1.8173147330232018,0.2587588940002653,5.0596876912080315,0.0,0.0
1.0739999999999925,4.0,0.20630064747864624,1.794300246086851,0.25506732106042684,5.0596876912080315,0.0,0.0
1.0749999999999924,4.0,0.20630064747864624,1.7716145375353052,0.2514283298100417,5.0596876912080315,0.0,0.0
1.0759999999999923,4.0,0.20630064747864624,1.7492529105344958,0.24784117406933653,5.0596876912080315,0.0,0.0
1.0769999999999922,4.0,0.20630064747864624,1.7272107353479837,0.2443051181514388,5.0596876912080315,0.0,0.0
1.077999999999992,4.0,0.20630064747864624,1.7054834483784218,0.24081943671829148,5.0596876912080315,0.0,0.0
1.078999999999992,4.0,0.20630064747864624,1.6840665512227107,0.23738341463844864,5.0596876912080315,0.0,0.0
1.0799999999999919,4.0,0.20630064747864624,1.6629556097406526,0.23399634684665704,5.0596876912080315,0.0,0.0
1.0809999999999917,4.0,0.20630064747864624,1.6421462531369095,0.23065753820528562,5.0596876912080315,0.0,0.0
1.0819999999999916,4.0,0.20630064747864624,1.6216341730560773,0.2273663033675129,5.0596876912080315,0.0,0.0
1.0829999999999915,4.0,0.20630064747864624,1.6014151226906854,0.22412196664231948,5.0596876912080315,0.0,0.0
1.0839999999999914,4.0,0.20630064747864624,1.581484915901942,0.220923861861184,5.0596876912080315,0.0,0.0
1.0849999999999913,4.0,0.20630064747864624,1.5618394263530377,0.21777133224658485,5.0596876912080315,0.0,0.0
1.0859999999999912,4.0,0.20630064747864624,1.5424745866548322,0.21466373028214109,5.0596876912080315,0.0,0.0
1.086999999999991,4.0,0.20630064747864624,1.523386387523744,0.21160041758451964,5.0596876912080315,0.0,0.0
1.087999999999991,4.0,0.20630064747864624,1.504570876951671,0.20858076477694604,5.0596876912080315,0.0,0.0
1.0889999999999909,4.0,0.20630064747864624,1.4860241593877708,0.20560415136449184,5.0596876912080315,0.0,0.0
1.0899999999999908,4.0,0.20630064747864624,1.4677423949319262,0.20266996561086287,5.0596876912080315,0.0,0.0
1.0909999999999906,4.0,0.20630064747864624,1.4497217985397364,0.19977760441694237,5.0596876912080315,0.0,0.0
1.0919999999999905,4.0,0.20630064747864624,1.4319586392388637,0.19692647320083806,5.0596876912080315,0.0,0.0
1.0929999999999904,4.0,0.20630064747864624,1.4144492393565749,0.19411598577960304,5.0596876912080315,0.0,0.0
1.0939999999999903,4.0,0.20630064747864624,1.3971899737583187,0.1913455642524528,5.0596876912080315,0.0,0.0
1.0949999999999902,4.0,0.20630064747864624,1.3801772690971805,0.18861463888559937,5.0596876912080315,0.0,0.0
1.09599999999999,4.0,0.20630064747864624,1.3634076030740585,0.18592264799858138,5.0596876912080315,0.0,0.0
1.09699999999999,4.0,0.20630064747864624,1.3468775037084098,0.1832690378521014,5.0596876912080315,0.0,0.0
1.0979999999999899,4.0,0.20630064747864624,1.330583548619413,0.18065326253740133,5.0596876912080315,0.0,0.0
1.0989999999999898,4.0,0.20630064747864624,1.3145223643174022,0.17807478386709874,5.0596876912080315,0.0,0.0
1.0999999999999897,4.0,0.20630064747864624,1.29869062550542,0.17553307126749063,5.0596876912080315,0.0,0.0
1.1009999999999895,4.0,0.20630064747864624,1.283085054390752,0.17302760167228243,5.0596876912080315,0.0,0.0
1.1019999999999894,4.0,0.20630064747864624,1.2677024200062932,0.1705578594177805,5.0596876912080315,0.0,0.0
1.1029999999999893,4.0,0.20630064747864624,1.2525395375416126,0.16812333613949237,5.0596876912080315,0.0,0.0
1.1039999999999892,4.0,0.20630064747864624,1.2375932676835701,0.16572353067008028,5.0596876912080315,0.0,0.0
1.104999999999989,4.0,0.20630064747864624,1.222860515966357,0.16335794893875782,5.0596876912080315,0.0,0.0
1.105999999999989,4.0,0.20630064747864624,1.2083382321308183,0.1610261038719868,5.0596876912080315,0.0,0.0
1.1069999999999889,4.0,0.20630064747864624,1.19402340949293,0.1587275152955815,5.0596876912080315,0.0,0.0
1.1079999999999888,4.0,0.20630064747864624,1.1799130843212975,0.15646170983805968,5.0596876912080315,0.0,0.0
1.1089999999999887,4.0,0.20630064747864624,1.1660043352235454,0.154228220835391,5.0596876912080315,0.0,0.0
1.1099999999999886,4.0,0.20630064747864624,1.1522942825414755,0.15202658823699838,5.0596876912080315,0.0,0.0
1.1109999999999884,4.0,0.20630064747864624,1.1387800877548637,0.14985635851300466,5.0596876912080315,0.0,0.0
1.1119999999999883,4.0,0.20630064747864624,1.1254589528937748,0.14771708456284915,5.0596876912080315,0.0,0.0
1.1129999999999882,4.0,0.20630064747864624,1.112328119959273,0.14560832562501447,5.0596876912080315,0.0,0.0
1.113999999999988,4.0,0.20630064747864624,1.099384870352407,0.14352964718810274,5.0596876912080315,0.0,0.0
1.114999999999988,4.0,0.20630064747864624,1.0866265243113533,0.14148062090305963,5.0596876912080315,0.0,0.0
1.115999999999988,4.0,0.20630064747864624,1.0740504403566002,0.13946082449661396,5.0596876912080315,0.0,0.0
1.1169999999999878,4.0,0.20630064747864624,1.061654014744058,0.13746984168593263,5.0596876912080315,0.0,0.0
1.1179999999999877,4.0,0.20630064747864624,1.0494346809259807,0.13550726209440184,5.0596876912080315,0.0,0.0
1.1189999999999876,4.0,0.20630064747864624,1.0373899090195902,0.1335726811685884,5.0596876912080315,0.0,0.0
1.1199999999999875,4.0,0.20630064747864624,1.025517205283291,0.13166570009634854,5.0596876912080315,0.0,0.0
1.1209999999999873,4.0,0.20630064747864624,1.0138141116003676,0.12978592572603875,5.0596876912080315,0.0,0.0
1.1219999999999872,4.0,0.20630064747864624,1.0022782049700574,0.12793297048687108,5.0596876912080315,0.0,0.0
1.1229999999999871,4.0,0.20630064747864624,0.9909070970058944,0.12610645231032308,5.0596876912080315,0.0,0.0
1.123999999999987,4.0,0.20630064747864624,0.9796984334412194,0.12430599455266167,5.0596876912080315,0.0,0.0
1.124999999999987,4.0,0.20630064747864624,0.9686498936417541,0.12253122591854593,5.0596876912080315,0.0,0.0
1.1259999999999868,4.0,0.20630064747864624,0.9577591901251383,0.12078178038564738,5.0596876912080315,0.0,0.0
1.1269999999999867,4.0,0.20630064747864624,0.9470240680873313,0.11905729713034321,5.0596876912080315,0.0,0.0
1.1279999999999866,4.0,0.20630064747864624,0.9364423049357786,0.11735742045441935,5.0596876912080315,0.0,0.0
1.1289999999999865,4.0,0.20630064747864624,0.9260117098292482,0.11568179971278963,5.0596876912080315,0.0,0.0
1.1299999999999863,4.0,0.20630064747864624,0.9157301232242396,0.11403008924224262,5.0596876912080315,0.0,0.0
1.1309999999999862,4.0,0.20630064747864624,0.905595416427874,0.11240194829111971,5.0596876912080315,0.0,0.0
1.1319999999999861,4.0,0.20630064747864624,0.8956054911571707,0.11079704095004167,5.0596876912080315,0.0,0.0
1.132999999999986,4.0,0.20630064747864624,0.8857582791046203,0.10921503608351016,5.0596876912080315,0.0,0.0
1.133999999999986,4.0,0.20630064747864624,0.8760517415099636,0.10765560726254675,5.0596876912080315,0.0,0.0
1.1349999999999858,4.0,0.20630064747864624,0.8664838687380876,0.10611843269821072,5.0596876912080315,0.0,0.0
1.1359999999999857,4.0,0.20630064747864624,0.8570526798629527,0.1046031951760443,5.0596876912080315,0.0,0.0
1.1369999999999856,4.0,0.20630064747864624,0.8477562222574626,0.10310958199146386,5.0596876912080315,0.0,0.0
1.1379999999999855,4.0,0.20630064747864624,0.8385925711891938,0.10163728488600801,5.0596876912080315,0.0,0.0
1.1389999999999854,4.0,0.20630064747864624,0.8295598294219003,0.1001859999845138,5.0596876912080315,0.0,0.0
1.1399999999999852,4.0,0.20630064747864624,0.8206561268227109,0.09875542773313206,5.0596876912080315,0.0,0.0
1.1409999999999851,4.0,0.20630064747864624,0.8118796199749386,0.09734527283822456,5.0596876912080315,0.0,0.0
1.141999999999985,4.0,0.20630064747864624,0.8032284917964202,0.09595524420612908,5.0596876912080315,0.0,0.0
1.142999999999985,4.0,0.20630064747864624,0.7947009511633092,0.09458505488371044,5.0596876912080315,0.0,0.0
1.1439999999999848,4.0,0.20630064747864624,0.7862952325392426,0.09323442199982163,5.0596876912080315,0.0,0.0
1.1449999999999847,4.0,0.20630064747864624,0.7780095956098055,0.091903066707516,5.0596876912080315,0.0,0.0
1.1459999999999846,4.0,0.20630064747864624,0.7698423249222176,0.09059071412708422,5.0596876912080315,0.0,0.0
1.1469999999999845,4.0,0.20630064747864624,0.7617917295301666,0.08929709328990604,5.0596876912080315,0.0,0.0
1.1479999999999844,4.0,0.20630064747864624,0.7538561426437164,0.08802193708308437,5.0596876912080315,0.0,0.0
1.1489999999999843,4.0,0.20630064747864624,0.7460339212842154,0.08676498219480552,5.0596876912080315,0.0,0.0
1.1499999999999841,4.0,0.20630064747864624,0.7383234459441359,0.0855259690605564,5.0596876912080315,0.0,0.0
1.150999999999984,4.0,0.20630064747864624,0.7307231202517718,0.08430464181000025,5.0596876912080315,0.0,0.0
1.151999999999984,4.0,0.20630064747864624,0.7232313706407272,0.0831007482146563,5.0596876912080315,0.0,0.0
1.1529999999999838,4.0,0.20630064747864624,0.7158466460241261,0.0819140396362946,5.0596876912080315,0.0,0.0
1.1539999999999837,4.0,0.20630064747864624,0.7085674174734764,0.08074427097604986,5.0596876912080315,0.0,0.0
1.1549999999999836,4.0,0.20630064747864624,0.7013921779021217,0.07959120062425062,5.0596876912080315,0.0,0.0
1.1559999999999835,4.0,0.20630064747864624,0.6943194417532149,0.07845459041096686,5.0596876912080315,0.0,0.0
1.1569999999999834,4.0,0.20630064747864624,0.6873477446921497,0.0773342055572237,5.0596876912080315,0.0,0.0
1.1579999999999833,4.0,0.20630064747864624,0.6804756433033853,0.07622981462694442,5.0596876912080315,0.0,0.0
1.1589999999999832,4.0,0.20630064747864624,0.6737017147916033,0.075141189479499,5.0596876912080315,0.0,0.0
1.159999999999983,4.0,0.20630064747864624,0.6670245566871326,0.07406810522301019,5.0596876912080315,0.0,0.0
1.160999999999983,4.0,0.20630064747864624,0.6604427865555828,0.0730103401682195,5.0596876912080315,0.0,0.0
1.1619999999999828,4.0,0.20630064747864624,0.6539550417116266,0.07196767578307858,5.0596876912080315,0.0,0.0
1.1629999999999827,4.0,0.20630064747864624,0.6475599789368697,0.07093989664794986,5.0596876912080315,0.0,0.0
1.1639999999999826,4.0,0.20630064747864624,0.6412562742017522,0.06992679041141636,5.0596876912080315,0.0,0.0
1.1649999999999825,4.0,0.20630064747864624,0.6350426223914222,0.06892814774676026,5.0596876912080315,0.0,0.0
1.1659999999999824,4.0,0.20630064747864624,0.6289177370355253,0.06794376230901197,5.0596876912080315,0.0,0.0
1.1669999999999823,4.0,0.20630064747864624,0.6228803500418556,0.06697343069262218,5.0596876912080315,0.0,0.0
1.1679999999999822,4.0,0.20630064747864624,0.6169292114338097,0.06601695238973945,5.0596876912080315,0.0,0.0
1.168999999999982,4.0,0.20630064747864624,0.6110630890915931,0.06507412974903998,5.0596876912080315,0.0,0.0
1.169999999999982,4.0,0.20630064747864624,0.6052807684971224,0.06414476793519147,5.0596876912080315,0.0,0.0
1.1709999999999818,4.0,0.20630064747864624,0.5995810524825728,0.06322867488884407,5.0596876912080315,0.0,0.0
1.1719999999999817,4.0,0.20630064747864624,0.5939627609825167,0.06232566128718495,5.0596876912080315,0.0,0.0
1.1729999999999816,4.0,0.20630064747864624,0.5884247307896042,0.06143554050510128,5.0596876912080315,0.0,0.0
1.1739999999999815,4.0,0.20630064747864624,0.5829658153137334,0.06055812857682842,5.0596876912080315,0.0,0.0
1.1749999999999814,4.0,0.20630064747864624,0.5775848843446607,0.05969324415816844,5.0596876912080315,0.0,0.0
1.1759999999999813,4.0,0.20630064747864624,0.5722808238180034,0.05884070848923226,5.0596876912080315,0.0,0.0
1.1769999999999812,4.0,0.20630064747864624,0.567052535584584,0.05800034535775209,5.0596876912080315,0.0,0.0
1.177999999999981,4.0,0.20630064747864624,0.5618989371830706,0.057171981062807964,5.0596876912080315,0.0,0.0
1.178999999999981,4.0,0.20630064747864624,0.5568189616158645,0.05635544437920227,5.0596876912080315,0.0,0.0
1.1799999999999808,4.0,0.20630064747864624,0.55181155712819,0.055550566522205996,5.0596876912080315,0.0,0.0
1.1809999999999807,4.0,0.20630064747864624,0.5468756869903394,0.05475718111292112,5.0596876912080315,0.0,0.0
1.1819999999999806,4.0,0.20630064747864624,0.5420103292830295,0.05397512414402528,5.0596876912080315,0.0,0.0
1.1829999999999805,4.0,0.20630064747864624,0.537214476685824,0.05320423394609704,5.0596876912080315,0.0,0.0
1.1839999999999804,4.0,0.20630064747864624,0.5324871362685786,0.0524443511543414,5.0596876912080315,0.0,0.0
1.1849999999999803,4.0,0.20630064747864624,0.5278273292858653,0.05169531867582505,5.0596876912080315,0.0,0.0
1.1859999999999802,4.0,0.20630064747864624,0.5232340909743336,0.050956981657157646,5.0596876912080315,0.0,0.0
1.18699999999998,4.0,0.20630064747864624,0.5187064703529667,0.050229187452672366,5.0596876912080315,0.0,0.0
1.18799999999998,4.0,0.20630064747864624,0.5142435300261907,0.04951178559297477,5.0596876912080315,0.0,0.0
1.1889999999999799,4.0,0.20630064747864624,0.5098443459897972,0.04880462775401895,5.0596876912080315,0.0,0.0
1.1899999999999797,4.0,0.20630064747864624,0.505508007439638,0.048107567726576886,5.0596876912080315,0.0,0.0
1.1909999999999796,4.0,0.20630064747864624,0.5012336165830524,0.04742046138615734,5.0596876912080315,0.0,0.0
1.1919999999999795,4.0,0.20630064747864624,0.4970202884529895,0.04674316666332837,5.0596876912080315,0.0,0.0
1.1929999999999794,4.0,0.20630064747864624,0.4928671507247846,0.0460755435144965,5.0596876912080315,0.0,0.0
1.1939999999999793,4.0,0.20630064747864624,0.4887733435355541,0.04541745389304716,5.0596876912080315,0.0,0.0
1.1949999999999792,4.0,0.20630064747864624,0.48473801930616967,0.04476876172097349,5.0596876912080315,0.0,0.0
1.195999999999979,4.0,0.20630064747864624,0.4807603425657765,0.04412933286081695,5.0596876912080315,0.0,0.0
1.196999999999979,4.0,0.20630064747864624,0.47683948977881746,0.04349903508806438,5.0596876912080315,0.0,0.0
1.1979999999999789,4.0,0.20630064747864624,0.4729746491745293,0.04287773806391343,5.0596876912080315,0.0,0.0
1.1989999999999787,4.0,0.20630064747864624,0.4691650205788738,0.04226531330845214,5.0596876912080315,0.0,0.0
1.1999999999999786,4.0,0.20630064747864624,0.4654098152488706,0.041661634174157164,5.0596876912080315,0.0,0.0
1.2009999999999785,4.0,0.20630064747864624,0.46170825570929597,0.04106657581984524,5.0596876912080315,0.0,0.0
1.2019999999999784,4.0,0.20630064747864624,0.4580595755917153,0.04048001518493244,5.0596876912080315,0.0,0.0
1.2029999999999783,4.0,0.20630064747864624,0.4544630194758143,0.03990183096409733,5.0596876912080315,0.0,0.0
1.2039999999999782,4.0,0.20630064747864624,0.4509178427329976,0.03933190358227309,5.0596876912080315,0.0,0.0
1.204999999999978,4.0,0.20630064747864624,0.4474233113722212,0.038770115170025765,5.0596876912080315,0.0,0.0
1.205999999999978,4.0,0.20630064747864624,0.44397870188802724,0.03821634953925447,5.0596876912080315,0.0,0.0
1.2069999999999779,4.0,0.20630064747864624,0.4405833011107504,0.03767049215924581,5.0596876912080315,0.0,0.0
1.2079999999999778,4.0,0.20630064747864624,0.4372364060588632,0.03713243013307868,5.0596876912080315,0.0,0.0
1.2089999999999776,4.0,0.20630064747864624,0.43393732379343153,0.03660205217435482,5.0596876912080315,0.0,0.0
1.2099999999999775,4.0,0.20630064747864624,0.4306853712746489,0.036079248584244356,5.0596876912080315,0.0,0.0
1.2109999999999774,4.0,0.20630064747864624,0.4274798752204203,0.035563911228899764,5.0596876912080315,0.0,0.0
1.2119999999999773,4.0,0.20630064747864624,0.42432017196696636,0.03505593351712441,5.0596876912080315,0.0,0.0
1.2129999999999772,4.0,0.20630064747864624,0.42120560733141893,0.03455521037844145,5.0596876912080315,0.0,0.0
1.213999999999977,4.0,0.20630064747864624,0.4181355364763793,0.03406163824140322,5.0596876912080315,0.0,0.0
1.214999999999977,4.0,0.20630064747864624,0.4151093237764117,0.03357511501223713,5.0596876912080315,0.0,0.0
1.2159999999999769,4.0,0.20630064747864624,0.4121263426864436,0.03309554005379242,5.0596876912080315,0.0,0.0
1.2169999999999768,4.0,0.20630064747864624,0.4091859756120465,0.03262281416479834,5.0596876912080315,0.0,0.0
1.2179999999999767,4.0,0.20630064747864624,0.40628761378156936,0.03215683955939164,5.0596876912080315,0.0,0.0
1.2189999999999765,4.0,0.20630064747864624,0.403430657120099,0.031697519846962396,5.0596876912080315,0.0,0.0
1.2199999999999764,4.0,0.20630064747864624,0.4006145141252211,0.03124476001224081,5.0596876912080315,0.0,0.0
1.2209999999999763,4.0,0.20630064747864624,0.3978386017445557,0.03079846639574854,5.0596876912080315,0.0,0.0
1.2219999999999762,4.0,0.20630064747864624,0.39510234525504273,0.03035854667443412,5.0596876912080315,0.0,0.0
1.222999999999976,4.0,0.20630064747864624,0.39240517814395137,0.029924909842644676,5.0596876912080315,0.0,0.0
1.223999999999976,4.0,0.20630064747864624,0.38974654199158987,0.029497466193356248,5.0596876912080315,0.0,0.0
1.2249999999999759,4.0,0.20630064747864624,0.3871258863556907,0.02907612729964458,5.0596876912080315,0.0,0.0
1.2259999999999758,4.0,0.20630064747864624,0.3845426686574472,0.028660805996457053,5.0596876912080315,0.0,0.0
1.2269999999999757,4.0,0.20630064747864624,0.3819963540691786,0.028251416362628776,5.0596876912080315,0.0,0.0
1.2279999999999756,4.0,0.20630064747864624,0.37948641540359956,0.027847873703139486,5.0596876912080315,0.0,0.0
1.2289999999999754,4.0,0.20630064747864624,0.3770123330046717,0.02745009453164292,5.0596876912080315,0.0,0.0
1.2299999999999753,4.0,0.20630064747864624,0.37457359464001416,0.02705799655323709,5.0596876912080315,0.0,0.0
1.2309999999999752,4.0,0.20630064747864624,0.3721696953948518,0.026671498647478677,5.0596876912080315,0.0,0.0
1.2319999999999751,4.0,0.20630064747864624,0.3698001375674774,0.026290520851624102,5.0596876912080315,0.0,0.0
1.232999999999975,4.0,0.20630064747864624,0.3674644305662084,0.025914984344164387,5.0596876912080315,0.0,0.0
1.233999999999975,4.0,0.20630064747864624,0.3651620908078147,0.02554481142851931,5.0596876912080315,0.0,0.0
1.2349999999999748,4.0,0.20630064747864624,0.362892641617398,0.025179925517000684,5.0596876912080315,0.0,0.0
1.2359999999999747,4.0,0.20630064747864624,0.3606556131297015,0.024820251115023347,5.0596876912080315,0.0,0.0
1.2369999999999746,4.0,0.20630064747864624,0.3584505421918293,0.02446571380550388,5.0596876912080315,0.0,0.0
1.2379999999999745,4.0,0.20630064747864624,0.3562769722673553,0.024116240233503505,5.0596876912080315,0.0,0.0
1.2389999999999743,4.0,0.20630064747864624,0.35413445334180227,0.02377175809106582,5.0596876912080315,0.0,0.0
1.2399999999999742,4.0,0.20630064747864624,0.35202254182947146,0.023432196102312793,5.0596876912080315,0.0,0.0
1.2409999999999741,4.0,0.20630064747864624,0.34994080048160253,0.023097484008710846,5.0596876912080315,0.0,0.0
1.241999999999974,4.0,0.20630064747864624,0.347888798295846,0.02276755255457758,5.0596876912080315,0.0,0.0
1.242999999999974,4.0,0.20630064747864624,0.34586611042702886,0.02244233347275139,5.0596876912080315,0.0,0.0
1.2439999999999738,4.0,0.20630064747864624,0.34387231809919483,0.022121759470515895,5.0596876912080315,0.0,0.0
1.2449999999999737,4.0,0.20630064747864624,0.34190700851890127,0.02180576421571922,5.0596876912080315,0.0,0.0
1.2459999999999736,4.0,0.20630064747864624,0.33996977478975476,0.021494282323031216,5.0596876912080315,0.0,0.0
1.2469999999999735,4.0,0.20630064747864624,0.3380602158281675,0.021187249340483903,5.0596876912080315,0.0,0.0
1.2479999999999734,4.0,0.20630064747864624,0.33617793628031717,0.02088460173611823,5.0596876912080315,0.0,0.0
1.2489999999999732,4.0,0.20630064747864624,0.3343225464402933,0.020586276884903283,5.0596876912080315,0.0,0.0
1.2499999999999731,4.0,0.20630064747864624,0.3324936621694126,0.02029221305575824,5.0596876912080315,0.0,0.0
1.250999999999973,4.0,0.20630064747864624,0.3306909048166874,0.020002349398836307,5.0596876912080315,0.0,0.0
1.251999999999973,4.0,0.20630064747864624,0.3289139011404297,0.01971662593293603,5.0596876912080315,0.0,0.0
1.2529999999999728,4.0,0.20630064747864624,0.3271622832309756,0.01943498353311801,5.0596876912080315,0.0,0.0
1.2539999999999727,4.0,0.20630064747864624,0.32543568843451376,0.019157363918484424,5.0596876912080315,0.0,0.0
1.2549999999999726,4.0,0.20630064747864624,0.32373375927800135,0.018883709640149716,5.0596876912080315,0.0,0.0
1.2559999999999725,4.0,0.20630064747864624,0.3220561433951534,0.01861396406934937,5.0596876912080315,0.0,0.0
1.2569999999999724,4.0,0.20630064747864624,0.32040249345348903,0.018348071385768168,5.0596876912080315,0.0,0.0
1.2579999999999723,4.0,0.20630064747864624,0.31877246708241985,0.018085976565992312,5.0596876912080315,0.0,0.0
1.2589999999999721,4.0,0.20630064747864624,0.31716572680236593,0.017827625372135107,5.0596876912080315,0.0,0.0
1.259999999999972,4.0,0.20630064747864624,0.3155819399548842,0.017572964340646625,5.0596876912080315,0.0,0.0
1.260999999999972,4.0,0.20630064747864624,0.3140207786337951,0.01732194077124026,5.0596876912080315,0.0,0.0
1.2619999999999718,4.0,0.20630064747864624,0.31248191961729294,0.01707450271604584,5.0596876912080315,0.0,0.0
1.2629999999999717,4.0,0.20630064747864624,0.31096504430102656,0.0168305989688158,5.0596876912080315,0.0,0.0
1.2639999999999716,4.0,0.20630064747864624,0.3094698386321354,0.0165901790544005,5.0596876912080315,0.0,0.0
1.2649999999999715,4.0,0.20630064747864624,0.3079959930442284,0.016353193218287147,5.0596876912080315,0.0,0.0
1.2659999999999714,4.0,0.20630064747864624,0.3065432023932915,0.016119592416312285,5.0596876912080315,0.0,0.0
1.2669999999999713,4.0,0.20630064747864624,0.30511116589451087,0.015889328304554723,5.0596876912080315,0.0,0.0
1.2679999999999712,4.0,0.20630064747864624,0.3036995870599985,0.01566235322931713,5.0596876912080315,0.0,0.0
1.268999999999971,4.0,0.20630064747864624,0.30230817363740775,0.015438620217273841,5.0596876912080315,0.0,0.0
1.269999999999971,4.0,0.20630064747864624,0.30093663754942546,0.015218082965792225,5.0596876912080315,0.0,0.0
1.2709999999999708,4.0,0.20630064747864624,0.2995846948341286,0.015000695833342542,5.0596876912080315,0.0,0.0
1.2719999999999707,4.0,0.20630064747864624,0.2982520655861931,0.014786413830052945,5.0596876912080315,0.0,0.0
1.2729999999999706,4.0,0.20630064747864624,0.29693847389894246,0.0145751926084344,5.0596876912080315,0.0,0.0
1.2739999999999705,4.0,0.20630064747864624,0.29564364780722396,0.014366988454197642,5.0596876912080315,0.0,0.0
1.2749999999999704,4.0,0.20630064747864624,0.29436731923110143,0.014161758277236543,5.0596876912080315,0.0,0.0
1.2759999999999703,4.0,0.20630064747864624,0.29310922392035205,0.013959459602678706,5.0596876912080315,0.0,0.0
1.2769999999999702,4.0,0.20630064747864624,0.29186910139975625,0.013760050562152064,5.0596876912080315,0.0,0.0
1.27799999999997,4.0,0.20630064747864624,0.290646694915169,0.013563489885115122,5.0596876912080315,0.0,0.0
1.27899999999997,4.0,0.20630064747864624,0.2894417513803615,0.013369736890293478,5.0596876912080315,0.0,0.0
1.2799999999999698,4.0,0.20630064747864624,0.2882540213246227,0.01317875147732515,5.0596876912080315,0.0,0.0
1.2809999999999697,4.0,0.20630064747864624,0.28708325884110875,0.012990494118423662,5.0596876912080315,0.0,0.0
1.2819999999999696,4.0,0.20630064747864624,0.2859292215359307,0.012804925850235776,5.0596876912080315,0.0,0.0
1.2829999999999695,4.0,0.20630064747864624,0.2847916704779695,0.012622008265752396,5.0596876912080315,0.0,0.0
1.2839999999999694,4.0,0.20630064747864624,0.2836703701494077,0.012441703506424703,5.0596876912080315,0.0,0.0
1.2849999999999693,4.0,0.20630064747864624,0.28256508839696826,0.012263974254262698,5.0596876912080315,0.0,0.0
1.2859999999999692,4.0,0.20630064747864624,0.2814755963838494,0.012088783724177935,5.0596876912080315,0.0,0.0
1.286999999999969,4.0,0.20630064747864624,0.2804016685423465,0.011916095656361682,5.0596876912080315,0.0,0.0
1.287999999999969,4.0,0.20630064747864624,0.2793430825271508,0.011745874308769288,5.0596876912080315,0.0,0.0
1.2889999999999688,4.0,0.20630064747864624,0.278299619169315,0.011578084449749695,5.0596876912080315,0.0,0.0
1.2899999999999687,4.0,0.20630064747864624,0.2772710624308769,0.011412691350759896,5.0596876912080315,0.0,0.0
1.2909999999999686,4.0,0.20630064747864624,0.27625719936013077,0.011249660779175,5.0596876912080315,0.0,0.0
1.2919999999999685,4.0,0.20630064747864624,0.2752578200475381,0.011088958991197408,5.0596876912080315,0.0,0.0
1.2929999999999684,4.0,0.20630064747864624,0.27427271758226823,0.010930552724914663,5.0596876912080315,0.0,0.0
1.2939999999999683,4.0,0.20630064747864624,0.27330168800935933,0.010774409193399809,5.0596876912080315,0.0,0.0
1.2949999999999682,4.0,0.20630064747864624,0.272344530287492,0.010620496077914383,5.0596876912080315,0.0,0.0
1.295999999999968,4.0,0.20630064747864624,0.27140104624736566,0.010468781521260122,5.0596876912080315,0.0,0.0
1.296999999999968,4.0,0.20630064747864624,0.2704710405506697,0.0103192341211625,5.0596876912080315,0.0,0.0
1.2979999999999678,4.0,0.20630064747864624,0.26955432064964074,0.010171822923792342,5.0596876912080315,0.0,0.0
1.2989999999999677,4.0,0.20630064747864624,0.268650696747198,0.010026517417354719,5.0596876912080315,0.0,0.0
1.2999999999999676,4.0,0.20630064747864624,0.26775998175764726,0.009883287525784022,5.0596876912080315,0.0,0.0
1.3009999999999675,4.0,0.20630064747864624,0.26688199126794726,0.00974210360253815,5.0596876912080315,0.0,0.0
1.3019999999999674,4.0,0.20630064747864624,0.2660165434995287,0.009602936424417528,5.0596876912080315,0.0,0.0
1.3029999999999673,4.0,0.20630064747864624,0.26516345927065893,0.009465757185592932,5.0596876912080315,0.0,0.0
1.3039999999999672,4.0,0.20630064747864624,0.26432256195934445,0.009330537491580238,5.0596876912080315,0.0,0.0
1.304999999999967,4.0,0.20630064747864624,0.26349367746676305,0.00919724935340991,5.0596876912080315,0.0,0.0
1.305999999999967,4.0,0.20630064747864624,0.2626766341812185,0.009065865181838887,5.0596876912080315,0.0,0.0
1.3069999999999669,4.0,0.20630064747864624,0.2618712629426103,0.008936357781597976,5.0596876912080315,0.0,0.0
1.3079999999999667,4.0,0.20630064747864624,0.26107739700741084,0.008808700345830318,5.0596876912080315,0.0,0.0
1.3089999999999666,4.0,0.20630064747864624,0.26029487201414275,0.008682866450498039,5.0596876912080315,0.0,0.0
1.3099999999999665,4.0,0.20630064747864624,0.25952352594934996,0.008558830048930502,5.0596876912080315,0.0,0.0
1.3109999999999664,4.0,0.20630064747864624,0.2587631991140542,0.008436565466464603,5.0596876912080315,0.0,0.0
1.3119999999999663,4.0,0.20630064747864624,0.2580137340906912,0.008316047395081513,5.0596876912080315,0.0,0.0
1.3129999999999662,4.0,0.20630064747864624,0.25727497571051916,0.008197250888213346,5.0596876912080315,0.0,0.0
1.313999999999966,4.0,0.20630064747864624,0.2565467710214924,0.00808015135557109,5.0596876912080315,0.0,0.0
1.314999999999966,4.0,0.20630064747864624,0.2558289692565946,0.007964724558050397,5.0596876912080315,0.0,0.0
1.3159999999999659,4.0,0.20630064747864624,0.2551214218026239,0.007850946602725891,5.0596876912080315,0.0,0.0
1.3169999999999658,4.0,0.20630064747864624,0.25442398216942425,0.007738793937905627,5.0596876912080315,0.0,0.0
1.3179999999999656,4.0,0.20630064747864624,0.253736505959556,0.007628243348245798,5.0596876912080315,0.0,0.0
1.3189999999999655,4.0,0.20630064747864624,0.25305885083840013,0.007519271949996334,5.0596876912080315,0.0,0.0
1.3199999999999654,4.0,0.20630064747864624,0.25239087650468933,0.007411857186189948,5.0596876912080315,0.0,0.0
1.3209999999999653,4.0,0.20630064747864624,0.25173244466146016,0.007305976822047065,5.0596876912080315,0.0,0.0
1.3219999999999652,4.0,0.20630064747864624,0.25108341898742,0.007201608940331226,5.0596876912080315,0.0,0.0
1.322999999999965,4.0,0.20630064747864624,0.25044366510872323,0.007098731936838987,5.0596876912080315,0.0,0.0
1.323999999999965,4.0,0.20630064747864624,0.24981305057115072,0.006997324515918182,5.0596876912080315,0.0,0.0
1.3249999999999649,4.0,0.20630064747864624,0.24919144481268637,0.006897365686064014,5.0596876912080315,0.0,0.0
1.3259999999999648,4.0,0.20630064747864624,0.2485787191364858,0.006798834755585993,5.0596876912080315,0.0,0.0
1.3269999999999647,4.0,0.20630064747864624,0.24797474668423095,0.0067017113283031685,5.0596876912080315,0.0,0.0
1.3279999999999645,4.0,0.20630064747864624,0.24737940240986545,0.006605975299359733,5.0596876912080315,0.0,0.0
1.3289999999999644,4.0,0.20630064747864624,0.24679256305370517,0.006511606851026478,5.0596876912080315,0.0,0.0
1.3299999999999643,4.0,0.20630064747864624,0.24621410711691863,0.006418586448640283,5.0596876912080315,0.0,0.0
1.3309999999999642,4.0,0.20630064747864624,0.24564391483637188,0.006326894836518864,5.0596876912080315,0.0,0.0
1.331999999999964,4.0,0.20630064747864624,0.24508186815983293,0.0062365130340277086,5.0596876912080315,0.0,0.0
1.332999999999964,4.0,0.20630064747864624,0.24452785072153027,0.00614742233160101,5.0596876912080315,0.0,0.0
1.3339999999999639,4.0,0.20630064747864624,0.2439817478180605,0.006059604286904214,5.0596876912080315,0.0,0.0
1.3349999999999638,4.0,0.20630064747864624,0.2434434463846403,0.005973040721014233,5.0596876912080315,0.0,0.0
1.3359999999999637,4.0,0.20630064747864624,0.24291283497169752,0.0058877137146421815,5.0596876912080315,0.0,0.0
1.3369999999999636,4.0,0.20630064747864624,0.24238980372179678,0.005803605604441044,5.0596876912080315,0.0,0.0
1.3379999999999634,4.0,0.20630064747864624,0.2418742443468946,0.005720698979362919,5.0596876912080315,0.0,0.0
1.3389999999999633,4.0,0.20630064747864624,0.24136605010591963,0.00563897667700209,5.0596876912080315,0.0,0.0
1.3399999999999632,4.0,0.20630064747864624,0.24086511578267286,0.005558421780115128,5.0596876912080315,0.0,0.0
1.340999999999963,4.0,0.20630064747864624,0.24037133766404392,0.005479017613077236,5.0596876912080315,0.0,0.0
1.341999999999963,4.0,0.20630064747864624,0.23988461351853824,0.0054007477384342036,5.0596876912080315,0.0,0.0
1.342999999999963,4.0,0.20630064747864624,0.23940484257511122,0.005323595953514537,5.0596876912080315,0.0,0.0
1.3439999999999628,4.0,0.20630064747864624,0.23893192550230458,0.005247546287069894,5.0596876912080315,0.0,0.0
1.3449999999999627,4.0,0.20630064747864624,0.23846576438768088,0.00517258299597219,5.0596876912080315,0.0,0.0
1.3459999999999626,4.0,0.20630064747864624,0.23800626271755182,0.005098690561949622,5.0596876912080315,0.0,0.0
1.3469999999999624,4.0,0.20630064747864624,0.23755332535699603,0.005025853688386409,5.0596876912080315,0.0,0.0
1.3479999999999623,4.0,0.20630064747864624,0.23710685853016245,0.004954057297150892,5.0596876912080315,0.0,0.0
1.3489999999999622,4.0,0.20630064747864624,0.23666676980085508,0.0048832865254731395,5.0596876912080315,0.0,0.0
1.3499999999999621,4.0,0.20630064747864624,0.23623296805339494,0.004813526722875704,5.0596876912080315,0.0,0.0
1.350999999999962,4.0,0.20630064747864624,0.23580536347375566,0.004744763448129132,5.0596876912080315,0.0,0.0
1.351999999999962,4.0,0.20630064747864624,0.23538386753096838,0.004676982466292438,5.0596876912080315,0.0,0.0
1.3529999999999618,4.0,0.20630064747864624,0.23496839295879235,0.004610169745728816,5.0596876912080315,0.0,0.0
1.3539999999999617,4.0,0.20630064747864624,0.2345588537376474,0.004544311455234606,5.0596876912080315,0.0,0.0
1.3549999999999616,4.0,0.20630064747864624,0.23415516507680453,0.0044793939611470455,5.0596876912080315,0.0,0.0
1.3559999999999615,4.0,0.20630064747864624,0.23375724339683085,0.004415403824561749,5.0596876912080315,0.0,0.0
1.3569999999999613,4.0,0.20630064747864624,0.23336500631228535,0.004352327798514797,5.0596876912080315,0.0,0.0
1.3579999999999612,4.0,0.20630064747864624,0.23297837261466192,0.004290152825260395,5.0596876912080315,0.0,0.0
1.3589999999999611,4.0,0.20630064747864624,0.23259726225557598,0.004228866033562697,5.0596876912080315,0.0,0.0
1.359999999999961,4.0,0.20630064747864624,0.23222159633019127,0.004168454736026587,5.0596876912080315,0.0,0.0
1.360999999999961,4.0,0.20630064747864624,0.23185129706088348,0.004108906426495692,5.0596876912080315,0.0,0.0
1.3619999999999608,4.0,0.20630064747864624,0.23148628778113722,0.004050208777432722,5.0596876912080315,0.0,0.0
1.3629999999999607,4.0,0.20630064747864624,0.23112649291967308,0.003992349637395372,5.0596876912080315,0.0,0.0
1.3639999999999606,4.0,0.20630064747864624,0.23077183798480128,0.0039353170284945425,5.0596876912080315,0.0,0.0
1.3649999999999605,4.0,0.20630064747864624,0.23042224954899906,0.003879099143951666,5.0596876912080315,0.0,0.0
1.3659999999999604,4.0,0.20630064747864624,0.23007765523370832,0.0038236843456064817,5.0596876912080315,0.0,0.0
1.3669999999999602,4.0,0.20630064747864624,0.2297379836943503,0.003769061161562873,5.0596876912080315,0.0,0.0
1.3679999999999601,4.0,0.20630064747864624,0.22940316460555454,0.003715218283767436,5.0596876912080315,0.0,0.0
1.36899999999996,4.0,0.20630064747864624,0.2290731286465987,0.0036621445656978046,5.0596876912080315,0.0,0.0
1.36999999999996,4.0,0.20630064747864624,0.22874780748705653,0.0036098290200545,5.0596876912080315,0.0,0.0
1.3709999999999598,4.0,0.20630064747864624,0.22842713377265067,0.003558260816463413,5.0596876912080315,0.0,0.0
1.3719999999999597,4.0,0.20630064747864624,0.22811104111130776,0.003507429279270325,5.0596876912080315,0.0,0.0
1.3729999999999596,4.0,0.20630064747864624,0.2277994640594126,0.003457323885296483,5.0596876912080315,0.0,0.0
1.3739999999999595,4.0,0.20630064747864624,0.22749233810825878,0.0034079342616756027,5.0596876912080315,0.0,0.0
1.3749999999999594,4.0,0.20630064747864624,0.22718959967069288,0.0033592501837191894,5.0596876912080315,0.0,0.0
1.3759999999999593,4.0,0.20630064747864624,0.22689118606794936,0.0033112615727854053,5.0596876912080315,0.0,0.0
1.3769999999999591,4.0,0.20630064747864624,0.2265970355166736,0.0032639584941939435,5.0596876912080315,0.0,0.0
1.377999999999959,4.0,0.20630064747864624,0.22630708711613035,0.003217331155165701,5.0596876912080315,0.0,0.0
1.378999999999959,4.0,0.20630064747864624,0.22602128083559486,0.0031713699028190793,5.0596876912080315,0.0,0.0
1.3799999999999588,4.0,0.20630064747864624,0.22573955750192418,0.003126065222137972,5.0596876912080315,0.0,0.0
1.3809999999999587,4.0,0.20630064747864624,0.22546185878730593,0.003081407734035327,5.0596876912080315,0.0,0.0
1.3819999999999586,4.0,0.20630064747864624,0.22518812719718223,0.003037388193384863,5.0596876912080315,0.0,0.0
1.3829999999999585,4.0,0.20630064747864624,0.224918306058346,0.0029939974871341863,5.0596876912080315,0.0,0.0
1.3839999999999584,4.0,0.20630064747864624,0.22465233950720745,0.002951226632382528,5.0596876912080315,0.0,0.0
1.3849999999999583,4.0,0.20630064747864624,0.224390172478228,0.002909066774568211,5.0596876912080315,0.0,0.0
1.3859999999999582,4.0,0.20630064747864624,0.2241317506925197,0.002867509185585318,5.0596876912080315,0.0,0.0
1.386999999999958,4.0,0.20630064747864624,0.22387702064660722,0.002826545262024264,5.0596876912080315,0.0,0.0
1.387999999999958,4.0,0.20630064747864624,0.22362592960135064,0.002786166523359273,5.0596876912080315,0.0,0.0
1.3889999999999578,4.0,0.20630064747864624,0.2233784255710263,0.0027463646101995613,5.0596876912080315,0.0,0.0
1.3899999999999577,4.0,0.20630064747864624,0.22313445731256373,0.0027071312825723967,5.0596876912080315,0.0,0.0
1.3909999999999576,4.0,0.20630064747864624,0.22289397431493635,0.0026684584182026117,5.0596876912080315,0.0,0.0
1.3919999999999575,4.0,0.20630064747864624,0.22265692678870364,0.0026303380108381336,5.0596876912080315,0.0,0.0
1.3929999999999574,4.0,0.20630064747864624,0.2224232656557028,0.0025927621685896884,5.0596876912080315,0.0,0.0
1.3939999999999573,4.0,0.20630064747864624,0.22219294253888772,0.002555723112295266,5.0596876912080315,0.0,0.0
1.3949999999999572,4.0,0.20630064747864624,0.22196590975231284,0.0025192131739306244,5.0596876912080315,0.0,0.0
1.395999999999957,4.0,0.20630064747864624,0.22174212029126045,0.002483224794984382,5.0596876912080315,0.0,0.0
1.396999999999957,4.0,0.20630064747864624,0.2215215278225088,0.0024477505249216203,5.0596876912080315,0.0,0.0
1.3979999999999568,4.0,0.20630064747864624,0.22130408667473933,0.0024127830196474737,5.0596876912080315,0.0,0.0
1.3989999999999567,4.0,0.20630064747864624,0.22108975182908086,0.002378315039949499,5.0596876912080315,0.0,0.0
1.3999999999999566,4.0,0.20630064747864624,0.22087847890978893,0.0023443394500568477,5.0596876912080315,0.0,0.0
1.4009999999999565,4.0,0.20630064747864624,0.22067022417505833,0.002310849216096784,5.0596876912080315,0.0,0.0
1.4019999999999564,4.0,0.20630064747864624,0.22046494450796672,0.002277837404685734,5.0596876912080315,0.0,0.0
1.4029999999999563,4.0,0.20630064747864624,0.22026259740754786,0.002245297181495541,5.0596876912080315,0.0,0.0
1.4039999999999562,4.0,0.20630064747864624,0.22006314097999213,0.0022132218097914037,5.0596876912080315,0.0,0.0
1.404999999999956,4.0,0.20630064747864624,0.2198665339299729,0.002181604649104347,5.0596876912080315,0.0,0.0
1.405999999999956,4.0,0.20630064747864624,0.21967273555209682,0.00215043915380102,5.0596876912080315,0.0,0.0
1.4069999999999558,4.0,0.20630064747864624,0.2194817057224761,0.002119718871756159,5.0596876912080315,0.0,0.0
1.4079999999999557,4.0,0.20630064747864624,0.2192934048904214,0.0020894374430073517,5.0596876912080315,0.0,0.0
1.4089999999999556,4.0,0.20630064747864624,0.2191077940702532,0.0020595885984452033,5.0596876912080315,0.0,0.0
1.4099999999999555,4.0,0.20630064747864624,0.21892483483323022,0.0020301661585212004,5.0596876912080315,0.0,0.0
1.4109999999999554,4.0,0.20630064747864624,0.2187444892995933,0.002001164031944954,5.0596876912080315,0.0,0.0
1.4119999999999553,4.0,0.20630064747864624,0.21856672013072265,0.0019725762144416296,5.0596876912080315,0.0,0.0
1.4129999999999552,4.0,0.20630064747864624,0.21839149052140727,0.001944396787519989,5.0596876912080315,0.0,0.0
1.413999999999955,4.0,0.20630064747864624,0.21821876419222497,0.0019166199172121223,5.0596876912080315,0.0,0.0
1.414999999999955,4.0,0.20630064747864624,0.218048505382031,0.0018892398529016716,5.0596876912080315,0.0,0.0
1.4159999999999549,4.0,0.20630064747864624,0.21788067884055407,0.0018622509261166584,5.0596876912080315,0.0,0.0
1.4169999999999547,4.0,0.20630064747864624,0.21771524982109824,0.0018356475493541734,5.0596876912080315,0.0,0.0
1.4179999999999546,4.0,0.20630064747864624,0.21755218407334892,0.0018094242149298474,5.0596876912080315,0.0,0.0
1.4189999999999545,4.0,0.20630064747864624,0.21739144783628173,0.0017835754938343947,5.0596876912080315,0.0,0.0
1.4199999999999544,4.0,0.20630064747864624,0.21723300783117264,0.0017580960346078671,5.0596876912080315,0.0,0.0
1.4209999999999543,4.0,0.20630064747864624,0.21707683125470797,0.0017329805622422235,5.0596876912080315,0.0,0.0
1.4219999999999542,4.0,0.20630064747864624,0.21692288577219282,0.001708223877080359,5.0596876912080315,0.0,0.0
1.422999999999954,4.0,0.20630064747864624,0.21677113951085644,0.0016838208537434565,5.0596876912080315,0.0,0.0
1.423999999999954,4.0,0.20630064747864624,0.21662156105325345,0.0016597664400583374,5.0596876912080315,0.0,0.0
1.4249999999999539,4.0,0.20630064747864624,0.21647411943075906,0.0016360556560272945,5.0596876912080315,0.0,0.0
1.4259999999999537,4.0,0.20630064747864624,0.21632878411715745,0.0016126835927943836,5.0596876912080315,0.0,0.0
1.4269999999999536,4.0,0.20630064747864624,0.21618552502232158,0.0015896454116294148,5.0596876912080315,0.0,0.0
1.4279999999999535,4.0,0.20630064747864624,0.21604431248598335,0.0015669363429119472,5.0596876912080315,0.0,0.0
1.4289999999999534,4.0,0.20630064747864624,0.2159051172715928,0.0015445516851613013,5.0596876912080315,0.0,0.0
1.4299999999999533,4.0,0.20630064747864624,0.215767910560265,0.0015224868040559529,5.0596876912080315,0.0,0.0
1.4309999999999532,4.0,0.20630064747864624,0.2156326639448133,0.0015007371314812467,5.0596876912080315,0.0,0.0
1.431999999999953,4.0,0.20630064747864624,0.21549934942386806,0.0014792981645735713,5.0596876912080315,0.0,0.0
1.432999999999953,4.0,0.20630064747864624,0.21536793939607918,0.0014581654647928544,5.0596876912080315,0.0,0.0
1.4339999999999529,4.0,0.20630064747864624,0.21523840665440155,0.0014373346569950558,5.0596876912080315,0.0,0.0
1.4349999999999528,4.0,0.20630064747864624,0.2151107243804622,0.0014168014285542256,5.0596876912080315,0.0,0.0
1.4359999999999526,4.0,0.20630064747864624,0.2149848661390077,0.0013965615284279188,5.0596876912080315,0.0,0.0
1.4369999999999525,4.0,0.20630064747864624,0.2148608058724311,0.0013766107663217312,5.0596876912080315,0.0,0.0
1.4379999999999524,4.0,0.20630064747864624,0.214738517895377,0.0013569450117830368,5.0596876912080315,0.0,0.0
1.4389999999999523,4.0,0.20630064747864624,0.21461797688942372,0.0013375601933761439,5.0596876912080315,0.0,0.0
1.4399999999999522,4.0,0.20630064747864624,0.2144991578978412,0.001318452297811432,5.0596876912080315,0.0,0.0
1.440999999999952,4.0,0.20630064747864624,0.2143820363204241,0.001299617369141751,5.0596876912080315,0.0,0.0
1.441999999999952,4.0,0.20630064747864624,0.2142665879083987,0.0012810515079234174,5.0596876912080315,0.0,0.0
1.4429999999999519,4.0,0.20630064747864624,0.21415278875940225,0.001262750870423234,5.0596876912080315,0.0,0.0
1.4439999999999518,4.0,0.20630064747864624,0.2140406153125343,0.0012447116678148862,5.0596876912080315,0.0,0.0
1.4449999999999517,4.0,0.20630064747864624,0.21393004434347876,0.0012269301653824224,5.0596876912080315,0.0,0.0
1.4459999999999515,4.0,0.20630064747864624,0.21382105295969545,0.0012094026817803727,5.0596876912080315,0.0,0.0
1.4469999999999514,4.0,0.20630064747864624,0.21371361859568044,0.0011921255882443096,5.0596876912080315,0.0,0.0
1.4479999999999513,4.0,0.20630064747864624,0.21360771900829423,0.0011750953078368044,5.0596876912080315,0.0,0.0
1.4489999999999512,4.0,0.20630064747864624,0.2135033322721564,0.0011583083147358709,5.0596876912080315,0.0,0.0
1.449999999999951,4.0,0.20630064747864624,0.21340043677510626,0.0011417611334809236,5.0596876912080315,0.0,0.0
1.450999999999951,5.0,35.0,0.6634004367751063,0.0734856693768966,5.0596876912080315,0.0,0.0
1.4519999999999509,5.0,35.0,1.1134004367751063,0.14578053710258293,5.0596876912080315,0.0,0.0
1.4529999999999508,5.0,35.0,1.5634004367751062,0.2180218330710098,5.0596876912080315,0.0,0.0
1.4539999999999507,5.0,35.0,2.013400436775106,0.29020494505070504,5.0596876912080315,0.0,0.0
1.4549999999999506,5.0,35.0,2.4634004367751063,0.36232517989859603,5.059685850188847,-0.0018410191841986376,-0.018410191841986376
1.4559999999999504,5.0,35.0,2.9134004367751065,0.43437776364179714,5.059681305915961,-0.004544272885673889,-0.027032537014752507
1.4569999999999503,5.0,35.0,3.3634004367751067,0.5063578415602303,5.0596731975059805,-0.008108409980797475,-0.035641370951235866
1.4579999999999502,5.0,35.0,3.813400436775107,0.5782604782693688,5.059660665486353,-0.012532019626646889,-0.04423609645849416
1.4589999999999501,5.0,35.0,4.25892328767832,0.649366525715876,5.0596428604115395,-0.01780507481401764,-0.05273055187370747
1.45999999999995,5.0,35.0,4.6980815264257725,0.7193728550666025,5.059618946489948,-0.02391392159155229,-0.06108846777534651
1.46099999999995,5.0,35.0,5.130966076048262,0.7882928498521571,5.059588101416772,-0.03084507317590265,-0.06931151584350362
1.4619999999999498,5.0,35.0,5.557666560676144,0.8561398994467879,5.059549516206746,-0.038585210025567446,-0.07740136849664793
1.4629999999999497,5.0,35.0,5.978271324095056,0.922927391710159,5.059502395026926,-0.04712117982021207,-0.08535969794644627
1.4639999999999496,5.0,35.0,6.392867448036555,0.9886687057898114,5.059445955029578,-0.056439997347733764,-0.09318817527521689
1.4649999999999495,5.0,35.0,6.8015407702074615,1.0533772050994212,5.059379426185276,-0.06652884430150802,-0.10088846953774258
1.4659999999999493,5.0,35.0,7.20437590206164,1.1170662304858534,5.059302051116286,-0.0773750689903992,-0.10846224688891182
1.4669999999999492,5.0,35.0,7.601456246317903,1.1797490935959734,5.059213084930322,-0.08896618596424052,-0.11591116973841317
1.4679999999999491,5.0,35.0,7.992864014227647,1.241439070452274,5.059111795054765,-0.101289875557588,-0.12323689593347482
1.468999999999949,5.0,35.0,8.378680242595824,1.3021493952448289,5.05899746107141,-0.11433398335463371,-0.1304410779704572
1.469999999999949,5.0,35.0,8.75898481055874,1.3618932543453863,5.058869374551832,-0.12808651957822376,-0.13752536223590053
1.4709999999999488,5.0,35.0,9.133856456122187,1.420683780548179,5.058726838893426,-0.14253565840597182,-0.14449138827748065
1.4719999999999487,5.0,35.0,9.5033727924633,1.4785340475405886,5.058569169156209,-0.15766973721648722,-0.15134078810515417
1.4729999999999486,5.0,35.0,9.867610323999537,1.5354570646057693,5.058395691900441,-0.17347725576875211,-0.15807518552264901
1.4739999999999485,5.0,35.0,10.226644462228116,1.5914657715582976,5.058205745025123,-0.18994687531768556,-0.16469619548933423
1.4749999999999484,5.0,35.0,10.580549541339142,1.6465730339128308,5.057998677607454,-0.20706741766892267,-0.17120542351237106
1.4759999999999482,5.0,35.0,10.929398833605726,1.7007916382851307,5.0577738497432785,-0.22482786417582024,-0.17760446506897537
1.4769999999999481,5.0,35.0,11.273264564554216,1.7541342880238373,5.0575306323885965,-0.24321735468167072,-0.18389490505850473
1.477999999999948,5.0,35.0,11.612217927917728,1.8066135990708974,5.057268407202187,-0.2622251864100734,-0.19007831728402685
1.478999999999948,5.0,35.0,11.946329100376046,1.8582420960478263,5.056986566389381,-0.2818408128063677,-0.19615626396294275
1.4799999999999478,5.0,35.0,12.27566725608496,1.9090322085644744,5.056684512547047,-0.30205384233298516,-0.20213029526617482
1.4809999999999477,5.0,35.0,12.600300580998033,1.9589962677466115,5.056361658509826,-0.3228540372215245,-0.20800194888539342
1.4819999999999476,5.0,35.0,12.920296286983776,2.0081465029781196,5.056017427197642,-0.3442313121842936,-0.2137727496276908
1.4829999999999475,5.0,35.0,13.23572062574115,2.0564950388532655,5.055651251464554,-0.36617573308800133,-0.21944420903707762
1.4839999999999474,5.0,35.0,13.546638902516277,2.1040538923343215,5.055262573948962,-0.3886775155922167,-0.22501782504215362
1.4849999999999473,5.0,35.0,13.853115489623187,2.150834970109444,5.0548508469252065,-0.4117270237551431,-0.23049508162926352
1.4859999999999471,5.0,35.0,14.155213839771427,2.196850066145549,5.054415532156598,-0.4353147686091862,-0.23587744854043102
1.486999999999947,5.0,35.0,14.452996499203264,2.2421108594307952,5.053956100749889,-0.4594314067087213,-0.24116638099535115
1.487999999999947,5.0,35.0,14.746525120643218,2.286628911901114,5.053472033011237,-0.4840677386523915,-0.24636331943670198
1.4889999999999468,5.0,35.0,15.0358604760626,2.330415666545134,5.052962818303654,-0.5092147075821943,-0.25146968929802815
1.4899999999999467,5.0,35.0,15.321062469261706,2.3734824456817734,5.052427954905993,-0.5348633976615388,-0.25648690079344394
1.4909999999999466,5.0,35.0,15.602190148272253,2.4158404494047687,5.0518669498734585,-0.561005032534379,-0.2614163487284015
1.4919999999999465,5.0,35.0,15.87930171758265,2.4575007541882554,5.051279318899691,-0.587630973767455,-0.2662594123307599
1.4929999999999464,5.0,35.0,16.15245455018861,2.498474311647805,5.050664586180413,-0.6147327192775969,-0.27101745510141945
1.4939999999999463,5.0,35.0,16.42170519947163,2.538771947450903,5.0500222842786675,-0.6423019017459716,-0.2756918246837463
1.4949999999999461,5.0,35.0,16.687109410907752,2.578404360371376,5.049351953991646,-0.6703302870210788,-0.28028385275107176
1.495999999999946,5.0,35.0,16.94872213360907,2.617382121481919,5.048653144219134,-0.6988097725122298,-0.28479485491151063
1.496999999999946,5.0,35.0,17.20659753170037,2.6557156734791807,5.047925411833559,-0.7277323855751684,-0.28922613062938596
1.4979999999999458,5.0,35.0,17.460788995533225,2.693415330135899,5.047168321551667,-0.7570902818914231,-0.29357896316254795
1.4989999999999457,5.0,35.0,17.711349152739892,2.730491275874538,5.046381445807824,-0.7868757438429109,-0.2978546195148772
1.4999999999999456,5.0,35.0,17.958329879129323,2.766953565457187,5.045564364628941,-0.8170811788832407,-0.3020543504032984
1.5009999999999455,5.0,35.0,18.201782309427475,2.8028121237863655,5.044716665511033,-0.8476991179071028,-0.30617939023862095
1.5019999999999454,5.0,35.0,18.441756847864227,2.8380767458116765,5.043837943297415,-0.8787222136190586,-0.3102309571195575
1.5029999999999453,5.0,35.0,18.678303178609024,2.8727570965372404,5.042927800058512,-0.9101432389029862,-0.31421025283927645
1.5039999999999452,5.0,35.0,18.911470276057468,2.906862711124977,5.041985844973318,-0.941955085193372,-0.318118462903859
1.504999999999945,5.0,35.0,19.141306414970934,2.9404029950890305,5.041011694212468,-0.9741507608495782,-0.32195675656206185
1.505999999999945,5.0,35.0,19.36785918047135,2.973387224576628,5.040004970822934,-1.006723389534157,-0.32572628684578814
1.5069999999999448,5.0,35.0,19.591175477893188,3.005824546730815,5.0389653046143374,-1.0396662085962258,-0.3294281906206885
1.5079999999999447,5.0,35.0,19.811301542494714,3.0377239801307736,5.0378923320468765,-1.0729725674608608,-0.3330635886463479
1.5089999999999446,5.0,35.0,20.028282949030505,3.0690944153053312,5.036785696120851,-1.106635926025411,-0.33663358564550344
1.5099999999999445,5.0,35.0,20.24216462118721,3.099944615315678,5.035645046267787,-1.14064985306359,-0.3401392703817887
1.5109999999999444,5.0,35.0,20.452990840884535,3.1302832164031154,5.034470038243148,-1.175008024638138,-0.34358171574547886
1.5119999999999443,5.0,35.0,20.66080525744333,3.1601187286981265,5.033260334020626,-1.209704222522815,-0.3469619788467688
1.5129999999999442,5.0,35.0,20.86565089662271,3.189459536986962,5.032015601687991,-1.2447323326344253,-0.3502811011161035
1.513999999999944,5.0,35.0,21.0675701695281,3.218313901532113,5.0307355153445155,-1.280086343475536,-0.3535401084111071
1.514999999999944,5.0,35.0,21.266604881391984,3.246689958943242,5.029419754999927,-1.315760344588504,-0.35674001112967757
1.5159999999999438,5.0,35.0,21.462796240229242,3.2745957230951923,5.028068006474906,-1.3517485250213865,-0.35988180432882483
1.5169999999999437,5.0,35.0,21.656184865368825,3.3020390860898754,5.0266799613031,-1.3880451718062714,-0.36296646784884967
1.5179999999999436,5.0,35.0,21.846810795863558,3.3290278192588714,5.02525531663465,-1.4246446684505183,-0.3659949664424686
1.5189999999999435,5.0,35.0,22.034713498779794,3.3555695742038516,5.0237937751412085,-1.4615414934413704,-0.36896824990852234
1.5199999999999434,5.0,35.0,22.219931877368655,3.3816718838718867,5.022295044922444,-1.4987302187643607,-0.3718872532299023
1.5209999999999433,5.0,35.0,22.40250427912053,3.40734216366293,5.0207588394140075,-1.536205508435896,-0.3747528967153544
1.5219999999999432,5.0,35.0,22.582468503704526,3.4325877125668223,5.019184877296958,-1.5739621170503795,-0.3775660861448331
1.522999999999943,5.0,35.0,22.75986181079446,3.4574157143272863,5.017572882408615,-1.6119948883421882,-0.3803277129180876
1.523999999999943,5.0,35.0,22.93472092778311,3.481833238630572,5.015922583654852,-1.6502987537628073,-0.38303865420618977
1.5249999999999428,5.0,35.0,23.107082057386208,3.5058472423163023,5.014233714923779,-1.6888687310733774,-0.3856997731057012
1.5259999999999427,5.0,35.0,23.276980885137835,3.5294645706084466,5.012506015000826,-1.7276999229528993,-0.38831191879522015
1.5269999999999426,5.0,35.0,23.444452586778723,3.552691958364246,5.010739227485203,-1.7667875156223034,-0.390875926694039
1.5279999999999425,5.0,35.0,23.609531835539027,3.5755360313390385,5.0089331007077185,-1.8061267774845693,-0.39339261862266
1.5289999999999424,5.0,35.0,23.77225280931704,3.59800330746522,5.007087387649937,-1.845713057781064,-0.3958628029649479
1.5299999999999423,5.0,35.0,23.93264919775537,3.620100198143305,5.005201845864674,-1.8855417852642313,-0.39828727483167164
1.5309999999999422,5.0,35.0,24.09075420921601,3.6418330095435287,5.003276237397787,-1.925608466886755,-0.4006668162252385
1.531999999999942,5.0,35.0,24.24660057765578,3.6632079439161824,5.00131032871128,-1.9659086865072954,-0.40300219620540284
1.532999999999942,5.0,35.0,24.400220569403555,3.684231100909276,4.999303890607667,-2.0064381036128722,-0.4052941710557722
1.5339999999999419,5.0,35.0,24.551645989840647,3.7049084788918742,4.997256698155609,-2.0471924520579634,-0.4075434844509082
1.5349999999999417,5.0,35.0,24.700908189985782,3.7252459762817924,4.995168530616788,-2.0881675388203496,-0.4097508676238631
1.5359999999999416,5.0,35.0,24.848038072985986,3.745249392876273,4.993039171374015,-2.1293592427737478,-0.41191703953398057
1.5369999999999415,5.0,35.0,24.993066100514756,3.7649244311843715,4.990868407860537,-2.1707635134772283,-0.4140427070348051
1.5379999999999414,5.0,35.0,25.13602229907883,3.7842766977598785,4.988656031490556,-2.212376369981424,-0.4161285650419582
1.5389999999999413,5.0,35.0,25.27693626623485,3.8033117045335993,4.986401837590904,-2.254193899651508,-0.41817529670083453
1.5399999999999412,5.0,35.0,25.415837176717208,3.822034870143942,4.984105625333898,-2.296212257006907,-0.42018357355399316
1.540999999999941,5.0,35.0,25.55275378847839,3.8404515212648223,4.98176719767132,-2.338427662577719,-0.42215405570812037
1.541999999999941,5.0,35.0,25.687714448642986,3.8585668939298934,4.979386361269542,-2.3808364017777635,-0.42408739200044476
1.5429999999999409,5.0,35.0,25.820747099376657,3.8763861348522317,4.976962926445748,-2.4234348237942136,-0.4259842201644988
1.5439999999999408,5.0,35.0,25.951879283671275,3.893914302738663,4.974496707105254,-2.4662193404937263,-0.42784516699512826
1.5449999999999406,5.0,35.0,26.081138151047398,3.9111563695978484,4.9719875206799085,-2.5091864253449905,-0.42967084851264115
1.5459999999999405,5.0,35.0,26.208550463175293,3.9281172220415383,4.969435188067551,-2.5523326123575933,-0.43146187012602727
1.5469999999999404,5.0,35.0,26.334142599415646,3.9448016625781603,4.9668395335725135,-2.595654495037108,-0.4332188267951458
1.5479999999999403,5.0,35.0,26.457940562281138,3.9612144108981724,4.964200384847158,-2.6391487253562893,-0.4349423031918125
1.5489999999999402,5.0,35.0,26.57996998281998,3.977360105150588,4.961517572834415,-2.6828120127422608,-0.43663287385971705
1.54999999999994,5.0,35.0,26.70025612592255,3.9932433032100825,4.958790931711335,-2.7266411230795704,-0.438291103373097
1.55099999999994,5.0,35.0,26.818823895552228,4.008868483934174,4.956020298833606,-2.7706328777289815,-0.4399175464941099
1.5519999999999399,5.0,35.0,26.935697839901483,4.0242400484099985,4.953205514681044,-2.8147841525618658,-0.4415127483288447
1.5529999999999398,5.0,35.0,27.05090215647432,4.03936232119027,4.950346422804034,-2.859091877010058,-0.44307724448192565
1.5539999999999397,5.0,35.0,27.164460697096114,4.054239551517924,4.947442869770903,-2.903553033131023,-0.4446115612096473
1.5549999999999395,5.0,35.0,27.276396972851884,4.0688759145392215,4.944494705116215,-2.948164654688185,-0.44611621557161496
1.5559999999999394,5.0,35.0,27.386734158954,4.083275512504802,4.941501781289968,-2.9929238262462676,-0.44759171558083005
1.5569999999999393,5.0,35.0,27.49549509954037,4.097442375958519,4.9384639536076875,-3.0378276822814883,-0.44903856035220335
1.5579999999999392,5.0,35.0,27.60270231240408,4.111380464913669,4.935381080201381,-3.0828734063064327,-0.4504572402494452
1.558999999999939,5.0,35.0,27.70837799365545,4.125093670016449,4.932253021971372,-3.1280582300094646,-0.45184823703031984
1.559999999999939,5.0,35.0,27.812544022317514,4.138585813696306,4.929079642538963,-3.1733794324084865,-0.4532120239902204
1.5609999999999389,5.0,35.0,27.915221964855835,4.151860651303096,4.925860808199944,-3.2188343390188923,-0.4545490661040582
1.5619999999999388,5.0,35.0,28.01643307964361,4.164921872230794,4.922596387878909,-3.2644203210355354,-0.45585982016643356
1.5629999999999387,5.0,35.0,28.116198321362987,4.177773101027578,4.919286253084381,-3.310134794528543,-0.45714473493007307
1.5639999999999386,5.0,35.0,28.214538345343517,4.190417898492251,4.915930277864727,-3.355975219652795,-0.45840425124252454
1.5649999999999384,5.0,35.0,28.31147351183861,4.202859762756773,4.912528338764856,-3.4019390998709036,-0.45963880218108716
1.5659999999999383,5.0,35.0,28.407023890240914,4.215102130354881,4.909080314783667,-3.4480239811895013,-0.4608488131859757
1.5669999999999382,5.0,35.0,28.501209263237474,4.227148377276659,4.905586087332258,-3.4942274514086713,-0.46203470219170134
1.567999999999938,5.0,35.0,28.59404913090551,4.239001820009095,4.902045540192874,-3.540547139384339,-0.46319687975667584
1.568999999999938,5.0,35.0,28.685562714749718,4.250665716562411,4.898458559478571,-3.586980714303441,-0.4643357491910167
1.569999999999938,5.0,35.0,28.775768961681866,4.262143267482342,4.894825033593599,-3.633525884971698,-0.465451706682573
1.5709999999999378,5.0,35.0,28.864686547943553,4.27343761684817,4.8911448531944846,-3.680180399113813,-0.4665451414211514
1.5719999999999377,5.0,35.0,28.95233388297293,4.284551853256623,4.887417911151799,-3.726942042685909,-0.4676164357209569
1.5729999999999376,5.0,35.0,29.038729113216174,4.295489010791556,4.883644102512599,-3.7738086392000323,-0.46866596514124087
1.5739999999999374,5.0,35.0,29.123890125884515,4.306252069979578,4.879823324463538,-3.8207780490605496,-0.46969409860517464
1.5749999999999373,5.0,35.0,29.207834552657594,4.316843958731486,4.875955476294626,-3.8678481689122433,-0.47070119851693615
1.5759999999999372,5.0,35.0,29.290579773333913,4.327267553269655,4.872040459363626,-3.915016930999946,-0.471687620877029
1.5769999999999371,5.0,35.0,29.372142919429145,4.337525679041475,4.868078177061086,-3.9622823025395304,-0.472653715395843
1.577999999999937,5.0,35.0,29.452540877723013,4.347621111618734,4.864068534775987,-4.0096422851000755,-0.4735998256054502
1.578999999999937,5.0,35.0,29.53179029375554,4.357556577583219,4.86001143986199,-4.057094913997042,-0.4745262889696668
1.5799999999999368,5.0,35.0,29.60990757527332,4.367334755398488,4.855906801604293,-4.10463825769628,-0.4754334369923785
1.5809999999999367,5.0,35.0,29.68690889562656,4.376958276267882,4.851754531187065,-4.152270417228694,-0.476321595324139
1.5819999999999366,5.0,35.0,29.76281019711761,4.386429724979029,4.847554541661449,-4.199989525615401,-0.4771910838670718
1.5829999999999365,5.0,35.0,29.837627194301643,4.395751640734741,4.843306747914146,-4.2477937473032075,-0.4780422168780675
1.5839999999999363,5.0,35.0,29.91137537724019,4.404926517970541,4.839011066636536,-4.295681277610238,-0.4788753030703037
1.5849999999999362,5.0,35.0,29.984070014708188,4.4139568071589,4.834667416294355,-4.343650342181548,-0.4796906457130996
1.5859999999999361,5.0,35.0,30.055726157355213,4.4228449156002885,4.8302757170979005,-4.39169919645456,-0.4804885427301203
1.586999999999936,5.0,35.0,30.126358640821568,4.431593208201155,4.825835890972766,-4.439826125134154,-0.48126928679594344
1.587999999999936,5.0,35.0,30.19598208880983,4.440204008239055,4.821347861531089,-4.488029441677256,-0.48203316543101843
1.5889999999999358,5.0,35.0,30.26461091611255,4.448679598114834,4.816811554043302,-4.536307487786756,-0.48278046109500655
1.5899999999999357,5.0,35.0,30.332259331596656,4.457022220092346,4.8122268954103875,-4.584658632914612,-0.4835114512785615
1.5909999999999356,5.0,35.0,30.398941341145274,4.465234077025439,4.807593814136613,-4.633081273773964,-0.48422640859351995
1.5919999999999355,5.0,35.0,30.464670750557485,4.473317333072725,4.802912240302753,-4.681573833860121,-0.48492560086156455
1.5929999999999354,5.0,35.0,30.529461168406662,4.481274114399987,4.798182105539773,-4.7301347629802555,-0.48560929120134355
1.5939999999999352,5.0,35.0,30.593326008857996,4.489106509870593,4.793403343002981,-4.778762536791664,-0.4862777381140927
1.5949999999999351,5.0,35.0,30.65627849444574,4.496816571723853,4.788575887346632,-4.827455656348439,-0.4869311955677524
1.595999999999935,5.0,35.0,30.7183316588108,4.504406316241642,4.783699674698976,-4.876212647656401,-0.487569913079621
1.596999999999935,5.0,35.0,30.77949834939922,4.51187772440338,4.77877464263774,-4.925032061236157,-0.48819413579755483
1.5979999999999348,5.0,35.0,30.83979123012209,4.519232742529464,4.773800730166046,-4.97391247169413,-0.48880410457972967
1.5989999999999347,5.0,35.0,30.899222783977486,4.52647328291337,4.768777877688744,-5.022852477301429,-0.4894000560729885
1.5999999999999346,5.0,35.0,30.95780531563495,4.533601224442593,4.763706026989164,-5.071850699580409,-0.4899822227897986
1.6009999999999345,5.0,35.0,31.015550953983023,4.540618413208518,4.758585121206265,-5.1209057828987925,-0.49055083318383036
1.6019999999999344,5.0,35.0,31.07247165464041,4.547526663105399,4.753415104812194,-5.17001639407121,-0.4911061117241781
1.6029999999999343,5.0,35.0,31.12857920243126,4.554327756418649,4.748195923590226,-5.219181221968035,-0.49164827896825036
1.6039999999999341,5.0,35.0,31.1838852138251,4.561023444402506,4.742927524613095,-5.268398977131369,-0.4921775516333378
1.604999999999934,5.0,35.0,31.238401139341885,4.567615447847327,4.737609856221696,-5.317668391398057,-0.4926941426668902
1.605999999999934,5.0,35.0,31.292138265922716,4.574105457636577,4.732242868004167,-5.366988217529609,-0.4931982613155106
1.6069999999999338,5.0,35.0,31.34510771926668,4.580495135293766,4.726826510775318,-5.416357228848878,-0.4936901131926992
1.6079999999999337,5.0,35.0,31.397320466134296,4.586786113519331,4.721360736556434,-5.465774218883413,-0.4941699003453465
1.6089999999999336,5.0,35.0,31.44878731661809,4.5929799967178635,4.71584549855542,-5.515238001015316,-0.4946378213190274
1.6099999999999335,5.0,35.0,31.49951892638069,4.599078361515531,4.710280751147282,-5.5647474081375226,-0.4950940712220727
1.6109999999999334,5.0,35.0,31.549525798860966,4.605082757268157,4.704666449854965,-5.614301292316371,-0.49553884178848306
1.6119999999999333,5.0,35.0,31.598818287448665,4.610994706559806,4.699002551330505,-5.663898524460338,-0.4959723214396615
1.6129999999999332,5.0,35.0,31.64740659762797,4.616815705692302,4.693289013336511,-5.71353799399484,-0.49639469534501895
1.613999999999933,5.0,35.0,31.695300789090428,4.622547225165652,4.687525794727968,-5.763218608542984,-0.49680614548145025
1.614999999999933,5.0,35.0,31.742510777817706,4.628190710149559,4.6817128554343554,-5.812939293612155,-0.4972068506917041
1.6159999999999328,5.0,35.0,31.789046338134597,4.633747580946192,4.67585015644207,-5.8626989922863215,-0.49759698674166686
1.6169999999999327,5.0,35.0,31.834917104732675,4.63921923344442,4.669937659777145,-5.91249666492398,-0.4979767263765856
1.6179999999999326,5.0,35.0,31.880132574665065,4.644607039565479,4.6639753284882834,-5.962331288861603,-0.4983462393762295
1.6189999999999325,5.0,35.0,31.924702109312708,4.649912347700425,4.657963126630161,-6.012201858122506,-0.4987056926090305
1.6199999999999324,5.0,35.0,31.968634936322527,4.6551364831393585,4.651901019247029,-6.062107383131026,-0.49905525008520235
1.6209999999999323,5.0,35.0,32.01194015151792,4.6602807484926565,4.645788972356598,-6.112046890431913,-0.49939507300886943
1.6219999999999322,5.0,35.0,32.05462672078195,4.665346424104246,4.639626952934183,-6.162019422414834,-0.4997253198292072
1.622999999999932,5.0,35.0,32.096703481913636,4.670334768457247,4.633414928897139,-6.212024037043897,-0.5000461462906363
1.623999999999932,5.0,35.0,32.13817914645772,4.675247018571838,4.627152869089548,-6.262059807592102,-0.5003577054820522
1.6249999999999318,5.0,35.0,32.179062301508324,4.6800843903957805,4.620840743267167,-6.312125822380617,-0.5006601478851445
1.6259999999999317,5.0,35.0,32.21936141148678,4.684848079187525,4.614478522082644,-6.362221184522797,-0.5009536214217959
1.6269999999999316,5.0,35.0,32.25908481989411,4.6895392598920775,4.608066177070971,-6.412345011672856,-0.5012382715005851
1.6279999999999315,5.0,35.0,32.298240751038485,4.694159087509842,4.601603680635192,-6.462496435779097,-0.5015142410624169
1.6289999999999314,5.0,35.0,32.33683731173794,4.698708697458459,4.59509100603235,-6.512674602841625,-0.5017816706252856
1.6299999999999313,5.0,35.0,32.37488249299882,4.70318920592778,4.588528127359676,-6.562878672674444,-0.5020406983281878
1.6309999999999312,5.0,35.0,32.41238417167027,4.707601710228213,4.581915019541004,-6.613107818671865,-0.5022914599742132
1.631999999999931,5.0,35.0,32.44935011207498,4.711947289132375,4.575251658313425,-6.663361227579145,-0.5025340890728063
1.632999999999931,5.0,35.0,32.485787967616766,4.716227003210403,4.568538020214158,-6.713638099267269,-0.502768716881242
1.6339999999999308,5.0,35.0,32.5217052823651,4.7204418951587765,4.561774082567646,-6.763937646511799,-0.5029954724452994
1.6349999999999307,5.0,35.0,32.55710949261702,4.724592990122996,4.5549598234728705,-6.814259094775715,-0.5032144826391715
1.6359999999999306,5.0,35.0,32.59200792843678,4.728681296014132,4.5480952217908746,-6.864601681996177,-0.503425872204618
1.6369999999999305,5.0,35.0,32.626407815173394,4.732707803819395,4.5411802571325,-6.914964658375114,-0.5036297637893774
1.6379999999999304,5.0,35.0,32.66031627495663,4.736673487906707,4.534214909846326,-6.965347286173598,-0.5038262779848359
1.6389999999999303,5.0,35.0,32.693740328171536,4.740579306323653,4.527199161006816,-7.015748839509898,-0.5040155333630001
1.6399999999999302,5.0,35.0,32.72668689491194,4.744426201090633,4.5201329924026545,-7.066168604161175,-0.5041976465127527
1.64099999999993,5.0,35.0,32.7591627964132,4.748215098488519,4.513016386525286,-7.116605877368717,-0.5043727320754274
1.64199999999993,5.0,35.0,32.79117475646444,4.751946909340814,4.50584932655764,-7.167059967646688,-0.5045409027797029
1.6429999999999298,5.0,35.0,32.82272940280067,4.755622529290491,4.498631796363046,-7.217530194594272,-0.5047022694758391
1.6439999999999297,5.0,35.0,32.85383326847494,4.759242839071575,4.491363780474335,-7.268015888711199,-0.5048569411692623
1.6449999999999296,5.0,35.0,32.88449279321102,4.762808704775514,4.484045264083118,-7.31851639121655,-0.5050050250535058
1.6459999999999295,5.0,35.0,32.91471432473657,4.766320978112573,4.476676233029248,-7.3690310538708035,-0.5051466265425344
1.6469999999999294,5.0,35.0,32.94450412009748,4.769780496668265,4.469256673790446,-7.419559238801049,-0.5052818493024543
1.6479999999999293,5.0,35.0,32.973868346953225,4.773188084154823,4.461786573472117,-7.470100318329311,-0.5054107952826107
1.6489999999999292,5.0,35.0,33.00281308485389,4.776544550658032,4.454265919797313,-7.520653674803921,-0.5055335647461104
1.649999999999929,5.0,35.0,33.03134432649883,4.779850692879307,4.446694701096879,-7.5712187004338976,-0.505650256299756
1.650999999999929,5.0,35.0,33.05946797897742,4.783107294373195,4.439072906299754,-7.621794797126238,-0.5057609669234152
1.6519999999999289,5.0,35.0,33.087189864992034,4.786315125780391,4.431400524923427,-7.672381376326122,-0.5058657919988342
1.6529999999999287,5.0,35.0,33.11451572406358,4.789474945056346,4.4236775470645675,-7.722977858859912,-0.5059648253379062
1.6539999999999286,5.0,35.0,33.14145121371981,4.792587497695521,4.415903963389786,-7.773583674780952,-0.5060581592104014
1.6549999999999285,5.0,35.0,33.168001910666675,4.795653516951445,4.408079765126568,-7.8241982632180695,-0.506145884371178
1.6559999999999284,5.0,35.0,33.19417331194286,4.798673724052589,4.400204944054341,-7.874821072226758,-0.5062280900868762
1.6569999999999283,5.0,35.0,33.21997083605796,4.801648828414143,4.392279492495698,-7.925451558642968,-0.5063048641621041
1.6579999999999282,5.0,35.0,33.24539982411427,4.804579527845831,4.384303403307759,-7.976089187939482,-0.506376292965136
1.658999999999928,5.0,35.0,33.27046554091264,4.80746650875578,4.376276669873674,-8.026733434084795,-0.5064424614531206
1.659999999999928,5.0,35.0,33.29517317604246,4.810310446350581,4.36819928609427,-8.077383779404476,-0.5065034531968196
1.6609999999999279,5.0,35.0,33.31952784495614,4.813112004831522,4.360071246379825,-8.128039714444963,-0.5065593504048727
1.6619999999999278,5.0,35.0,33.3435345900282,4.815871837587185,4.351892545641984,-8.178700737839725,-0.5066102339476127
1.6629999999999276,5.0,35.0,33.36719838159922,4.818590587382397,4.343663179285807,-8.229366356177769,-0.5066561833804304
1.6639999999999275,5.0,35.0,33.39052411900495,4.821268886543612,4.335383143201932,-8.280036083874439,-0.5066972769666979
1.6649999999999274,5.0,35.0,33.413516631590596,4.823907357140863,4.327052433758888,-8.330709443044466,-0.5067335917002679
1.6659999999999273,5.0,35.0,33.43618067971073,4.826506611166236,4.318671047795511,-8.38138596337722,-0.5067652033275432
1.6669999999999272,5.0,35.0,33.45852095571486,4.8290672507090395,4.310238982613497,-8.432065182014133,-0.5067921863691374
1.667999999999927,5.0,35.0,33.48054208491893,4.831589868127715,4.3017562359700685,-8.482746643428246,-0.5068146141411338
1.668999999999927,5.0,35.0,33.502248626562945,4.834075046218448,4.293222806070763,-8.53342989930584,-0.5068325587759345
1.6699999999999269,5.0,35.0,33.5236450747549,4.836523358380747,4.284638691562333,-8.584114508430114,-0.5068460912427367
1.6709999999999268,5.0,35.0,33.544735859401264,4.8389353687798025,4.276003891525766,-8.634800036566876,-0.5068552813676096
1.6719999999999267,5.0,35.0,33.5655253471241,4.841311632505937,4.267318405469414,-8.685486056352197,-0.5068601978532132
1.6729999999999265,5.0,35.0,33.586017842165184,4.843652695730997,4.258582233322232,-8.736172147182012,-0.5068609082981371
1.6739999999999264,5.0,35.0,33.60621758727711,4.845959095861861,4.249795375427128,-8.7868578951036,-0.5068574792158846
1.6749999999999263,5.0,35.0,33.626128764601724,4.848231361691141,4.240957832534419,-8.837542892708951,-0.5068499760535098
1.6759999999999262,5.0,35.0,33.64575549653598,4.850470013544998,4.232069605795389,-8.88822673902994,-0.5068384632098968
1.676999999999926,5.0,35.0,33.66510184658547,4.85267556342831,4.223130696755954,-8.938909039435313,-0.5068230040537128
1.677999999999926,5.0,35.0,33.68417182020568,4.854848515167049,4.214141107350424,-8.989589405529413,-0.5068036609410163
1.6789999999999259,5.0,35.0,33.70296936563131,4.856989364548127,4.205100839895371,-9.040267455052668,-0.5067804952325515
1.6799999999999258,5.0,35.0,33.721498374693724,4.859098599456585,4.196009897083587,-9.090942811783739,-0.5067535673107156
1.6809999999999257,5.0,35.0,33.73976268362667,4.8611767000102795,4.1868682819781435,-9.14161510544336,-0.5067229365962159
1.6819999999999256,5.0,35.0,33.75776607386058,4.863224138692086,4.177675998006544,-9.192283971599803,-0.5066886615644208
1.6829999999999254,5.0,35.0,33.77551227280543,4.8652413804796595,4.1684330489549675,-9.242949051575945,-0.5066507997614079
1.6839999999999253,5.0,35.0,33.793004954622496,4.867228882972807,4.15913943896261,-9.293609992357915,-0.5066094078197182
1.6849999999999252,5.0,35.0,33.810247740985034,4.869187096518528,4.149795172516105,-9.344266446505298,-0.5065645414738214
1.6859999999999251,5.0,35.0,33.8272442018281,4.871116464333781,4.1404002544440415,-9.394918072062827,-0.5065162555752998
1.686999999999925,5.0,35.0,33.8439978560877,4.87301742262596,4.130954689911568,-9.445564532473602,-0.5064646041077511
1.687999999999925,5.0,35.0,33.8605121724293,4.874890400711195,4.121458484415074,-9.496205496493744,-0.5064096402014187
1.6889999999999248,5.0,35.0,33.876790569966026,4.876735821130488,4.111911643776966,-9.5468406381085,-0.5063514161475593
1.6899999999999247,5.0,35.0,33.89283641896651,4.878554099763729,4.102314174140516,-9.597469636449754,-0.5062899834125445
1.6909999999999246,5.0,35.0,33.908653041552704,4.880345645941647,4.0926660819648015,-9.648092175714924,-0.5062253926517086
1.6919999999999245,5.0,35.0,33.924243712387664,4.882110862555672,4.082967374019715,-9.698707945087218,-0.5061576937229391
1.6929999999999243,5.0,35.0,33.93961165935355,4.883850146165905,4.073218057381057,-9.749316638657222,-0.5060869357000325
1.6939999999999242,5.0,35.0,33.95476006421993,4.885563887107018,4.063418139425711,-9.799917955345801,-0.5060131668857943
1.6949999999999241,5.0,35.0,33.9696920633025,4.887252469592296,4.053567627826883,-9.850511598828291,-0.5059364348249096
1.695999999999924,5.0,35.0,33.98441074811247,4.888916271815811,4.043666530549423,-9.90109727745995,-0.505856786316583
1.696999999999924,5.0,35.0,33.998919165996575,4.890555666052695,4.03371485584522,-9.951674704202643,-0.5057742674269434
1.6979999999999238,5.0,35.0,34.013220320768056,4.892171018757667,4.0237126122486675,-10.002243596552768,-0.5056889235012327
1.6989999999999237,5.0,35.0,34.02731717332851,4.893762690661715,4.013659808572197,-10.052803676470344,-0.5056007991757681
1.6999999999999236,5.0,35.0,34.04121264228096,4.895331036867134,4.003556453901888,-10.103354670309313,-0.505509938389698
1.7009999999999235,5.0,35.0,34.05490960453409,4.896876406940761,3.993402557593139,-10.153896308748967,-0.5054163843965391
1.7019999999999234,5.0,35.0,34.06841089589789,4.8983991450056035,3.9831981292664125,-10.20442832672652,-0.5053201797755121
1.7029999999999232,5.0,35.0,34.08171931167078,4.899899589830804,3.9729431788030416,-10.254950463370786,-0.5052213664426725
1.7039999999999231,5.0,35.0,34.094837607218345,4.901378074919998,3.9626377163411046,-10.30546246193697,-0.505119985661843
1.704999999999923,5.0,35.0,34.1077684985438,4.902834928598104,3.9522817522713622,-10.355964069742505,-0.5050160780553526
1.705999999999923,5.0,35.0,34.12051466285032,4.904270474096547,3.9418752972332585,-10.406455038103964,-0.504909683614582
1.7069999999999228,5.0,35.0,34.13307873909531,4.905685029636995,3.9314183621109833,-10.456935122274997,-0.5048008417103237
1.7079999999999227,5.0,35.0,34.145463328536806,4.907078908513588,3.9209109580295975,-10.507404081385292,-0.5046895911029577
1.7089999999999226,5.0,35.0,34.15767099527199,4.90845241917371,3.910353096351217,-10.557861678380537,-0.5045759699524465
1.7099999999999225,5.0,35.0,34.16970426676811,4.909805865297349,3.8997447886712533,-10.608307679963353,-0.5044600158281554
1.7109999999999224,5.0,35.0,34.181565634385706,4.911139545875008,3.889086046814718,-10.658741856535201,-0.5043417657184935
1.7119999999999223,5.0,35.0,34.19325755389448,4.912453755284332,3.8783768828325784,-10.709163982139241,-0.504221256040397
1.7129999999999221,5.0,35.0,34.20478244598171,4.913748783365252,3.8676173089981747,-10.759573834404105,-0.5040985226486282
1.713999999999922,5.0,35.0,34.216142696753394,4.91502491549393,3.8568073378036862,-10.809971194488597,-0.5039736008449259
1.714999999999922,5.0,35.0,34.22734065822834,4.916282432655359,3.8459469819566583,-10.860355847027295,-0.5038465253869922
1.7159999999999218,5.0,35.0,34.23837864882508,4.917521611514648,3.8350362543765817,-10.910727580077026,-0.5037173304973125
1.7169999999999217,5.0,35.0,34.24925895384187,4.918742724487119,3.8240751681915173,-10.96108618506421,-0.5035860498718336
1.7179999999999216,5.0,35.0,34.259983825929844,4.919946039807185,3.813063736734784,-11.011431456733058,-0.503452716688486
1.7189999999999215,5.0,35.0,34.27055548555942,4.921131821595923,3.8020019735416897,-11.061763193094611,-0.50331736361555
1.7199999999999214,5.0,35.0,34.28097612148,4.92230032992763,3.790889892346313,-11.112081195376602,-0.5031800228198912
1.7209999999999213,5.0,35.0,34.29124789117314,4.9234518208950675,3.7797275070783383,-11.162385267974106,-0.5030407259750378
1.7219999999999211,5.0,35.0,34.30137292129924,4.924586546673655,3.768514831859937,-11.212675218401017,-0.502899504269126
1.722999999999921,5.0,35.0,34.311353308137825,4.925704755584572,3.757251881002695,-11.26295085724229,-0.5027563884127109
1.723999999999921,5.0,35.0,34.321191118021574,4.926806692156671,3.745938669004588,-11.313211998106933,-0.50261140864643
1.7249999999999208,5.0,35.0,34.33088838776412,4.9278925971874035,3.734575210547006,-11.363458457581787,-0.5024645947485462
1.7259999999999207,5.0,35.0,34.34044712508177,4.9289627078026825,3.7231615204918196,-11.413690055186024,-0.5023159760423571
1.7269999999999206,5.0,35.0,34.34986930900918,4.930017257515681,3.711697613878493,-11.463906613326373,-0.5021655814034741
1.7279999999999205,5.0,35.0,34.359156890309045,4.9310564762846205,3.7001835059212405,-11.514107957253069,-0.5020134392669773
1.7289999999999204,5.0,35.0,34.36831179187606,4.932080590569631,3.688619212006224,-11.564293915016515,-0.5018595776344537
1.7299999999999203,5.0,35.0,34.37733590913497,4.933089823388546,3.6770047476887986,-11.614464317424606,-0.5017040240809048
1.7309999999999202,5.0,35.0,34.386231110433044,4.934084394371787,3.665340128690798,-11.66461899800076,-0.501546805761543
1.73199999999992,5.0,35.0,34.39499923742686,4.935064519816306,3.6536253708978554,-11.714757792942606,-0.5013879494184681
1.73299999999992,5.0,35.0,34.40364210546362,4.936030412738633,3.641860490356774,-11.76488054108133,-0.5012274813872367
1.7339999999999198,5.0,35.0,34.412161503956995,4.936982282926939,3.6300455032729326,-11.814987083841661,-0.5010654276033077
1.7349999999999197,5.0,35.0,34.42055919675761,4.93792033699232,3.6181804260077306,-11.865077265202501,-0.5009018136083926
1.7359999999999196,5.0,35.0,34.428836922518215,4.938844778419114,3.6062652750760726,-11.91515093165817,-0.5007366645566846
1.7369999999999195,5.0,35.0,34.43699639505367,4.939755807614427,3.5943000671438923,-11.965207932180268,-0.5005700052209927
1.7379999999999194,5.0,35.0,34.44503930369576,4.9406536219568,3.582284819025712,-12.015248118180146,-0.5004018599987666
1.7389999999999193,5.0,35.0,34.45296731364296,4.941538415844018,3.57021954768224,-12.065271343471947,-0.5002322529180174
1.7399999999999192,5.0,35.0,34.4607820663052,4.9424103807401885,3.5581042702180037,-12.115277464236263,-0.5000612076431474
1.740999999999919,5.0,35.0,34.4684851796437,4.943269705221942,3.5459390038790195,-12.16526633898433,-0.4998887474806711
1.741999999999919,5.0,35.0,34.476078248505935,4.944116575023921,3.5337237660504965,-12.215237828522813,-0.4997148953848482
1.7429999999999188,5.0,35.0,34.48356284495585,4.944951173083469,3.5214585742545776,-12.265191795919137,-0.49953967396321874
1.7439999999999187,5.0,35.0,34.49094051859934,4.945773679584562,3.50914344614811,-12.315128106467341,-0.4993631054820429
1.7449999999999186,5.0,35.0,34.49821279690506,4.94658427200104,3.4967783995204553,-12.365046627654506,-0.4991852118716554
1.7459999999999185,5.0,35.0,34.5053811855207,4.947383125139083,3.484363452291327,-12.414947229127678,-0.49900601473172534
1.7469999999999184,5.0,35.0,34.512447168584686,4.948170411178976,3.471898622508666,-12.464829782661322,-0.49882553533643037
1.7479999999999183,5.0,35.0,34.519412209033476,4.948946299716219,3.4593839283465404,-12.514694162125279,-0.4986437946395468
1.7489999999999182,5.0,35.0,34.52627774890443,4.949710957801882,3.4468193881030875,-12.564540243453223,-0.4984608132794485
1.749999999999918,5.0,35.0,34.533045209634366,4.9504645499823585,3.434205020198476,-12.614367904611626,-0.49827661158403114
1.750999999999918,5.0,35.0,34.53971599235388,4.951207238338421,3.4215408431729073,-12.664177025569181,-0.49809120957554853
1.7519999999999178,5.0,35.0,34.546291478177395,4.951939182523622,3.4088268756846403,-12.71396748826672,-0.4979046269753702
1.7529999999999177,5.0,35.0,34.55277302848915,4.952660539802087,3.3960631365080527,-12.763739176587585,-0.4977168832086624
1.7539999999999176,5.0,35.0,34.55916198522502,4.9533714650856595,3.3832496445317246,-12.813491976328484,-0.49752799740898884
1.7549999999999175,5.0,35.0,34.56545967115037,4.954072110970447,3.3703864187565538,-12.863225775170767,-0.49733798842283905
1.7559999999999174,5.0,35.0,34.57166739013394,4.954762627772739,3.357473478293902,-12.912940462652175,-0.4971468748140758
1.7569999999999173,5.0,35.0,34.57778642741774,4.955443163564388,3.3445108423637633,-12.962635930139008,-0.49695467486831946
1.7579999999999172,5.0,35.0,34.583818049883206,4.956113864207548,3.3314985302929645,-13.012312070798732,-0.4967614065972512
1.758999999999917,5.0,35.0,34.589763506313446,4.956774873388849,3.3184365615133915,-13.061968779573016,-0.49656708774284625
1.759999999999917,5.0,35.0,34.59562402765182,4.957426332653087,3.3053249555602404,-13.11160595315117,-0.49637173578154803
1.7609999999999169,5.0,35.0,34.601400827256796,4.958068381436227,3.292163732070296,-13.161223489944007,-0.4961753679283563
1.7619999999999167,5.0,35.0,34.60709510115313,4.958701157098007,3.278952910780238,-13.210821290058094,-0.49597800114086743
1.7629999999999166,5.0,35.0,34.61270802827951,4.95932479495394,3.265692511524968,-13.26039925527042,-0.495779652123238
1.7639999999999165,5.0,35.0,34.61824077073266,4.959939428306747,3.252382554235965,-13.309957289003426,-0.49558033733008094
1.7649999999999164,5.0,35.0,34.62369447400791,4.960545188477395,3.2390230589396642,-13.359495296300459,-0.4953800729703089
1.7659999999999163,5.0,35.0,34.62907026723637,4.961142204835532,3.2256140457558624,-13.40901318380155,-0.49517887501090707
1.7669999999999162,5.0,35.0,34.63436926341871,4.9617306048294765,3.212155534896143,-13.458510859719613,-0.49497675918064843
1.767999999999916,5.0,35.0,34.63959255965559,4.9623105140157,3.1986475466623263,-13.50798823381699,-0.494773740973746
1.768999999999916,5.0,35.0,34.644741237374795,4.962882056087823,3.1850901014449438,-13.557445217382332,-0.4945698356534471
1.7699999999999159,5.0,35.0,34.64981636255516,4.963445352905188,3.1714832197217357,-13.60688172320789,-0.494365058255573
1.7709999999999158,5.0,35.0,34.65481898594722,4.964000524520914,3.1578269220561688,-13.656297665567088,-0.49415942359199494
1.7719999999999156,5.0,35.0,34.659750143290836,4.964547689209544,3.144121229095976,-13.705692960192495,-0.49395294625406116
1.7729999999999155,5.0,35.0,34.66461085552954,4.965086963494224,3.1303661615717218,-13.755067524254091,-0.4937456406159638
1.7739999999999154,5.0,35.0,34.669402129021975,4.965618462173412,3.1165617402953836,-13.804421276337898,-0.4935375208380496
1.7749999999999153,5.0,35.0,34.67412495575023,4.966142298347258,3.1027079861589586,-13.853754136424905,-0.49332860087008823
1.7759999999999152,5.0,35.0,34.67878031352522,4.966658583443433,3.0888049201330885,-13.903066025870354,-0.49311889445447404
1.776999999999915,5.0,35.0,34.68336916618915,4.967167427242657,3.074852563265705,-13.952356867383292,-0.4929084151293886
1.777999999999915,5.0,35.0,34.68789246381502,4.967668937903737,3.0608509366806986,-14.001626585006482,-0.49269717623190407
1.7789999999999149,5.0,35.0,34.69235114290338,4.9681632219882434,3.046800061576602,-14.050875104096585,-0.49248519090104254
1.7799999999999148,5.0,35.0,34.69674612657619,4.9686503844847945,3.0326999592252974,-14.100102351304663,-0.4922724720807837
1.7809999999999147,5.0,35.0,34.701078324767956,4.969130528832924,3.0185506509707403,-14.149308254556967,-0.4920590325230244
1.7819999999999145,5.0,35.0,34.70534863441413,4.969603756946615,3.004352158227704,-14.198492743036015,-0.4918448847904951
1.7829999999999144,5.0,35.0,34.70955793963678,4.970070169237408,2.990104502480542,-14.247655747161977,-0.49163004125962356
1.7839999999999143,5.0,35.0,34.71370711192768,4.9705298646371805,2.975807705281968,-14.296797198574312,-0.49141451412335835
1.7849999999999142,5.0,35.0,34.71779701032872,4.9709829406205355,2.9614617882518544,-14.345917030113705,-0.4911983153939443
1.785999999999914,5.0,35.0,34.721828481609734,4.9714294932269,2.94706677307605,-14.395015175804271,-0.4909814569056607
1.786999999999914,5.0,35.0,34.72580236044388,4.971869617082126,2.932622681505214,-14.44409157083602,-0.49076395031749964
1.7879999999999139,5.0,35.0,34.729719469580395,4.972303405419952,2.9181295353536663,-14.493146151547604,-0.4905458071158254
1.7889999999999138,5.0,35.0,34.73358062001496,4.97273095010296,2.903587356498257,-14.542178855409302,-0.4903270386169729
1.7899999999999137,5.0,35.0,34.7373866111576,4.973152341643273,2.888996166877251,-14.591189621006285,-0.49010765596981243
1.7909999999999136,5.0,35.0,34.74113823099821,4.973567669222932,2.8743559884892287,-14.640178388022113,-0.4898876701582764
1.7919999999999134,5.0,35.0,34.744836256269664,4.973977020713917,2.8596668433920063,-14.689145097222497,-0.48966709200384084
1.7929999999999133,5.0,35.0,34.74848145260867,4.974380482697876,2.844928753701567,-14.738089690439294,-0.4894459321679709
1.7939999999999132,5.0,35.0,34.752074574714264,4.974778140485567,2.830141741591012,-14.787012110554745,-0.4892242011545307
1.794999999999913,5.0,35.0,34.75561636650406,4.975170078135909,2.8153058292895263,-14.83591230148596,-0.48900190931214593
1.795999999999913,5.0,35.0,34.75910756126829,4.975556378474861,2.800421039081357,-14.884790208169612,-0.4887790668365436
1.796999999999913,5.0,35.0,34.762548881821594,4.975937123113884,2.78548739330481,-14.933645776546896,-0.48855568377284037
1.7979999999999128,5.0,35.0,34.76594104065271,4.976312392468204,2.7705049143512612,-14.982478953548679,-0.48833177001780764
1.7989999999999127,5.0,35.0,34.76928474007196,4.976682265774723,2.75547362466418,-15.031289687080887,-0.48810733532209155
1.7999999999999126,5.0,35.0,34.772580672356646,4.977046821109715,2.7403935467381704,-15.080077926010127,-0.48788238929240657
1.8009999999999124,5.0,35.0,34.77582951989441,4.97740613540619,2.725264703118021,-15.128843620149496,-0.48765694139368865
1.8019999999999123,5.0,35.0,34.77903195532449,4.977760284470987,2.7100871163977764,-15.177586720244618,-0.4874310009512149
1.8029999999999122,5.0,35.0,34.782188641676996,4.978109343001671,2.6948608092198163,-15.226307177959889,-0.48720457715269677
1.8039999999999121,5.0,35.0,34.78530023251018,4.978453384603101,2.6795858042739518,-15.275004945864923,-0.48697767905033623
1.804999999999912,5.0,35.0,34.78836737204575,4.978792481803744,2.6642621242965303,-15.323679977421206,-0.4867503155628471
1.805999999999912,5.0,35.0,34.79139069530224,4.979126706071771,2.6488897920695615,-15.372332226968952,-0.4865224954774516
1.8069999999999118,5.0,35.0,34.79437082822649,4.979456127830849,2.6334688304198473,-15.420961649714135,-0.4862942274518379
1.8079999999999117,5.0,35.0,34.79730838782326,4.979780816475792,2.6179992622181314,-15.469568201715745,-0.4860655200161005
1.8089999999999116,5.0,35.0,34.80020398228292,4.980100840387816,2.6024811103782586,-15.518151839873207,-0.48583638157463244
1.8099999999999115,5.0,35.0,34.803058211107455,4.9804162669497085,2.5869143978563445,-15.566712521914008,-0.4856068204080055
1.8109999999999113,5.0,35.0,34.80587166523449,4.980727162560671,2.571299147649963,-15.61525020638149,-0.4853768446748107
1.8119999999999112,5.0,35.0,34.80864492715971,4.98103359265094,2.5556353827973406,-15.663764852622835,-0.48514646241347215
1.8129999999999111,5.0,35.0,34.81137857105743,4.9813356216962745,2.5399231263765634,-15.71225642077724,-0.4849156815440422
1.813999999999911,5.0,35.0,34.81407316289947,4.981633313232042,2.524162401504799,-15.760724871764234,-0.4846845098699488
1.814999999999911,5.0,35.0,34.81672926057233,4.981926729867299,2.508353231337527,-15.809170167272207,-0.4844529550797418
1.8159999999999108,5.0,35.0,34.81934741399272,4.982215933298463,2.49249563906778,-15.857592269747087,-0.4842210247487875
1.8169999999999107,5.0,35.0,34.8219281652214,4.9825009843229395,2.476589647925399,-15.905991142381183,-0.4839887263409592
1.8179999999999106,5.0,35.0,34.82447204857538,4.9827819428523945,2.4606352811762964,-15.954366749102212,-0.48375606721028247
1.8189999999999105,5.0,35.0,34.82697959073859,4.983058867925941,2.444632562121734,-16.002719054562466,-0.4835230546025712
1.8199999999999104,5.0,35.0,34.829451310870894,4.9833318177230375,2.4285815140976057,-16.05104802412817,-0.4832896956570262
1.8209999999999102,5.0,35.0,34.83188772071559,4.9836008495762485,2.4124821604737368,-16.09935362386895,-0.48305599740781824
1.8219999999999101,5.0,35.0,34.83428932470537,4.9838660199837825,2.396334524653189,-16.147635820547514,-0.4828219667856429
1.82299999999991,5.0,35.0,34.83665662006672,4.984127384621836,2.3801386300715794,-16.19589458160944,-0.4825876106192508
1.82399999999991,5.0,35.0,34.838990096922906,4.98438499835677,2.3638945001964062,-16.244129875173137,-0.48235293563695913
1.8249999999999098,5.0,35.0,34.84129023839544,4.98463891525706,2.347602158526386,-16.29234167001995,-0.48211794846813166
1.8259999999999097,5.0,35.0,34.843557520704074,4.98488918860512,2.3312616285908017,-16.340529935584414,-0.48188265564464683
1.8269999999999096,5.0,35.0,34.84579241326544,4.985135870908891,2.314872933948857,-16.38869464194465,-0.48164706360233395
1.8279999999999095,5.0,35.0,34.84799537879022,4.985379013913301,2.298436098189044,-16.436835759812887,-0.48141117868239475
1.8289999999999094,5.0,35.0,34.85016687337893,4.985618668611524,2.2819511449285184,-16.484953260526165,-0.48117500713280026
1.8299999999999093,5.0,35.0,34.85230734661638,4.985854885256062,2.265418097812481,-16.53304711603713,-0.4809385551096644
1.8309999999999091,5.0,35.0,34.85441724166471,4.986087713369654,2.248836980513576,-16.581117298904992,-0.4807018286785976
1.831999999999909,5.0,35.0,34.856496995355215,4.9863172017561155,2.2322078167312895,-16.6291637822866,-0.48046483381605065
1.832999999999909,5.0,35.0,34.858547038278715,4.986543398510808,2.215530630191362,-16.67718653992766,-0.4802275764106141
1.8339999999999088,5.0,35.0,34.86056779487473,4.986766351031175,2.198805444645208,-16.72518554615409,-0.47999006226432406
1.8349999999999087,5.0,35.0,34.86255968351938,4.986986106026995,2.182032283869344,-16.773160775863484,-0.4797522970939343
1.8359999999999086,5.0,35.0,34.864523116611956,4.987202709530473,2.1652111716648275,-16.8211122045167,-0.47951428653216804
1.8369999999999085,5.0,35.0,34.86645850066036,4.987416206906234,2.1483421318566975,-16.8690398081296,-0.4792760361289572
1.8379999999999084,5.0,35.0,34.86836623636521,4.987626642861157,2.131425188293433,-16.916943563264866,-0.47903755135266235
1.8389999999999083,5.0,35.0,34.87024671870285,4.9878340614539844,2.114460364846409,-16.964823447023996,-0.47879883759126507
1.8399999999999082,5.0,35.0,34.8721003370071,4.98803850610493,2.0974476854093695,-17.01267943703935,-0.4785599001535582
1.840999999999908,5.0,35.0,34.873927475049854,4.9882400196050085,2.080387173897903,-17.06051151146638,-0.478320744270305
1.841999999999908,5.0,35.0,34.87572851112057,4.988438644125251,2.063278854248927,-17.108319648975918,-0.4780813750953809
1.8429999999999078,5.0,35.0,34.877503818104564,4.988634421225887,2.04612275042018,-17.15610382874661,-0.4778417977069125
1.8439999999999077,5.0,35.0,34.879253763560214,4.988827391865225,2.028918886389723,-17.20386403045745,-0.47760201710837985
1.8449999999999076,5.0,35.0,34.880978709795066,4.989017596408527,2.0116672861554425,-17.25160023428042,-0.47736203822971696
1.8459999999999075,5.0,35.0,34.88267901394085,4.989205074636692,1.994367973734569,-17.299312420873257,-0.4771218659283887
1.8469999999999074,5.0,35.0,34.88435502802741,4.9893898657548235,1.9770209731631967,-17.347000571372302,-0.4768815049904536
1.8479999999999073,5.0,35.0,34.88600709905559,4.989572008400673,1.9596263084958112,-17.394664667385467,-0.4766409601316113
1.8489999999999072,5.0,35.0,34.88763556906908,4.989751540652925,1.942184003804826,-17.44230469098529,-0.4764002359982308
1.849999999999907,5.0,35.0,34.88924077522524,4.989928500039429,1.9246940831801236,-17.489920624702126,-0.47615933716837044
1.850999999999907,5.0,35.0,34.89082304986488,4.9901029235452,1.9071565707286062,-17.537512451517404,-0.47591826815277144
1.8519999999999068,5.0,35.0,34.8923827205811,4.990274847620434,1.8895714905737493,-17.58508015485699,-0.47567703339585193
1.8529999999999067,5.0,35.0,34.893920110287084,4.990444308188291,1.8719388668551649,-17.632623718584657,-0.4754356372766723
1.8539999999999066,5.0,35.0,34.895435537282985,4.990611340652579,1.854258723728169,-17.680143126995645,-0.4751940841098879
1.8549999999999065,5.0,35.0,34.8969293153218,4.990775979905397,1.8365310853633587,-17.727638364810318,-0.4749523781466988
1.8559999999999064,6.0,-20.0,34.446929315321796,4.940864571459558,1.8187565736312739,-17.77451173208466,-0.46873367274345223
1.8569999999999063,6.0,-20.0,33.99692931532179,4.890330858316265,1.8009358175340315,-17.820756097242512,-0.4624436515785124
1.8579999999999062,6.0,-20.0,33.54692931532179,4.839186143883595,1.783069453067678,-17.866364466353303,-0.4560836911079059
1.858999999999906,6.0,-20.0,33.09692931532179,4.787441593863242,1.7651581230862103,-17.91132998146774,-0.4496551511443789
1.859999999999906,6.0,-20.0,32.646929315321785,4.735108239517233,1.7472024771672163,-17.95564591899394,-0.44315937526199156
1.8609999999999058,6.0,-20.0,32.19692931532178,4.68219698077672,1.729203171479104,-17.999305688112035,-0.436597691180949
1.8619999999999057,6.0,-20.0,31.746929315321783,4.6287185892004405,1.711160868649879,-18.042302829225395,-0.4299714111335925
1.8629999999999056,6.0,-20.0,31.296929315321783,4.57468371079001,1.6930762376374322,-18.08463101244664,-0.42328183221243937
1.8639999999999055,6.0,-20.0,30.846929315321784,4.520102868668928,1.6749499536013155,-18.12628403611675,-0.41653023670111716
1.8649999999999054,6.0,-20.0,30.396929315321785,4.464986465631425,1.6567826977759599,-18.167255825355646,-0.4097178923889474
1.8659999999999053,6.0,-20.0,29.946929315321785,4.409344786567518,1.6385751573453173,-18.207540430642645,-0.4028460528699658
1.8669999999999052,6.0,-20.0,29.496929315321786,4.353188000769572,1.620328025318892,-18.247132026425348,-0.3959159578270349
1.867999999999905,6.0,-20.0,29.046929315321787,4.296526164126027,1.6020420004091367,-18.286024909755522,-0.38892883330174643
1.868999999999905,6.0,-20.0,28.596929315321788,4.2393692212071485,1.5837177869101862,-18.324213498950595,-0.38188589195072115
1.8699999999999048,6.0,-20.0,28.14692931532179,4.18172700724773,1.5653560945779066,-18.361692332279485,-0.3747883332889121
1.8709999999999047,6.0,-20.0,27.69692931532179,4.1236092500311905,1.5469576385112351,-18.398456066671535,-0.3676373439204676
1.8719999999999046,6.0,-20.0,27.24692931532179,4.065025571679454,1.5285231390347878,-18.434499476447304,-0.3604340977576984
1.8729999999999045,6.0,-20.0,26.79692931532179,4.005985490352517,1.5100533215827174,-18.46981745207017,-0.3531797562286359
1.8739999999999044,6.0,-20.0,26.34692931532179,3.9464984218618513,1.4915489165838,-18.50440499891754,-0.3458754684737008
1.8749999999999043,6.0,-20.0,25.896929315321792,3.88657368120095,1.4730106593477292,-18.53825723607073,-0.33852237153189335
1.8759999999999042,6.0,-20.0,25.446929315321793,3.8262204839968623,1.4544392899526069,-18.571369395122428,-0.3311215905169894
1.876999999999904,6.0,-20.0,24.996929315321793,3.765447947885745,1.435835553133606,-18.60373681900084,-0.32367423878412094
1.877999999999904,6.0,-20.0,24.546929315321794,3.7042650938157964,1.4172001981727964,-18.635354960809558,-0.31618141808716427
1.8789999999999039,6.0,-20.0,24.096929315321795,3.6426808472804346,1.398533978790114,-18.666219382682286,-0.30864421872729647
1.8799999999999037,6.0,-20.0,23.646929315321795,3.580704039484681,1.3798376530354626,-18.696325754651596,-0.3010637196930932
1.8809999999999036,6.0,-20.0,23.196929315321796,3.5183434084474614,1.3611119831819318,-18.725669853530846,-0.29344098879251157
1.8819999999999035,6.0,-20.0,22.746929315321797,3.4556076000424243,1.3423577356201233,-18.754247561808555,-0.2857770827770852
1.8829999999999034,6.0,-20.0,22.296929315321798,3.3925051689797723,1.3235756807535688,-18.782054866554418,-0.27807304745865075
1.8839999999999033,6.0,-20.0,21.8469293153218,3.3290445797315904,1.3047665928952326,-18.80908785833631,-0.27032991781891824
1.8849999999999032,6.0,-20.0,21.3969293153218,3.2652342074027887,1.285931250165085,-18.835342730147524,-0.2625487181121583
1.885999999999903,6.0,-20.0,20.9469293153218,3.201082338550065,1.2670704343887416,-18.860815776343657,-0.2547304619613099
1.886999999999903,6.0,-20.0,20.4969293153218,3.1365971719508234,1.248184930997153,-18.885503391588433,-0.24687615244775785
1.8879999999999029,6.0,-20.0,20.0469293153218,3.0717868193242177,1.2292755289273452,-18.90940206980794,-0.23898678219505648
1.8889999999999028,6.0,-20.0,19.596929315321802,3.00665930600616,1.2103430205241925,-18.93250840315262,-0.23106333344683705
1.8899999999999026,6.0,-20.0,19.146929315321803,2.941222571580229,1.191388201443226,-18.954819080966534,-0.22310677813914523
1.8909999999999025,6.0,-20.0,18.696929315321803,2.8754844704662794,1.1724118705544626,-18.97633088876328,-0.2151180779674426
1.8919999999999024,6.0,-20.0,18.246929315321804,2.8094527724685303,1.1534148298472544,-18.99704070720813,-0.20709818444849892
1.8929999999999023,6.0,-20.0,17.796929315321805,2.7431351632847214,1.1343978843361486,-19.016945511105867,-0.19904803897738366
1.8939999999999022,6.0,-20.0,17.346929315321805,2.6765392449780734,1.1153618419677547,-19.036042368393847,-0.19096857287977725
1.894999999999902,6.0,-20.0,16.896929315321806,2.6096725364135693,1.0963075135286149,-19.054328439139827,-0.18286070745980176
1.895999999999902,6.0,-20.0,16.446929315321807,2.542542473660112,1.0772357125540706,-19.071800974544182,-0.1747253540435712
1.8969999999999019,6.0,-20.0,15.996929315321808,2.475156410359978,1.0581472552381246,-19.088457315946044,-0.16656341401864605
1.8979999999999018,6.0,-20.0,15.546929315321808,2.4075216180671175,1.0390429603442917,-19.104294893833003,-0.15837577886959409
1.8989999999999017,6.0,-20.0,15.096929315321809,2.339645286555524,1.0199236491174377,-19.119311226853984,-0.15016333020981604
1.8999999999999015,6.0,-20.0,14.64692931532181,2.2715345240992173,1.0007901451966028,-19.13350392083497,-0.14192693980983812
1.9009999999999014,6.0,-20.0,14.19692931532181,2.2031963577249893,0.9816432745288057,-19.14687066779719,-0.13366746962222098
1.9019999999999013,6.0,-20.0,13.746929315321811,2.1346377334392868,0.9624838652838282,-19.159409244977518,-0.12538577180326477
1.9029999999999012,6.0,-20.0,13.296929315321812,2.065865516430466,0.9433127477699775,-19.171117513850685,-0.1170826887316718
1.903999999999901,6.0,-20.0,12.846929315321812,1.9968864912476372,0.9241307543508245,-19.181993419153116,-0.10875905302432544
1.904999999999901,6.0,-20.0,12.396929315321813,1.9277073619571854,0.9049387193629164,-19.192034987908052,-0.10041568754932997
1.9059999999999009,6.0,-20.0,11.946929315321814,1.858334752278303,0.8857374790344646,-19.2012403284517,-0.09205340543648277
1.9069999999999008,6.0,-20.0,11.496929315321815,1.7887752056985304,0.8665278714050045,-19.20960762946023,-0.08367301008531251
1.9079999999999007,6.0,-20.0,11.04697318224579,1.719041992558362,0.8473107361645088,-19.217135240495697,-0.07527611035467442
1.9089999999999006,6.0,-20.0,10.603444993927992,1.6501345938171892,0.8280869026815749,-19.22383348293392,-0.06698242438220912
1.9099999999999004,6.0,-20.0,10.166252922586164,1.582051953206025,0.8088571900195081,-19.22971266206682,-0.05879179132899244
1.9109999999999003,6.0,-20.0,9.735306452263504,1.5147924050230848,0.7896224069597946,-19.234783059713468,-0.050703976466489636
1.9119999999999002,6.0,-20.0,9.310516360088311,1.4483537180219064,0.770383352032432,-19.239054927362506,-0.042718676490389684
1.9129999999999001,6.0,-20.0,8.891794697801336,1.3827331367036093,0.7511408135526173,-19.242538479814797,-0.03483552452290725
1.9139999999999,6.0,-20.0,8.47905477354703,1.3179274201626807,0.7318955696633204,-19.245243889296923,-0.027054094821254523
1.9149999999999,6.0,-20.0,8.072211133924931,1.2539328786264297,0.7126483883833026,-19.247181280017813,-0.019373907208901295
1.9159999999998998,6.0,-20.0,7.671179546297432,1.190745407820284,0.6934000276601602,-19.248360723142344,-0.011794431245311252
1.9169999999998997,6.0,-20.0,7.275876981350326,1.128360521283187,0.6741512354280029,-19.248792232157236,-0.00431509014891647
1.9179999999998996,6.0,-20.0,6.886221595902464,1.0667733807499777,0.654902749669397,-19.24848575860596,0.003064735512772754
1.9189999999998995,6.0,-20.0,6.502132715961,1.00597882471107,0.6356552984812263,-19.24745118817068,0.01034570435279343
1.9199999999998993,6.0,-20.0,6.123530820018701,0.9459713952531905,0.6164096001441457,-19.24569833708051,0.017528510901731076
1.9209999999998992,6.0,-20.0,5.750337522589862,0.8867453632789468,0.5971663631953192,-19.243236948826464,0.024613882540440182
1.9219999999998991,6.0,-20.0,5.382475557981436,0.8282947521975261,0.5779262865041545,-19.240076691164717,0.031602576617468583
1.922999999999899,6.0,-20.0,5.019868764295986,0.7706133601734069,0.5586900593507639,-19.236227153390637,0.0384953777408087
1.923999999999899,6.0,-20.0,4.662442067663187,0.7136947810149903,0.5394583615068966,-19.231697843867217,0.04529309523418377
1.9249999999998988,6.0,-20.0,4.31012146669657,0.6575324237806917,0.5202318633191042,-19.22649818779236,0.05199656074859036
1.9259999999998987,6.0,-20.0,3.9628340171723333,0.6021195311751353,0.5010112257939139,-19.22063752519032,0.058606626020397755
1.9269999999998986,6.0,-20.0,3.6205078169270144,0.5474491968045618,0.48179710068480036,-19.214125109113546,0.06512416076771999
1.9279999999998985,6.0,-20.0,3.2830719909709143,0.4935143813561331,0.4625901305807586,-19.20697010404182,0.07155005071730006
1.9289999999998984,6.0,-20.0,2.950456676814187,0.4403079277626224,0.4433909489962922,-19.199181584466366,0.07788519575452374
1.9299999999998982,6.0,-20.0,2.622593010002556,0.3878225754102168,0.42420018046264485,-19.190768533647404,0.08413050818962499
1.9309999999998981,6.0,-20.0,2.299413109859662,0.33605097344403867,0.4050184406201108,-19.18173984253405,0.09028691113351564
1.931999999999898,6.0,-20.0,1.9808500654330956,0.28498569322299494,0.3858463363112744,-19.17210430883635,0.09635533697702692
1.932999999999898,6.0,-20.0,1.6668379216411942,0.23461923997254713,0.3666844656750348,-19.161870636239577,0.10233672596770874
1.9339999999998978,6.0,-20.0,1.3573116656177486,0.18494406368133942,0.34753341824128314,-19.151047433751714,0.10823202487864857
1.9349999999998977,6.0,-20.0,1.0522072132517808,0.13595256928514754,0.32839377502610784,-19.139643215175305,0.11404218576406563
1.9359999999998976,6.0,-20.0,0.7514613959196126,0.08763712617897682,0.3092661086274122,-19.12766639869563,0.11976816479675036
1.9369999999998975,6.0,-20.0,0.4550119474064753,0.039990077096079796,0.29015098332083483,-19.11512530657736,0.1254109211826645
1.9379999999998974,6.0,-20.0,0.16279749101495422,-0.006996253609637288,0.2710489551558723,-19.102028164962533,0.13097141614829144
1.9389999999998973,6.0,-20.0,-0.12524247314240222,-0.053329552243331885,0.2519605720521094,-19.088383103762876,0.13645061199656355
1.9399999999998971,6.0,-20.0,-0.4091675806689393,-0.09901750857848302,0.2328863738954693,-19.074198156640136,0.14184947122742061
1.940999999999897,6.0,-20.0,-0.6890366152308116,-0.14406780916500506,0.2138268926344011,-19.059481261068207,0.14716895571928146
1.941999999999897,6.0,-20.0,-0.9649075207275143,-0.1884881311071115,0.1947826523759297,-19.04424025847142,0.15241002596789888
1.9429999999998968,6.0,-20.0,-1.2368374132885498,-0.2322861362835822,0.17575416948149622,-19.02848289443349,0.15757364037928007
1.9439999999998967,6.0,-20.0,-1.5048825930987133,-0.2754694659844874,0.15674195266252408,-19.01221681897214,0.16266075461352197
1.9449999999998966,6.0,-20.0,-1.769098556054446,-0.31804573594002905,0.13774650307564962,-18.99544958687448,0.16767232097660503
1.9459999999998965,6.0,-20.0,-2.0295400052536685,-0.3600225317182857,0.11876831441756086,-18.978188658088747,0.17260928785732255
1.9469999999998964,6.0,-20.0,-2.2862608623214733,-0.4014074044702146,0.0998078730193928,-18.960441398168072,0.17747259920671374
1.9479999999998963,6.0,-20.0,-2.5393142785740235,-0.44220786700123216,0.08086565794063048,-18.942215078762324,0.1822631940574827
1.9489999999998961,6.0,-20.0,-2.788752646022966,-0.48243139015005254,0.06194214106247626,-18.92351687815422,0.1869820060810516
1.949999999999896,6.0,-20.0,-3.034627608222638,-0.5220853994563557,0.04303778718064004,-18.90435388183622,0.19162996318000192
1.950999999999896,6.0,-20.0,-3.2769900709623148,-0.5611772721000854,0.0241530540975152,-18.88473308312484,0.19620798711380755
1.9519999999998958,6.0,-20.0,-3.51589021280571,-0.5997143340959619,0.005288392713705947,-18.864661383809253,0.2007169931558574
1.9529999999998957,6.0,-20.0,-3.751377495479914,-0.6377038577278249,-0.013555752881125316,-18.844145594831264,0.2051578897798903
1.9539999999998956,6.0,-20.0,-3.9835006741159154,-0.6751530592083066,-0.03237894531811917,-18.823192436993853,0.20953157837407158
1.9549999999998955,6.0,-20.0,-4.212307807342831,-0.7120690965500018,-0.05118075385981492,-18.801808541695753,0.213838952981022
1.9559999999998954,6.0,-20.0,-4.4378462672379335,-0.7484590676353016,-0.06996075431150446,-18.78000045168953,0.21808090006223058
1.9569999999998953,6.0,-20.0,-4.6601627491345345,-0.7843300084725768,-0.08871852893336546,-18.757774621860996,0.2222582982853455
1.9579999999998952,6.0,-20.0,-4.879303281289755,-0.8196888916272074,-0.10745366635339317,-18.7351374200277,0.22637201833293658
1.958999999999895,6.0,-20.0,-5.095313234414188,-0.8545426248166208,-0.12616576148114772,-18.712095127754562,0.2304229227314028
1.959999999999895,6.0,-20.0,-5.308237331065413,-0.8888980496590069,-0.1448544154223324,-18.688653941184686,0.23441186569876
1.9609999999998948,6.0,-20.0,-5.518119654907336,-0.9227619405660874,-0.16351923539421606,-18.664819971883674,0.23833969301013042
1.9619999999998947,6.0,-20.0,-5.725003659837231,-0.9561410037707618,-0.18215983464191177,-18.64059924769569,0.24220724187980958
1.9629999999998946,6.0,-20.0,-5.928932178982413,-0.98904187648109,-0.20077583235552157,-18.615997713609804,0.2460153408588642
1.9639999999998945,6.0,-20.0,-6.129947433568379,-1.0214711261524227,-0.21936685358815666,-18.59102123263508,0.249764809747256
1.9649999999998944,6.0,-20.0,-6.328091041660259,-1.0534352498700952,-0.23793252917483979,-18.565675586683124,0.2534564595195622
1.9659999999998943,6.0,-20.0,-6.5234040267793985,-1.0849406738353915,-0.2564724956522966,-18.539966477456783,0.25709109226339777
1.9669999999998942,6.0,-20.0,-6.715926826396836,-1.1159937529480732,-0.2749863951796404,-18.51389952734381,0.2606695011297152
1.967999999999894,6.0,-20.0,-6.905699300305453,-1.146600770479,-0.2934738754599548,-18.48748028031439,0.26419247029418885
1.968999999999894,6.0,-20.0,-7.092760738872518,-1.1767679378268228,-0.31193458966277626,-18.4607142028215,0.2676607749289424
1.9699999999998938,6.0,-20.0,-7.277149871174339,-1.2065013943530642,-0.3303681963474794,-18.433606684703108,0.27107518118392304
1.9709999999998937,6.0,-20.0,-7.458904873014706,-1.2358072072902493,-0.3487743593875648,-18.40616304008538,0.2744364461772646
1.9719999999998936,6.0,-20.0,-7.638063374828782,-1.2646913717179817,-0.3671527478958508,-18.37838850828598,0.2777453179940136
1.9729999999998935,6.0,-20.0,-7.814662469474085,-1.2931598106022846,-0.38550303615056747,-18.350288254716716,0.28100253569264133
1.9739999999998934,6.0,-20.0,-7.988738719910169,-1.3212183748936819,-0.40382490352235234,-18.32186737178484,0.2842088293187859
1.9749999999998933,6.0,-20.0,-8.160328166768595,-1.348872843679822,-0.4221180344021446,-18.29313087979227,0.2873649199257079
1.9759999999998932,6.0,-20.0,-8.329466335814757,-1.3761289243886843,-0.4403821181299768,-18.264083727832173,0.29047151960097256
1.976999999999893,6.0,-20.0,-8.496188245303118,-1.40299225303864,-0.4586168489246591,-18.23473079468228,0.2935293314988979
1.977999999999893,6.0,-20.0,-8.66052841322736,-1.4294683945318427,-0.47682192581435356,-18.20507688969445,0.29653904987833707
1.9789999999998928,6.0,-20.0,-8.822520864466968,-1.4555628429876561,-0.4949970525680335,-18.17512675367991,0.29950136014538736
1.9799999999998927,6.0,-20.0,-8.982199137831726,-1.4812810221130293,-0.5131419376278233,-18.144885059789846,0.3024169389006466
1.9809999999998926,6.0,-20.0,-9.139596293005559,-1.5066282856068587,-0.5312562940422141,-18.11435641439078,0.30528645399065096
1.9819999999998925,6.0,-20.0,-9.294744917391194,-1.531609917595651,-0.5493398394001486,-18.083545357934465,0.3081105645631642
1.9829999999998924,6.0,-20.0,-9.447677132857034,-1.556231133097842,-0.5673922957659705,-18.052456365821865,0.31088992112599145
1.9839999999998923,6.0,-20.0,-9.598424602387649,-1.5804970785144246,-0.5854133896152314,-18.02109384926096,0.3136251656090282
1.9849999999998922,6.0,-20.0,-9.747018536639255,-1.6044128321435238,-0.6034028517713494,-17.989462156118037,0.316316931429254
1.985999999999892,6.0,-20.0,-9.89348970040155,-1.6279834047168715,-0.6213604173431116,-17.957565571762192,0.3189658435584172
1.986999999999892,6.0,-20.0,-10.037868418967243,-1.651213739956102,-0.6392858256630145,-17.92540831990288,0.3215725185931548
1.9879999999998919,6.0,-20.0,-10.180184584410569,-1.6741087151470304,-0.6571788202264346,-17.892994563420146,0.3241375648273207
1.9889999999998917,6.0,-20.0,-10.320467661776132,-1.6966731417301353,-0.6750391486316222,-17.860328405187513,0.32666158232630266
1.9899999999998916,6.0,-20.0,-10.458746695179329,-1.7189117659055935,-0.6928665625205093,-17.827413888887204,0.32914516300312346
1.9909999999998915,6.0,-20.0,-10.595050313819625,-1.7408292692512881,-0.7106608175203268,-17.79425499981759,0.3315888906961331
1.9919999999998914,6.0,-20.0,-10.729406737907915,-1.7624302693524276,-0.7284216731860197,-17.76085566569278,0.33399334124812086
1.9929999999998913,6.0,-20.0,-10.861843784509231,-1.78371932044125,-0.7461488929434539,-17.727219757434113,0.33635908258666225
1.9939999999998912,6.0,-20.0,-10.992388873301957,-1.8047009140457275,-0.7638422440334074,-17.693351089953556,0.338686674805564
1.994999999999891,6.0,-20.0,-11.121069032254786,-1.825379479645941,-0.7815014974563362,-17.65925342292883,0.34097667024724415
1.995999999999891,6.0,-20.0,-11.247910903222575,-1.8457593853370633,-0.7991264279179064,-17.62493046157024,0.3432296135859159
1.9969999999998909,6.0,-20.0,-11.372940747462252,-1.8658449384979088,-0.8167168137752857,-17.590385857379097,0.3454460419114468
1.9979999999998908,6.0,-20.0,-11.496184451069935,-1.8856403864640616,-0.8342724369841834,-17.55562320889772,0.3476264848137695
1.9989999999998906,6.0,-20.0,-11.617667530340364,-1.9051499172046995,-0.8517930830466344,-17.520646062450947,0.3497714644677379
1.9999999999998905,6.0,-20.0,-11.737415137049787,-1.9243776600022189,-0.8692785409595134,-17.485457912879113,0.3518814957183152
2.0009999999998906,6.0,-20.0,-11.855452063663362,-1.9433276861339226,-0.8867286031637759,-17.45006220426251,0.3539570861660041
2.0019999999998905,6.0,-20.0,-11.971802748468171,-1.9620040095549847,-0.9041430654944131,-17.41446233063727,0.35599873625242245
2.0029999999998904,6.0,-20.0,-12.086491280632911,-1.9804105875820754,-0.9215217271311159,-17.378661636702674,0.3580069393459469
2.0039999999998903,6.0,-20.0,-12.199541405195298,-1.9985513215769073,-0.9388643905496359,-17.34266341851994,0.35998218182733316
2.00499999999989,6.0,-20.0,-12.310976527978221,-2.016430057629208,-0.9561708614738383,-17.306470924202415,0.3619249431752537
2.00599999999989,6.0,-20.0,-12.420819720435675,-2.03405058723851,-0.9734409488284357,-17.270087354597248,0.3638356960516748
2.00699999999989,6.0,-20.0,-12.529093724429451,-2.051416647994275,-0.9906744646923942,-17.233515863958548,0.36571490638701526
2.00799999999989,6.0,-20.0,-12.635820956937602,-2.0685319242538576,-1.0078712242530061,-17.196759560612048,0.367563033465025
2.0089999999998898,6.0,-20.0,-12.741023514695636,-2.085400047817906,-1.0250310457606175,-17.159821507611312,0.3693805300073333
2.0099999999998897,6.0,-20.0,-12.844723178771412,-2.102024598602725,-1.042153750484003,-17.122704723385553,0.37116784225760896
2.0109999999998895,6.0,-20.0,-12.946941419074678,-2.1184091053093406,-1.0592391626663822,-17.08541218237902,0.3729254100652991
2.0119999999998894,6.0,-20.0,-13.047699398802182,-2.1345570460888137,-1.0762871094820643,-17.04794681568213,0.37465366696889174
2.0129999999998893,6.0,-20.0,-13.147017978819294,-2.150471849203525,-1.0932974209937185,-17.010311511654265,0.3763530402786668
2.013999999999889,6.0,-20.0,-13.244917721979018,-2.166156893684194,-1.110269930110257,-16.972509116538372,0.37802395115890697
2.014999999999889,6.0,-20.0,-13.341418897379318,-2.1816155099822536,-1.1272044725453243,-16.93454243506742,0.3796668147095218
2.015999999999889,6.0,-20.0,-13.436541484559614,-2.196850980617481,-1.144100886776387,-16.896414231062714,0.3812820400470714
2.016999999999889,6.0,-20.0,-13.530305177637334,-2.211866540820501,-1.1609590140044113,-16.858127228024202,0.3828700303851444
2.0179999999998888,6.0,-20.0,-13.622729389385373,-2.2266653791701003,-1.177778698114124,-16.819684109712792,0.3844311831140813
2.0189999999998887,6.0,-20.0,-13.713833255251297,-2.2412506382251287,-1.1945597856348489,-16.781087520724792,0.3859658898800147
2.0199999999998886,6.0,-20.0,-13.803635637319136,-2.2556254151507327,-1.2113021257019074,-16.74234006705847,0.387474536663198
2.0209999999998884,6.0,-20.0,-13.892155128214577,-2.2697927623389447,-1.2280055700185804,-16.70344431667291,0.38895750385562194
2.0219999999998883,6.0,-20.0,-13.97941005495437,-2.2837556880233283,-1.2446699728186195,-16.66440280003912,0.39041516633788453
2.022999999999888,6.0,-20.0,-14.065418482740736,-2.2975171568876718,-1.261295190829303,-16.62521801068359,0.39184789355531235
2.023999999999888,6.0,-20.0,-14.150198218701583,-2.3110800906685736,-1.2778810832350271,-16.58589240572426,0.39325604959331417
2.024999999999888,6.0,-20.0,-14.233766815577274,-2.3244473687518434,-1.294427511641426,-16.546428406399063,0.3946399932519575
2.025999999999888,6.0,-20.0,-14.316141575354742,-2.3376218287626607,-1.3109343400400133,-16.506828398587086,0.39600007811976123
2.026999999999888,6.0,-20.0,-14.397339552849674,-2.3506062671493604,-1.3274014347733356,-16.46709473332242,0.39733665264668816
2.0279999999998877,6.0,-20.0,-14.477377559237535,-2.363403439760871,-1.3438286645006365,-16.427229727300784,0.3986500602163402
2.0289999999998876,6.0,-20.0,-14.556272165534141,-2.3760160624176834,-1.3602159001640155,-16.38723566337905,0.39994063921734185
2.0299999999998875,6.0,-20.0,-14.63403970602651,-2.3884468114763653,-1.3765630149550834,-16.34711479106766,0.40120872311391437
2.0309999999998873,6.0,-20.0,-14.710696281654702,-2.4006983243875384,-1.3928698842820992,-16.306869327016095,0.40245464051562835
2.0319999999998872,6.0,-20.0,-14.786257763345349,-2.4127732002473827,-1.4091363857375907,-16.26650145549146,0.403678715246346
2.032999999999887,6.0,-20.0,-14.860739795297558,-2.4246740003425282,-1.425362399066441,-16.22601332885023,0.4048812664123329
2.033999999999887,6.0,-20.0,-14.934157798221879,-2.4364032486884373,-1.4415478061344442,-16.185407068003272,0.40606260846955383
2.034999999999887,6.0,-20.0,-15.006526972532996,-2.4479634325612496,-1.4576924908973186,-16.144684762874256,0.407223051290149
2.035999999999887,6.0,-20.0,-15.07786230149681,-2.4593570030229976,-1.4737963393701699,-16.10384847285145,0.40836290022807953
2.0369999999998867,6.0,-20.0,-15.148178554332569,-2.47058637544039,-1.489859239597403,-16.06290022723305,0.40948245618396534
2.0379999999998866,6.0,-20.0,-15.217490289270675,-2.481653929996977,-1.5058810816230692,-16.021842025666142,0.4105820156690952
2.0389999999998865,6.0,-20.0,-15.285811856566808,-2.4925620121988796,-1.5218617574616484,-15.980675838579279,0.411661870868629
2.0399999999998863,6.0,-20.0,-15.353157401472997,-2.5033129333739828,-1.5378011610692572,-15.93940360760888,0.41272230970398127
2.0409999999998862,6.0,-20.0,-15.419540867166239,-2.513908971164714,-1.5536991883152769,-15.898027246019439,0.41376361589440147
2.041999999999886,6.0,-20.0,-15.484975997635292,-2.524352370014383,-1.5695557369543942,-15.856548639117666,0.4147860690177463
2.042999999999886,6.0,-20.0,-15.549476340526217,-2.534645341647143,-1.5853707065990548,-15.81496964466062,0.41578994457045404
2.043999999999886,6.0,-20.0,-15.613055249947271,-2.544790065541587,-1.6011439986923128,-15.773292093257949,0.4167755140267213
2.044999999999886,6.0,-20.0,-15.675725889233739,-2.554788689398073,-1.616875516481081,-15.73151778876826,0.4177430448968935
2.0459999999998857,6.0,-20.0,-15.737501233673257,-2.564643329599744,-1.6325651649897708,-15.689648508689752,0.41869280078506654
2.0469999999998856,6.0,-20.0,-15.79839407319221,-2.5743560716673635,-1.648212850994316,-15.647686004545161,0.4196250414459135
2.0479999999998855,6.0,-20.0,-15.858417015003749,-2.583928970707965,-1.663818482996577,-15.605632002261089,0.4205400228407363
2.0489999999998854,6.0,-20.0,-15.91758248621798,-2.593364051857404,-1.679381971199119,-15.563488202541814,0.42143799719275415
2.0499999999998852,6.0,-20.0,-15.975902736414866,-2.602663310716819,-1.6949032274803564,-15.521256281237653,0.4223192130416292
2.050999999999885,6.0,-20.0,-16.03338984018037,-2.6118287137831215,-1.7103821653700644,-15.478937889707927,0.4231839152972441
2.051999999999885,6.0,-20.0,-16.090055699606364,-2.6208621988734677,-1.7258187000252432,-15.436534655178654,0.42403234529272704
2.052999999999885,6.0,-20.0,-16.145912046754844,-2.6297656755439114,-1.7412127482063382,-15.39404818109498,0.42486474083674663
2.053999999999885,6.0,-20.0,-16.200970446086917,-2.6385410255021595,-1.7565642282538065,-15.351480047468472,0.42568133626507043
2.0549999999998847,6.0,-20.0,-16.255242296857105,-2.6471901030145606,-1.7718730600650257,-15.308831811219331,0.42648236249139926
2.0559999999998846,6.0,-20.0,-16.30873883547343,-2.655714735307389,-1.7871391650715391,-15.266105006513584,0.42726804705748944
2.0569999999998845,6.0,-20.0,-16.36147113782381,-2.6641167229624534,-1.8023624662166344,-15.223301145095327,0.42803861418256367
2.0579999999998844,6.0,-20.0,-16.413450121569184,-2.6723978403071094,-1.8175428879332485,-15.180421716614125,0.42879428481202075
2.0589999999998843,6.0,-20.0,-16.46468654840391,-2.68055983579874,-1.832680356122196,-15.137468188947581,0.4295352766654543
2.059999999999884,6.0,-20.0,-16.515191026283855,-2.6886044324037632,-1.8477747981307153,-15.094442008519183,0.4302618042839854
2.060999999999884,6.0,-20.0,-16.564974011622656,-2.6965333279712187,-1.8628261427313269,-15.051344600611491,0.43097407907691737
2.061999999999884,6.0,-20.0,-16.614045811456617,-2.7043481956010176,-1.8778343201010017,-15.00817736967472,0.43167230936772205
2.062999999999884,6.0,-20.0,-16.662416585578665,-2.7120506840069307,-1.8927992618006324,-14.964941699630781,0.43235670043936797
2.0639999999998837,6.0,-20.0,-16.710096348641827,-2.719642417874277,-1.9077209007548053,-14.921638954172883,0.4330274545789856
2.0649999999998836,6.0,-20.0,-16.757094972232657,-2.727124998212571,-1.922599171231866,-14.878270477060692,0.43368477112190107
2.0659999999998835,6.0,-20.0,-16.803422186915046,-2.7345000027029673,-1.9374340088242772,-14.83483759241119,0.43432884649501946
2.0669999999998834,6.0,-20.0,-16.84908758424483,-2.741768986040766,-1.9522253504292624,-14.79134160498523,0.43495987425958954
2.0679999999998833,6.0,-20.0,-16.89410061875562,-2.748933480272874,-1.9669731342297325,-14.747783800469897,0.4355780451533381
2.068999999999883,6.0,-20.0,-16.93847060991625,-2.7559949951304343,-1.9816772996754894,-14.704165445756695,0.43618354713199914
2.069999999999883,6.0,-20.0,-16.982206744060306,-2.7629550183565588,-1.996337787464705,-14.660487789215674,0.43677656541023024
2.070999999999883,6.0,-20.0,-17.025318076288016,-2.7698150160293267,-2.0109545395256707,-14.61675206096548,0.4373572825019376
2.071999999999883,6.0,-20.0,-17.067813532341045,-2.776576432880052,-2.0255274989988097,-14.57295947313948,0.4379258782600083
2.0729999999998827,6.0,-20.0,-17.109701910450458,-2.7832406926068955,-2.040056610218958,-14.529111220147934,0.43848252991546044
2.0739999999998826,6.0,-20.0,-17.15099188315831,-2.789809198183895,-2.0545418186978943,-14.485208478936332,0.4390274121160206
2.0749999999998825,6.0,-20.0,-17.19169199911319,-2.7962833321654674,-2.068983071107134,-14.441252409239919,0.439560696964134
2.0759999999998824,6.0,-20.0,-17.231810684840145,-2.8026644569864585,-2.0833803152609685,-14.397244153834476,0.44008255405441865
2.0769999999998823,6.0,-20.0,-17.271356246485286,-2.8089539152577485,-2.0977335000997517,-14.35318483878342,0.44059315051056297
2.077999999999882,6.0,-20.0,-17.310336871535497,-2.8151530300575702,-2.112042575673433,-14.309075573681252,0.44109265102168754
2.078999999999882,6.0,-20.0,-17.348760630513564,-2.821263105218491,-2.1263074931253265,-14.264917451893435,0.4415812178781646
2.079999999999882,6.0,-20.0,-17.386635478649083,-2.8272854256101834,-2.1405282046761194,-14.220711550792744,0.4420590110069105
2.080999999999882,6.0,-20.0,-17.423969257525524,-2.8332212574180566,-2.1547046636081113,-14.176458931992128,0.4425261880061604
2.0819999999998817,6.0,-20.0,-17.460769696703732,-2.83907184841775,-2.1688368242496856,-14.132160641574155,0.4429829041797265
2.0829999999998816,6.0,-20.0,-17.49704441532225,-2.8448384282455743,-2.1829246419600024,-14.08781771031708,0.4434293125707485
2.0839999999998815,6.0,-20.0,-17.532800923674788,-2.8505222086649917,-2.19696807311392,-14.043431153917584,0.44386556399494903
2.0849999999998814,6.0,-20.0,-17.56804662476515,-2.8561243838291093,-2.21096707508713,-13.999001973210245,0.44429180707339044
2.0859999999998813,6.0,-20.0,-17.602788815839933,-2.8616461305393512,-2.2249216062415136,-13.954531154383771,0.4447081882647547
2.086999999999881,6.0,-20.0,-17.637034689899362,-2.867088608500244,-2.238831625910708,-13.910019669194057,0.44511485189713595
2.087999999999881,6.0,-20.0,-17.670791337186515,-2.8724529605704907,-2.2526970943858817,-13.86546847517412,0.4455119401993701
2.088999999999881,6.0,-20.0,-17.704065746655278,-2.8777403130102748,-2.2665179729017226,-13.820878515840931,0.44589959333189266
2.089999999999881,6.0,-20.0,-17.736864807417344,-2.8829517757249468,-2.280294223622622,-13.776250720899217,0.44627794941714427
2.0909999999998807,6.0,-20.0,-17.769195310168524,-2.8880884425050786,-2.294025809629064,-13.731586006442264,0.4466471445695224
2.0919999999998806,6.0,-20.0,-17.801063948594688,-2.893151391262947,-2.3077126949042137,-13.686885275149777,0.4470073129248869
2.0929999999998805,6.0,-20.0,-17.832477320757622,-2.8981416842655463,-2.3213548443206964,-13.642149416482813,0.4473585866696304
2.0939999999998804,6.0,-20.0,-17.863441930461086,-2.903060368364131,-2.3349522236275724,-13.597379306875881,0.44770109606931713
2.0949999999998803,6.0,-20.0,-17.893964188597355,-2.9079084752203332,-2.3485047994374986,-13.552575809926193,0.44803496949689137
2.09599999999988,6.0,-20.0,-17.924050414474536,-2.9126870215289644,-2.3620125392140783,-13.507739776580147,0.44836033346047327
2.09699999999988,6.0,-20.0,-17.9537068371249,-2.9173970092374812,-2.3754754112593957,-13.462872045317074,0.4486773126307366
2.09799999999988,6.0,-20.0,-17.982939596594544,-2.9220394257622138,-2.3888933847017255,-13.417973442330286,0.4489860298678822
2.09899999999988,6.0,-20.0,-18.011754745214624,-2.926615244201379,-2.402266429483431,-13.373044781705465,0.44928660624821
2.0999999999998797,6.0,-20.0,-18.040158248854414,-2.9311254235449358,-2.4155945163490276,-13.328086865596436,0.4495791610902956
2.1009999999998796,6.0,-20.0,-18.068155988156494,-2.9355709088813153,-2.4288776168334256,-13.283100484398357,0.4498638119807775
2.1019999999998795,6.0,-20.0,-18.09575375975426,-2.9399526316010904,-2.4421157032503444,-13.238086416918382,0.45014067479976066
2.1029999999998794,6.0,-20.0,-18.122957277472057,-2.9442715095976384,-2.4553087486808884,-13.193045430543798,0.45040986374584474
2.1039999999998793,6.0,-20.0,-18.149772173508172,-2.9485284474648026,-2.468456726962296,-13.14797828140772,0.450671491360778
2.104999999999879,6.0,-20.0,-18.17620399960091,-2.9527243366916203,-2.481559612676848,-13.102885714552349,0.4509256685537437
2.105999999999879,6.0,-20.0,-18.202258228178042,-2.956860055854186,-2.4946173811409382,-13.05776846408982,0.45117250462528946
2.106999999999879,6.0,-20.0,-18.227940253489784,-2.9609364708046435,-2.5076300083942993,-13.012627253360732,0.4514121072908966
2.107999999999879,6.0,-20.0,-18.253255392725645,-2.9649544348573746,-2.5205974711893893,-12.967462795090313,0.4516445827042008
2.1089999999998787,6.0,-20.0,-18.27820888711528,-2.96891478897245,-2.533519746980932,-12.922275791542326,0.45187003547987037
2.1099999999998786,6.0,-20.0,-18.302805903013635,-2.9728183619363246,-2.546396813915602,-12.877066934670712,0.4520885687161387
2.1109999999998785,6.0,-20.0,-18.327051532970582,-2.976665970539872,-2.559228650821871,-12.831836906269011,0.45230028401700667
2.1119999999998784,6.0,-20.0,-18.350950796785288,-2.980458419753786,-2.572015237199989,-12.786586378117601,0.4525052815141147
2.1129999999998783,6.0,-20.0,-18.374508642545496,-2.9841965029013604,-2.5847565532121175,-12.741316012128772,0.4527036598882878
2.113999999999878,6.0,-20.0,-18.39772994765199,-2.9878810018287156,-2.5974525796726073,-12.696026460489696,0.4528955163907612
2.114999999999878,6.0,-20.0,-18.42061951982839,-2.991512687072518,-2.6101032980384105,-12.650718365803288,0.4530809468640939
2.115999999999878,6.0,-20.0,-18.443182098116555,-2.9950923180251694,-2.6227086903996373,-12.605392361227011,0.45326004576276474
2.116999999999878,6.0,-20.0,-18.465422353857747,-2.9986206430976114,-2.635268739470247,-12.560049070609663,0.4534329061734724
2.1179999999998778,6.0,-20.0,-18.487344891659777,-3.0020983998796593,-2.6477834285788733,-12.51468910862615,0.45359961983512503
2.1189999999998776,6.0,-20.0,-18.508954250350353,-3.00552631529799,-2.660252741659783,-12.469313080910297,0.4537602771585384
2.1199999999998775,6.0,-20.0,-18.530254903916777,-3.0089051057717793,-2.672676663243969,-12.423921584185713,0.4539149672458395
2.1209999999998774,6.0,-20.0,-18.551251262432253,-3.0122354773660662,-2.6850551784503636,-12.378515206394754,0.45406377790958685
2.1219999999998773,6.0,-20.0,-18.571947672968935,-3.0155181259427817,-2.6973882729771894,-12.333094526825594,0.45420679569159916
2.122999999999877,6.0,-20.0,-18.592348420497952,-3.0187537373096083,-2.709675933093427,-12.287660116237443,0.4543441058815128
2.123999999999877,6.0,-20.0,-18.612457728776555,-3.0219429873665957,-2.721918145630411,-12.242212536983937,0.45447579253505926
2.124999999999877,6.0,-20.0,-18.632279761222605,-3.0250865422506203,-2.7341148979735457,-12.19675234313473,0.45460193849207364
2.125999999999877,6.0,-20.0,-18.651818621776567,-3.02818505847772,-2.7462661780541406,-12.151280080595306,0.4547226253942376
2.1269999999998768,6.0,-20.0,-18.671078355751188,-3.0312391830833,-2.758371974341366,-12.10579628722505,0.4548379337025564
2.1279999999998767,6.0,-20.0,-18.690062950669027,-3.034249553760284,-2.77043227583432,-12.060301492953592,0.45494794271457983
2.1289999999998765,6.0,-20.0,-18.70877633708804,-3.0372167989952095,-2.782447072054215,-12.014796219895455,0.4550527305813664
2.1299999999998764,6.0,-20.0,-18.727222389415353,-3.040141538202332,-2.794416353036678,-11.969280982463035,0.4551523743241983
2.1309999999998763,6.0,-20.0,-18.74540492670942,-3.043024381855731,-2.806340109324156,-11.92375628747793,0.4552469498510482
2.131999999999876,6.0,-20.0,-18.763327713470712,-3.045865931619475,-2.818218331958437,-11.87822263428065,0.4553365319728023
2.132999999999876,6.0,-20.0,-18.78099446042113,-3.0486667804758385,-2.830051012473276,-11.832680514838726,0.45542119441924167
2.133999999999876,6.0,-20.0,-18.798408825272258,-3.051427512851678,-2.841838142887129,-11.787130413853246,0.45550100985479264
2.134999999999876,6.0,-20.0,-18.815574413482654,-3.0541487047429,-2.8535797156959926,-11.741572808863841,0.4555760498940396
2.1359999999998758,6.0,-20.0,-18.83249477900433,-3.056830923837097,-2.8652757238663447,-11.69600817035214,0.4556463851170093
2.1369999999998757,6.0,-20.0,-18.849173425018556,-3.0594747296344016,-2.876926160828188,-11.650436961843717,0.4557120850842319
2.1379999999998756,6.0,-20.0,-18.865613804661148,-3.0620806735665216,-2.888531020468197,-11.60485964000856,0.4557732183515767
2.1389999999998754,6.0,-20.0,-18.881819321737417,-3.0646492991140555,-2.900090297122957,-11.559276654760072,0.4558298524848711
2.1399999999998753,6.0,-20.0,-18.897793331426882,-3.067181141922055,-2.9116039855723095,-11.513688449352642,0.4558820540743026
2.1409999999998752,6.0,-20.0,-18.913539140977928,-3.0696767299138976,-2.923072081032787,-11.468095460477782,0.45592988874860885
2.141999999999875,6.0,-20.0,-18.92906001039253,-3.072136583403479,-2.934494579151146,-11.422498118358876,0.45597342118905854
2.142999999999875,6.0,-20.0,-18.944359153101207,-3.0745612152057467,-2.9458714759979907,-11.376896846844552,0.45601271514322556
2.143999999999875,6.0,-20.0,-18.959439736628333,-3.0769511307456074,-2.9572027680614914,-11.331292063500698,0.45604783343855915
2.144999999999875,6.0,-20.0,-18.974304883247928,-3.07930682816526,-2.9684884522411923,-11.285684179701121,0.4560788379957587
2.1459999999998747,6.0,-20.0,-18.9889576706301,-3.0816287984299073,-2.9797285258419093,-11.240073600716928,0.45610578984194633
2.1469999999998746,6.0,-20.0,-19.003401132478242,-3.0839175254319366,-2.990922986567714,-11.194460725804563,0.45612874912364704
2.1479999999998745,6.0,-20.0,-19.017638259157124,-3.086173486093566,-3.0020718325160067,-11.148845948292605,0.45614777511957916
2.1489999999998743,6.0,-20.0,-19.03167199831202,-3.0883971504679817,-3.013175062171674,-11.10322965566728,0.45616292625325566
2.1499999999998742,6.0,-20.0,-19.045505255478993,-3.09058898183899,-3.0242326744013304,-11.057612229656739,0.4561742601054002
2.150999999999874,6.0,-20.0,-19.059140894686436,-3.0927494368191866,-3.0352446684476444,-11.011994046314122,0.45618183342617835
2.151999999999874,6.0,-20.0,-19.072581739048058,-3.094878965446732,-3.0462110439237438,-10.966375476099396,0.45618570214725457
2.152999999999874,6.0,-20.0,-19.085830571347373,-3.0969780112806573,-3.0571318008077037,-10.92075688396003,0.45618592139366687
2.153999999999874,6.0,-20.0,-19.09889013461384,-3.0990470114947763,-3.0680069394371143,-10.875138629410477,0.4561825454955265
2.1549999999998737,6.0,-20.0,-19.111763132690783,-3.101086396970258,-3.078836460503725,-10.829521066610523,0.4561756279995509
2.1559999999998736,6.0,-20.0,-19.1244522307952,-3.103096592386808,-3.0896203650481673,-10.783904544442482,0.45616522168042356
2.1569999999998735,6.0,-20.0,-19.136960056069555,-3.1050780163125102,-3.1003586544547543,-10.738289406587283,0.4561513785519862
2.1579999999998734,6.0,-20.0,-19.149289198125704,-3.107031081292371,-3.111051330446354,-10.692675991599456,0.4561341498782696
2.1589999999998732,6.0,-20.0,-19.16144220958105,-3.10895619393556,-3.121698395079335,-10.647064632981019,0.4561135861843612
2.159999999999873,6.0,-20.0,-19.173421606587034,-3.1108537550013553,-3.1322998507385895,-10.601455659254308,0.45608973726711227
2.160999999999873,6.0,-20.0,-19.185229869350078,-3.112724159483859,-3.1428557001326234,-10.55584939403374,0.45606265220569053
2.161999999999873,6.0,-20.0,-19.196869442645077,-3.1145677966954475,-3.15336594628872,-10.510246156096542,0.45603237937197555
2.162999999999873,6.0,-20.0,-19.208342736321576,-3.116385050349022,-3.1638305925481722,-10.464646259452461,0.4559989664408044
2.1639999999998727,6.0,-20.0,-19.219652125802696,-3.118176298639015,-3.174249642561585,-10.419050013412456,0.4559624604000624
2.1649999999998726,6.0,-20.0,-19.230799952576945,-3.1199419143212648,-3.1846231002842416,-10.373457722656394,0.4559229075606327
2.1659999999998725,6.0,-20.0,-19.24178852468299,-3.1216822647917004,-3.1949509699715413,-10.327869687299774,0.45588035356619666
2.1669999999998724,6.0,-20.0,-19.25262011718752,-3.1233977121638405,-3.205233256174501,-10.282286202959485,0.45583484340288793
2.1679999999998723,6.0,-20.0,-19.263296972656267,-3.125088613345225,-3.2154699637353192,-10.236707560818603,0.4557864214088121
2.168999999999872,6.0,-20.0,-19.27382130161832,-3.126755320112661,-3.2256610977830094,-10.191134047690262,0.4557351312834187
2.169999999999872,6.0,-20.0,-19.284195283023774,-3.1283981791864344,-3.2358066637290896,-10.145565946080588,0.4556810160967455
2.170999999999872,6.0,-20.0,-19.294421064694863,-3.130017532303391,-3.2459066672633408,-10.100003534250735,0.4556241182985196
2.171999999999872,6.0,-20.0,-19.30450076377065,-3.131613716288954,-3.2559611143496188,-10.054447086278023,0.45556447972712844
2.1729999999998717,6.0,-20.0,-19.314436467145356,-3.1331870631281236,-3.2659700112217354,-10.008896872116175,0.4555021416184616
2.1739999999998716,6.0,-20.0,-19.324230231900422,-3.1347379000354065,-3.27593336437939,-9.963353157654714,0.455437144614621
2.1749999999998715,6.0,-20.0,-19.333884085730418,-3.1362665495237385,-3.2858511805841677,-9.917816204777463,0.4553695287725044
2.1759999999998714,6.0,-20.0,-19.34340002736284,-3.1377733294723846,-3.2957234668555877,-9.872286271420236,0.4552993335722624
2.1769999999998713,6.0,-20.0,-19.352780026971942,-3.1392585531938844,-3.3055502304672157,-9.826763611627674,0.4552265979256351
2.177999999999871,6.0,-20.0,-19.36202602658663,-3.1407225294999987,-3.315331478942825,-9.781248475609258,0.4551513601841656
2.178999999999871,6.0,-20.0,-19.371139940492537,-3.142165562766679,-3.3250672200526195,-9.73574110979453,0.455073658147291
2.179999999999871,6.0,-20.0,-19.380123655628356,-3.143587952998118,-3.3347574618095073,-9.690241756887499,0.45499352907031915
2.180999999999871,6.0,-20.0,-19.388979031976522,-3.14498999588986,-3.3444022124654276,-9.64475065592027,0.45491100967228765
2.1819999999998707,6.0,-20.0,-19.397707902948287,-3.1463719828909715,-3.354001480507734,-9.599268042305898,0.4548261361437066
2.1829999999998706,6.0,-20.0,-19.40631207576331,-3.147734201265348,-3.363555274655624,-9.553794147890478,0.4547389441541928
2.1839999999998705,6.0,-20.0,-19.414793331823834,-3.1490769341520792,-3.3730636038566284,-9.508329201004479,0.45464946885998725
2.1849999999998704,6.0,-20.0,-19.423153427083495,-3.150400460624968,-3.382526477283142,-9.462873426513342,0.45455774491136675
2.1859999999998703,6.0,-20.0,-19.431394092410873,-3.151705055751182,-3.391943904329009,-9.417427045867347,0.4544638064599479
2.18699999999987,6.0,-20.0,-19.439517033947862,-3.152990990649018,-3.4013158946061597,-9.37199027715076,0.4543676871658796
2.18799999999987,6.0,-20.0,-19.447523933462893,-3.1542585325448904,-3.4106424579412904,-9.326563335130267,0.4542694202049401
2.18899999999987,6.0,-20.0,-19.455416448699136,-3.1555079448294174,-3.4199236043725927,-9.281146431302714,0.4541690382755202
2.18999999999987,6.0,-20.0,-19.46319621371772,-3.1567394871127394,-3.4291593441465347,-9.235739773942163,0.4540665736055124
2.1909999999998697,6.0,-20.0,-19.470864839236036,-3.157953415279027,-3.4383496877146804,-9.190343568146254,0.4539620579590975
2.1919999999998696,6.0,-20.0,-19.478423912961237,-3.159149981540173,-3.447494645730562,-9.14495801588191,0.4538555226434303
2.1929999999998695,6.0,-20.0,-19.485874999918934,-3.160329434488742,-3.4565942290465923,-9.099583316030387,0.45374699851523287
2.1939999999998694,6.0,-20.0,-19.493219642777234,-3.161492019150118,-3.465648448711024,-9.054219664431658,0.45363651598728755
2.1949999999998693,6.0,-20.0,-19.50045936216613,-3.1626379770338904,-3.4746573159649525,-9.008867253928173,0.4535241050348352
2.195999999999869,6.0,-20.0,-19.507595656992326,-3.163767546184544,-3.4836208422393606,-8.963526274407984,0.45340979520188646
2.196999999999869,6.0,-20.0,-19.514630004749577,-3.1648809612313444,-3.492539039152208,-8.918196912847241,0.4532936156074337
2.197999999999869,6.0,-20.0,-19.521563861824582,-3.165978453437563,-3.50141191850556,-8.872879353352085,0.4531755949515789
2.198999999999869,6.0,-20.0,-19.528398663798516,-3.1670602507489374,-3.51023949228276,-8.827573777199929,0.45305576152156835
2.1999999999998687,6.0,-20.0,-19.535135825744252,-3.168126577841453,-3.5190217726456403,-8.782280362880153,0.45293414319774095
2.2009999999998686,6.0,-20.0,-19.541776742519335,-3.169177656168424,-3.527758771931775,-8.736999286134214,0.452810767459391
2.2019999999998685,6.0,-20.0,-19.548322789054772,-3.1702137040069163,-3.5364505026517703,-8.69173071999516,0.4526856613905468
2.2029999999998684,6.0,-20.0,-19.554775320639703,-3.1712349365034394,-3.545096977486597,-8.646474834826593,0.45255885168566035
2.2039999999998683,6.0,-20.0,-19.561135673201992,-3.17224156571905,-3.5536982092849576,-8.601231798361072,0.45243036465522235
2.204999999999868,6.0,-20.0,-19.56740516358482,-3.1732338006737386,-3.5622542110606954,-8.556001775737943,0.4523002262312886
2.205999999999868,6.0,-20.0,-19.57358508981932,-3.174211847390204,-3.570764995990236,-8.510784929540648,0.4521684619729297
2.206999999999868,6.0,-20.0,-19.57967673139333,-3.1751759089369926,-3.57923057741007,-8.465581419833489,0.4520350970716015
2.207999999999868,6.0,-20.0,-19.585681349516282,-3.176126185470994,-3.5876509688142675,-8.420391404197845,0.4519001563564363
2.2089999999998677,6.0,-20.0,-19.591600187380333,-3.1770628742793647,-3.596026183852036,-8.3752150377679,0.45176366429946174
2.2099999999998676,6.0,-20.0,-19.597434470417756,-3.1779861698207776,-3.604356236325302,-8.330052473265825,0.4516256450207359
2.2109999999998675,6.0,-20.0,-19.603185406554644,-3.1788962637661253,-3.6126411401863385,-8.284903861036485,0.45148612229341517
2.2119999999998674,6.0,-20.0,-19.608854186461006,-3.1797933450386315,-3.6208809095354204,-8.239769349081609,0.4513451195487471
2.2129999999998673,6.0,-20.0,-19.614441983797278,-3.1806775998533663,-3.6290755586185144,-8.194649083093509,0.45120265988099023
2.213999999999867,6.0,-20.0,-19.619949955457315,-3.181549211756166,-3.6372251018250026,-8.149543206488284,0.45105876605225875
2.214999999999867,6.0,-20.0,-19.625379241807924,-3.1824083616620547,-3.6453295536854413,-8.104451860438553,0.45091346049730624
2.215999999999867,6.0,-20.0,-19.630730966924954,-3.183255227893061,-3.6533889288693473,-8.05937518390573,0.4507667653282322
2.216999999999867,6.0,-20.0,-19.636006238826027,-3.1840899862154775,-3.6614032421830185,-8.014313313671819,0.4506187023391215
2.2179999999998667,6.0,-20.0,-19.64120614969994,-3.184912809876635,-3.6693725085673896,-7.969266384370756,0.4504692930106216
2.2189999999998666,6.0,-20.0,-19.646331776132797,-3.1857238696410857,-3.6772967430959094,-7.924234528519311,0.45031855851444696
2.2199999999998665,6.0,-20.0,-19.6513841793309,-3.1865233338263126,-3.685175960972457,-7.8792178765475285,0.4501665197178241
2.2209999999998664,6.0,-20.0,-19.656364405340458,-3.187311368337884,-3.6930101775292856,-7.834216556828742,0.4500131971878678
2.2219999999998663,6.0,-20.0,-19.661273485264164,-3.188088136704116,-3.700799408224995,-7.789230695709152,0.44985861119589615
2.222999999999866,6.0,-20.0,-19.666112435474677,-3.1888538001102598,-3.7085436686425317,-7.744260417536984,0.44970278172168576
2.223999999999866,6.0,-20.0,-19.67088225782504,-3.1896085174321245,-3.716242974487223,-7.699305844691219,0.44954572845765717
2.224999999999866,6.0,-20.0,-19.67558393985611,-3.1903524452693093,-3.723897341584833,-7.654367097609918,0.449387470813012
2.225999999999866,6.0,-20.0,-19.68021845500102,-3.191085737977864,-3.7315067858796516,-7.609444294818138,0.44922802791779776
2.2269999999998658,6.0,-20.0,-19.68478676278672,-3.191808547702541,-3.7390713234326065,-7.5645375529554455,0.449067418626923
2.2279999999998656,6.0,-20.0,-19.689289809032626,-3.19252102440856,-3.7465909704194096,-7.519646986803035,0.4489056615241108
2.2289999999998655,6.0,-20.0,-19.693728526046446,-3.193223315912908,-3.7540657431287205,-7.4747727093104555,0.44874277492579523
2.2299999999998654,6.0,-20.0,-19.69810383281721,-3.1939155679151865,-3.7614956579603427,-7.429914831621959,0.44857877688496045
2.2309999999998653,6.0,-20.0,-19.702416635205537,-3.194597924028029,-3.7688807314234447,-7.385073463102467,0.4484136851949275
2.231999999999865,6.0,-20.0,-19.706667826131174,-3.195270525807083,-3.7762209801348083,-7.340248711363158,0.44824751739308577
2.232999999999865,6.0,-20.0,-19.710858285757872,-3.195933512780517,-3.783516420817095,-7.295440682286701,0.4480802907645658
2.233999999999865,6.0,-20.0,-19.714988881675616,-3.196587022478157,-3.790767070297147,-7.250649480052114,0.44791202234586613
2.234999999999865,6.0,-20.0,-19.71906046908025,-3.19723119046017,-3.797972945504306,-7.205875207159272,0.4477427289284231
2.2359999999998648,6.0,-20.0,-19.723073890950534,-3.197866150345334,-3.805134063468759,-7.16111796445306,0.4475724270621301
2.2369999999998647,6.0,-20.0,-19.72702997822267,-3.1984920338389156,-3.812250441319906,-7.116377851147179,0.4474011330588068
2.2379999999998645,6.0,-20.0,-19.730929549962347,-3.1991089707601352,-3.8193220962847536,-7.0716549648476175,0.44722886299561837
2.2389999999998644,6.0,-20.0,-19.734773413534313,-3.199717089069236,-3.8263490456863294,-7.026949401575773,0.4470556327184437
2.2399999999998643,6.0,-20.0,-19.73856236476954,-3.2003165148941752,-3.8333313069421204,-6.9822612557912525,0.4468814578451985
2.240999999999864,6.0,-20.0,-19.742297188129974,-3.2009073725569035,-3.840268897562535,-6.937590620414342,0.4467063537691054
2.241999999999864,6.0,-20.0,-19.745978656870975,-3.2014897845992882,-3.8471618351493833,-6.892937586848151,0.4465303356619211
2.242999999999864,6.0,-20.0,-19.749607533201388,-3.2020638718086714,-3.8540101373943836,-6.84830224500044,0.44635341847711657
2.243999999999864,6.0,-20.0,-19.75318456844137,-3.20262975324302,-3.8608138220776884,-6.803684683305139,0.4461756169530082
2.2449999999998638,6.0,-20.0,-19.75671050317792,-3.2031875462557684,-3.867572907066432,-6.759084988743553,0.4459969456158488
2.2459999999998637,6.0,-20.0,-19.760186067418235,-3.2037373665202535,-3.874287410313297,-6.714503246865267,0.4458174187828696
2.2469999999998636,6.0,-20.0,-19.763611980740833,-3.2042793280538033,-3.880957349855106,-6.6699395418087395,0.44563705056527775
2.2479999999998634,6.0,-20.0,-19.766988952444535,-3.2048135432415465,-3.8875827438114277,-6.625393956321616,0.44545585487121997
2.2489999999998633,6.0,-20.0,-19.770317681695328,-3.20534012285976,-3.8941636103832082,-6.580866571780748,0.4452738454086882
2.249999999999863,6.0,-20.0,-19.77359885767111,-3.2058591760989925,-3.9006999678514203,-6.536357468211909,0.4450910356883975
2.250999999999863,6.0,-20.0,-19.77683315970438,-3.206370810586801,-3.9071918345757295,-6.491866724309247,0.44490743902661556
2.251999999999863,6.0,-20.0,-19.78002125742289,-3.2068751324101408,-3.9136392289931843,-6.447394417454452,0.44472306854794996
2.252999999999863,6.0,-20.0,-19.78316381088828,-3.207372246137493,-3.9200421696169196,-6.402940623735642,0.4445379371881011
2.253999999999863,6.0,-20.0,-19.786261470732732,-3.2078622548406255,-3.926400675034886,-6.3585054179659855,0.44435205769657105
2.2549999999998627,6.0,-20.0,-19.789314878293695,-3.208345260116051,-3.9327147639085873,-6.314088873702052,0.4441654426393341
2.2559999999998626,6.0,-20.0,-19.79232466574664,-3.2088213621061943,-3.938984454971849,-6.269691063261905,0.4439781044014709
2.2569999999998624,6.0,-20.0,-19.795291456235976,-3.2092906595202253,-3.945209767029592,-6.225312057742928,0.44379005518976117
2.2579999999998623,6.0,-20.0,-19.79821586400403,-3.209753249654624,-3.9513907189566315,-6.180951927039404,0.44360130703524314
2.2589999999998622,6.0,-20.0,-19.80109849451826,-3.2102092284134294,-3.9575273296964912,-6.136610739859831,0.4434118717957336
2.259999999999862,6.0,-20.0,-19.80393994459657,-3.210658690328187,-3.9636196182602355,-6.092288563744,0.44322176115831047
2.260999999999862,6.0,-20.0,-19.806740802530907,-3.2111017285776553,-3.9696676037253154,-6.047985465079823,0.4430309866417646
2.261999999999862,6.0,-20.0,-19.809501648209036,-3.2115384350071645,-3.9756713052344352,-6.003701509119922,0.44283955959901006
2.262999999999862,6.0,-20.0,-19.81222305323462,-3.2119689001477436,-3.981630741994433,-5.959436759997976,0.4426474912194639
2.2639999999998617,6.0,-20.0,-19.814905581045554,-3.212393213234982,-3.987545933275178,-5.915191280744836,0.4424547925313928
2.2649999999998616,6.0,-20.0,-19.817549787030618,-3.2128114622275428,-3.9934168984084826,-5.870965133304415,0.4422614744042184
2.2659999999998615,6.0,-20.0,-19.820156218644467,-3.2132237338255223,-3.9992436567870318,-5.826758378549335,0.4420675475508011
2.2669999999998613,6.0,-20.0,-19.822725415520974,-3.2136301134884473,-4.005026227863329,-5.7825710762963665,0.44187302252967986
2.2679999999998612,6.0,-20.0,-19.82525790958496,-3.2140306854530714,-4.01076463114865,-5.738403285321638,0.44167790974728716
2.268999999999861,6.0,-20.0,-19.827754225162316,-3.2144255327508926,-4.016458886212026,-5.694255063375625,0.4414822194601289
2.269999999999861,6.0,-20.0,-19.83021487908857,-3.2148147372254225,-4.022109012679223,-5.650126467197931,0.4412859617769335
2.270999999999861,6.0,-20.0,-19.832640380815874,-3.2151983795492107,-4.0277150302317555,-5.6060175525318545,0.4410891466607701
2.271999999999861,6.0,-20.0,-19.835031232518507,-3.215576539240627,-4.033276958605894,-5.56192837413874,0.44089178393113765
2.2729999999998607,6.0,-20.0,-19.837387929196815,-3.2159492946803923,-4.0387948175917066,-5.517858985812138,0.4406938832660217
2.2739999999998606,6.0,-20.0,-19.83971095877972,-3.216316723127881,-4.044268627032099,-5.473809440391745,0.440495454203923
2.2749999999998605,6.0,-20.0,-19.842000802225723,-3.2166789007371763,-4.049698406821876,-5.42977978977716,0.4402965061458557
2.2759999999998604,6.0,-20.0,-19.844257933622497,-3.2170359025729276,-4.055084176906817,-5.385770084941428,0.44009704835732066
2.2769999999998602,6.0,-20.0,-19.846482820285033,-3.2173878026259297,-4.060425957282762,-5.3417803759444045,0.43989708997024396
2.27799999999986,6.0,-20.0,-19.84867592285239,-3.2177346738285264,-4.065723767994708,-5.297810711945915,0.43969663998489406
2.27899999999986,6.0,-20.0,-19.85083769538307,-3.218076588069759,-4.0709776291359265,-5.253861141218738,0.4394957072717665
2.27999999999986,6.0,-20.0,-19.852968585449027,-3.2184136162103254,-4.076187560847088,-5.209931711161393,0.4392943005734456
2.28099999999986,6.0,-20.0,-19.855069034228325,-3.2187458280972843,-4.081353583315399,-5.16602246831075,0.43909242850643426
2.2819999999998597,6.0,-20.0,-19.857139476596494,-3.219073292578601,-4.086475716773753,-5.122133458354453,0.4388900995629642
2.2829999999998596,6.0,-20.0,-19.859180341216543,-3.219396077517441,-4.091553981499897,-5.078264726143176,0.43868732211277406
2.2839999999998595,6.0,-20.0,-19.861192050627736,-3.219714249806273,-4.0965883978156,-5.03441631570269,0.43848410440486507
2.2849999999998594,6.0,-20.0,-19.863175021333053,-3.220027875380784,-4.101578986085845,-4.990588270245767,0.43828045456923187
2.2859999999998593,7.0,0.20630064747864624,-19.576468226064314,-3.1746681333699733,-4.10652631302891,-4.947326943064657,0.4326132718111019
2.286999999999859,7.0,0.20630064747864624,-19.29385724215656,-3.1299282464034084,-4.111430937659742,-4.904624630832464,0.42702312232193107
2.287999999999859,7.0,0.20630064747864624,-19.015283558018915,-3.0858003739681035,-4.11629341138672,-4.862473726977638,0.42150903854826427
2.288999999999859,7.0,0.20630064747864624,-18.740689497940377,-3.0422767608431487,-4.121114278107385,-4.820866720665463,0.41607006312174943
2.289999999999859,7.0,0.20630064747864624,-18.470018210148677,-2.9993497359469403,-4.125894074303177,-4.779796195791713,0.4107052487375007
2.2909999999998587,7.0,0.20630064747864624,-18.203213655039715,-2.957011711260412,-4.130633329133165,-4.739254829987635,0.4054136580407811
2.2919999999998586,7.0,0.20630064747864624,-17.940220593575166,-2.9152551808191207,-4.1353325645268,-4.699235393635517,0.40019436352117904
2.2929999999998585,7.0,0.20630064747864624,-17.680984575845827,-2.8740727197678053,-4.139992295275694,-4.659730748894162,0.3950464474135415
2.2939999999998584,7.0,0.20630064747864624,-17.425451929798335,-2.8334569834713337,-4.144613029124428,-4.620733848733667,0.38996900160496467
2.2949999999998583,7.0,0.20630064747864624,-17.17356975012295,-2.793400706676545,-4.149195266860406,-4.582237735978946,0.3849611275472084
2.295999999999858,7.0,0.20630064747864624,-16.92528588730007,-2.7538967027198717,-4.153739502402768,-4.544235542361552,0.3800219361739482
2.296999999999858,7.0,0.20630064747864624,-16.68054893680323,-2.7149378627760505,-4.158246222890347,-4.506720487579319,0.37515054782232676
2.297999999999858,7.0,0.20630064747864624,-16.439308228456348,-2.676517155143615,-4.162715908768711,-4.469685878363487,0.370346092158313
2.298999999999858,7.0,0.20630064747864624,-16.20151381594299,-2.638627624563161,-4.167149033876264,-4.433125107552946,0.3656077081054105
2.2999999999998577,7.0,0.20630064747864624,-15.967116466465539,-2.6012623915648305,-4.17154606552944,-4.397031653175315,0.36093454377631146
2.3009999999998576,7.0,0.20630064747864624,-15.73606765055205,-2.5644146518415925,-4.175907464606975,-4.361399077534604,0.3563257564071078
2.3019999999998575,7.0,0.20630064747864624,-15.508319532008754,-2.5280776756453127,-4.18023368563328,-4.326221026305232,0.35178051229371887
2.3029999999998574,7.0,0.20630064747864624,-15.283824958016076,-2.4922448072028542,-4.184525176860912,-4.29149122763221,0.3472979867302252
2.3039999999998573,7.0,0.20630064747864624,-15.062537449366152,-2.4569094641495983,-4.18878238035215,-4.257203491237329,0.34287736394881446
2.304999999999857,7.0,0.20630064747864624,-14.844411190839798,-2.422065136978145,-4.193005732059681,-4.2233517075312195,0.338517837061089
2.305999999999857,7.0,0.20630064747864624,-14.629401021720962,-2.3877053885000326,-4.197195661906412,-4.18992984673117,0.3342186080004949
2.306999999999857,7.0,0.20630064747864624,-14.417462426446683,-2.3538238533186053,-4.201352593864397,-4.156931957984603,0.3299788874656646
2.307999999999857,7.0,0.20630064747864624,-14.208551525390607,-2.3204142373113203,-4.205476946032895,-4.124352168498155,0.32579789486448474
2.3089999999998567,7.0,0.20630064747864624,-14.00262506577819,-2.2874703171198663,-4.209569130715567,-4.0921846826722845,0.3216748582587108
2.3099999999998566,7.0,0.20630064747864624,-13.799640412731664,-2.254985939646777,-4.2136295544968085,-4.0604237812413855,0.3176090143089861
2.3109999999998565,7.0,0.20630064747864624,-13.599555540442946,-2.2229550215572464,-4.217658618317229,-4.029063820419373,0.3135996082201248
2.3119999999998564,7.0,0.20630064747864624,-13.402329023472637,-2.1913715487850025,-4.221656717548279,-3.998099231050719,0.30964589368653617
2.3129999999998563,7.0,0.20630064747864624,-13.207920028173334,-2.160229576041253,-4.225624242066046,-3.9675245177669503,0.305747132837687
2.313999999999856,7.0,0.20630064747864624,-13.016288304235449,-2.1295232263258637,-4.229561576324195,-3.937334258148599,0.30190259618351367
2.314999999999856,7.0,0.20630064747864624,-12.827394176353819,-2.0992466904399123,-4.233469099426087,-3.9075231018926293,0.29811156255969506
2.315999999999856,7.0,0.20630064747864624,-12.641198536013356,-2.0693942264989547,-4.2373471851960725,-3.8780857699853573,0.29437331907271874
2.316999999999856,7.0,0.20630064747864624,-12.45766283339204,-2.039960159446429,-4.241196202249953,-3.849017053880889,0.2906871610446855
2.3179999999998557,7.0,0.20630064747864624,-12.276749069379603,-2.010938880566675,-4.2450165140646385,-3.8203118146851094,0.2870523919577985
2.3189999999998556,7.0,0.20630064747864624,-12.098419787710199,-1.9823248469970807,-4.248808479046984,-3.7919649823452604,0.2834683233984927
2.3199999999998555,7.0,0.20630064747864624,-11.922638067207501,-1.9541125812390296,-4.252572450601829,-3.763971554845143,0.2799342750011748
2.3209999999998554,7.0,0.20630064747864624,-11.749367514140555,-1.926296670667321,-4.256308777199235,-3.7363265974059883,0.2764495743915452
2.3219999999998553,7.0,0.20630064747864624,-11.578572254688853,-1.898871767037802,-4.260017802440928,-3.70902524169304,0.2730135571294823
2.322999999999855,7.0,0.20630064747864624,-11.41021692751503,-1.871832585992991,-4.263699865125957,-3.6820626850278924,0.26962556665146986
2.323999999999855,7.0,0.20630064747864624,-11.244266676443692,-1.8451739065655572,-4.267355299315563,-3.6554341896066362,0.2662849542125643
2.324999999999855,7.0,0.20630064747864624,-11.080687143244802,-1.8188905706795628,-4.2709844343972865,-3.6291350817238466,0.26299107882789646
2.325999999999855,7.0,0.20630064747864624,-10.91944446052018,-1.7929774826492935,-4.274587595148289,-3.6031607510024766,0.25974330721369826
2.3269999999998547,7.0,0.20630064747864624,-10.760505244691625,-1.7674296086757377,-4.278165101797919,-3.5775066496296892,0.2565410137278695
2.3279999999998546,7.0,0.20630064747864624,-10.603836589089193,-1.7422419763406927,-4.281717270089517,-3.5521682915986807,0.2533835803100897
2.3289999999998545,7.0,0.20630064747864624,-10.449406057138223,-1.7174096740984215,-4.285244411341474,-3.527141251956533,0.2502703964214741
2.3299999999998544,7.0,0.20630064747864624,-10.297181675643696,-1.692927850764999,-4.288746832507532,-3.5024211660581535,0.24720085898379965
2.3309999999998543,7.0,0.20630064747864624,-10.14713192817052,-1.6687917150053955,-4.2922248362363575,-3.4780037288263226,0.24417437231831132
2.331999999999854,7.0,0.20630064747864624,-9.99922574851839,-1.6449965348182989,-4.2956787209303755,-3.4538846940179107,0.24119034808411866
2.332999999999854,7.0,0.20630064747864624,-9.85343251428986,-1.6215376370189047,-4.299108780803873,-3.430059873496289,0.23824820521621554
2.333999999999854,7.0,0.20630064747864624,-9.70972204055031,-1.5984104067196823,-4.302515305940383,-3.406525136509976,0.23534736986313096
2.334999999999854,7.0,0.20630064747864624,-9.568064573578468,-1.5756102868092885,-4.30589858234936,-3.383276408977552,0.23248727532423824
2.3359999999998537,7.0,0.20630064747864624,-9.428430784706224,-1.5531327774297812,-4.309258892022139,-3.360309672778877,0.22966736198674617
2.3369999999998536,7.0,0.20630064747864624,-9.29079176424644,-1.5309734354522373,-4.3125965129871915,-3.337620965052638,0.2268870772623916
2.3379999999998535,7.0,0.20630064747864624,-9.15511901550751,-1.5091278739509875,-4.315911719364691,-3.3152063775002514,0.2241458755238637
2.3389999999998534,7.0,0.20630064747864624,-9.021384448893423,-1.48759176167659,-4.319204781420387,-3.2930620556961534,0.2214432180409806
2.3399999999998533,7.0,0.20630064747864624,-8.889560376088108,-1.466360822527741,-4.322475965618792,-3.2711841984044887,0.21877857291664693
2.340999999999853,7.0,0.20630064747864624,-8.759619504322869,-1.4454308350222425,-4.325725534675693,-3.2495690569022275,0.21615141502261212
2.341999999999853,7.0,0.20630064747864624,-8.631534930725705,-1.4247976317673121,-4.328953747610003,-3.2282129343087202,0.21356122593506824
2.342999999999853,7.0,0.20630064747864624,-8.505280136751358,-1.4044570989292624,-4.332160859794924,-3.207112184921711,0.2110074938700952
2.343999999999853,7.0,0.20630064747864624,-8.380828982690929,-1.384405175702887,-4.335347123008485,-3.186263213559811,0.20848971361899865
2.3449999999998528,7.0,0.20630064747864624,-8.258155702259934,-1.3646378537806099,-4.338512785483395,-3.1656624749114557,0.20600738648355124
2.3459999999998526,7.0,0.20630064747864624,-8.137234897263669,-1.3451511768216475,-4.341658091956286,-3.1453064728903386,0.20356002021117117
2.3469999999998525,7.0,0.20630064747864624,-8.01804153233878,-1.3259412399213386,-4.344783283716283,-3.1251917599973327,0.20114712893006134
2.3479999999998524,7.0,0.20630064747864624,-7.900550929769959,-1.3070041890808257,-4.347888598652972,-3.105314936688899,0.1987682330843337
2.3489999999998523,7.0,0.20630064747864624,-7.784738764380693,-1.288336220677274,-4.350974271303723,-3.0856726507519845,0.1964228593691458
2.349999999999852,7.0,0.20630064747864624,-7.670581058496988,-1.2699335809347536,-4.3540405329004095,-3.0662615966853974,0.19411054066586766
2.350999999999852,7.0,0.20630064747864624,-7.558054176983051,-1.2517925653960398,-4.357087611415497,-3.0470785150876663,0.19183081597731266
2.351999999999852,7.0,0.20630064747864624,-7.447134822347883,-1.233909518395413,-4.360115731607548,-3.028120192051362,0.18958323036304578
2.352999999999852,7.0,0.20630064747864624,-7.33780002992179,-1.2162808325326946,-4.363125115066112,-3.0093834585638817,0.18736733487480048
2.3539999999998518,7.0,0.20630064747864624,-7.230027163101783,-1.1989029481485947,-4.366115980256027,-2.9908651899146803,0.1851826864920157
2.3549999999998517,7.0,0.20630064747864624,-7.12379390866492,-1.1817723528016355,-4.369088542561136,-2.9725623051089274,0.18302884805752875
2.3559999999998515,7.0,0.20630064747864624,-7.019078272148583,-1.1648855807467031,-4.372043014327423,-2.9544717662875843,0.18090538821343133
2.3569999999998514,7.0,0.20630064747864624,-6.915858573296766,-1.1482392124154241,-4.374979604905578,-2.9365905781538726,0.17881188133711612
2.3579999999998513,7.0,0.20630064747864624,-6.814113441571402,-1.1318298738985209,-4.377898520692983,-2.918915787406119,0.17674790747753438
2.358999999999851,7.0,0.20630064747864624,-6.71382181172783,-1.1156542364302204,-4.380799965175161,-2.901444482176952,0.17471305229167583
2.359999999999851,7.0,0.20630064747864624,-6.614962919453452,-1.0997090158749545,-4.383684138966639,-2.8841737914788217,0.17270690698130137
2.360999999999851,7.0,0.20630064747864624,-6.517516297068708,-1.0839909722163519,-4.386551239851295,-2.867100884655829,0.17072906822993147
2.361999999999851,7.0,0.20630064747864624,-6.42146176928946,-1.0684969090487781,-4.3894014628221365,-2.8502229708418163,0.16877913814012213
2.3629999999998508,7.0,0.20630064747864624,-6.326779449049916,-1.0532236730714053,-4.392235000120561,-2.8335372984247136,0.1668567241710287
2.3639999999998507,7.0,0.20630064747864624,-6.233449733385222,-1.0381681535850706,-4.395052041275078,-2.8170411545170846,0.16496143907629068
2.3649999999998506,7.0,0.20630064747864624,-6.141453299372881,-1.023327281991905,-4.397852773139512,-2.800731864432861,0.1630929008422358
2.3659999999998504,7.0,0.20630064747864624,-6.050771100132145,-1.008698031297897,-4.400637379930681,-2.7846067911702184,0.16125073262642672
2.3669999999998503,7.0,0.20630064747864624,-5.961384360880563,-0.9942774156185072,-4.403406043265582,-2.768663334900562,0.15943456269656425
2.3679999999998502,7.0,0.20630064747864624,-5.873274575046859,-0.9800624896873893,-4.406158942198045,-2.752898932463587,0.15764402436975566
2.36899999999985,7.0,0.20630064747864624,-5.786423500439352,-0.9660503483683018,-4.408896253254914,-2.7373110568683705,0.15587875595216022
2.36999999999985,7.0,0.20630064747864624,-5.7008131554690955,-0.9522381261703496,-4.411618150471714,-2.7218972168004676,0.1541384006790294
2.37099999999985,7.0,0.20630064747864624,-5.616425815426985,-0.9386229967665851,-4.4143248054278486,-2.7066549561349533,0.15242260665514656
2.37199999999985,7.0,0.20630064747864624,-5.533244008814047,-0.9252021725160549,-4.417016387281304,-2.6915818534553853,0.15073102679567826
2.3729999999998497,7.0,0.20630064747864624,-5.451250513724151,-0.9119729039893703,-4.4196930628028825,-2.6766755215786406,0.1490633187674471
2.3739999999998496,7.0,0.20630064747864624,-5.370428354278397,-0.8989324794978779,-4.422354996409968,-2.661933607085577,0.14741914493063676
2.3749999999998495,7.0,0.20630064747864624,-5.29076079711044,-0.8860782246264809,-4.425002350199826,-2.6473537898574833,0.14579817228093608
2.3759999999998493,7.0,0.20630064747864624,-5.212231347902024,-0.8734075017701595,-4.427635283982443,-2.6329337826182706,0.14420007239212929
2.3769999999998492,7.0,0.20630064747864624,-5.1348237479680146,-0.8609177096742651,-4.430253955312926,-2.6186713304823566,0.14262452135914186
2.377999999999849,7.0,0.20630064747864624,-5.058521970890205,-0.848606282978634,-4.432858519523434,-2.604564210508202,0.1410711997415489
2.378999999999849,7.0,0.20630064747864624,-4.983310219199222,-0.8364706917655649,-4.435449129754692,-2.590610231257447,0.13953979250755166
2.379999999999849,7.0,0.20630064747864624,-4.909172921103823,-0.8245084411116719,-4.438025936987051,-2.576807232359604,0.13802998897842472
2.380999999999849,7.0,0.20630064747864624,-4.836094727266931,-0.812717070643743,-4.440589090071133,-2.563153084082259,0.1365414827734502
2.3819999999998487,7.0,0.20630064747864624,-4.7640605076277085,-0.8010941540985119,-4.44313873575804,-2.549645686906726,0.13507397175532837
2.3829999999998486,7.0,0.20630064747864624,-4.693055348269047,-0.7896372988864957,-4.445675018729149,-2.536282971109118,0.13362715797608374
2.3839999999998485,7.0,0.20630064747864624,-4.623064548329794,-0.7783441456598401,-4.448198081625495,-2.523062896346772,0.13220074762346068
2.3849999999998484,7.0,0.20630064747864624,-4.5540736169611025,-0.7672123678842564,-4.450708065076745,-2.50998345124999,0.13079445096781828
2.3859999999998482,7.0,0.20630064747864624,-4.486068270326249,-0.7562396714150386,-4.453205107729765,-2.4970426530190375,0.12940798230952477
2.386999999999848,7.0,0.20630064747864624,-4.419034428643322,-0.7454237940771717,-4.455689346276792,-2.4842385470263526,0.12804105992685222
2.387999999999848,7.0,0.20630064747864624,-4.352958213270151,-0.7347625052496156,-4.458160915483216,-2.471569206423914,0.12669340602438314
2.388999999999848,7.0,0.20630064747864624,-4.287825943830883,-0.7242536054536752,-4.460619948214972,-2.4590327317557223,0.12536474668191794
2.389999999999848,7.0,0.20630064747864624,-4.223624135383604,-0.7138949259455611,-4.463066575465547,-2.4466272505753324,0.12405481180389648
2.3909999999998477,7.0,0.20630064747864624,-4.1603394956284285,-0.7036843283131162,-4.4655009263826155,-2.4343509170683992,0.12276333506933121
2.3919999999998476,7.0,0.20630064747864624,-4.09795892215547,-0.6936197040766492,-4.467923128294295,-2.422201911680175,0.12149005388224515
2.3929999999998475,7.0,0.20630064747864624,-4.036469499732126,-0.6836989742940227,-4.470333306735044,-2.4101784407479117,0.1202347093226326
2.3939999999998474,7.0,0.20630064747864624,-3.9758584976291154,-0.6739200891698613,-4.472731585471182,-2.3982787361381193,0.11899704609792675
2.3949999999998473,7.0,0.20630064747864624,-3.916113366984719,-0.6642810276689515,-4.475118086526071,-2.3865010548886207,0.11777681249498341
2.395999999999847,7.0,0.20630064747864624,-3.857221738206671,-0.6547797971337961,-4.477492930204926,-2.374843678855363,0.1165737603325764
2.396999999999847,7.0,0.20630064747864624,-3.7991714184111665,-0.6454144329063582,-4.47985623511929,-2.363304914363922,0.11538764491440874
2.397999999999847,7.0,0.20630064747864624,-3.741950388898455,-0.6361829979539395,-4.4822081182111555,-2.351883091865659,0.11421822498263401
2.398999999999847,7.0,0.20630064747864624,-3.685546802664496,-0.627083582499232,-4.4845486947767546,-2.3405765655984694,0.11306526267189203
2.3999999999998467,7.0,0.20630064747864624,-3.6299489819481656,-0.6181143036544898,-4.486878078490006,-2.3293837132520845,0.1119285234638529
2.4009999999998466,7.0,0.20630064747864624,-3.575145415813497,-0.6092733050598298,-4.489196381425645,-2.3183029356378575,0.11080777614227082
2.4019999999998465,7.0,0.20630064747864624,-3.5211247577664664,-0.6005587565256849,-4.4915037140820075,-2.3073326563630023,0.10970279274855026
2.4029999999998464,7.0,0.20630064747864624,-3.467875823405822,-0.5919688536792949,-4.493800185403517,-2.2964713215092214,0.10861334853781134
2.4039999999998463,7.0,0.20630064747864624,-3.4153875881074724,-0.583501817615337,-4.496085902802832,-2.2857173993156747,0.1075392219354662
2.404999999999846,7.0,0.20630064747864624,-3.3636491847419565,-0.575155894550589,-4.498360972182698,-2.275069379866245,0.10648019449429398
2.405999999999846,7.0,0.20630064747864624,-3.3126499014245194,-0.5669293554826629,-4.500625497957479,-2.264525774781043,0.10543605085201903
2.406999999999846,7.0,0.20630064747864624,-3.2623791792973313,-0.5588204958527356,-4.5028795830743915,-2.2540851169121052,0.10440657868938347
2.407999999999846,7.0,0.20630064747864624,-3.212826610343389,-0.5508276352123282,-4.505123329034435,-2.243745960043233,0.10339156868872042
2.4089999999998457,7.0,0.20630064747864624,-3.1639819352316456,-0.5429491168940161,-4.507356835913029,-2.233506878593932,0.1023908144930137
2.4099999999998456,7.0,0.20630064747864624,-3.115835041192927,-0.5351833076861559,-4.509580202380356,-2.2233664673273865,0.1014041126654546
2.4109999999998455,7.0,0.20630064747864624,-3.06837595992619,-0.5275285975114943,-4.511793525721418,-2.213323341062438,0.10043126264947931
2.4119999999998454,7.0,0.20630064747864624,-3.0215948655346927,-0.5199833991097287,-4.513996901855808,-2.203376134389509,0.09947206672929546
2.4129999999998453,7.0,0.20630064747864624,-2.975482072491645,-0.5125461477239277,-4.516190425357198,-2.19352350139042,0.09852632999088684
2.413999999999845,7.0,0.20630064747864624,-2.9300280336349265,-0.5052153007908127,-4.518374189472561,-2.1837641153620706,0.09759386028349637
2.414999999999845,7.0,0.20630064747864624,-2.885223338190447,-0.49798933763488484,-4.520548286141104,-2.174096668543912,0.09667446818158551
2.415999999999845,7.0,0.20630064747864624,-2.841058709823746,-0.4908667591663175,-4.522712806012954,-2.164519871849186,0.09576796694726017
2.416999999999845,7.0,0.20630064747864624,-2.797525004719426,-0.48384608758267944,-4.524867838467554,-2.155032454599869,0.09487417249317154
2.4179999999998447,7.0,0.20630064747864624,-2.754613209688025,-0.47692586607430787,-4.527013471631819,-2.1456331642652824,0.09399290334586932
2.4189999999998446,7.0,0.20630064747864624,-2.71231444029993,-0.470104658533511,-4.529149792398023,-2.136320766204319,0.09312398060962968
2.4199999999998445,7.0,0.20630064747864624,-2.67061993904595,-0.4633810492673476,-4.531276886441434,-2.1270940434112466,0.09226722793072671
2.4209999999998444,7.0,0.20630064747864624,-2.6295210735241703,-0.456753642714109,-4.533394838237699,-2.11795179626503,0.09142247146216352
2.4219999999998443,7.0,0.20630064747864624,-2.5890093346527014,-0.4502210631634147,-4.535503731079981,-2.1088928422821454,0.09058953982885071
2.422999999999844,7.0,0.20630064747864624,-2.549076334907968,-0.44378195447989444,-4.537603647095854,-2.099916015872822,0.0897682640932306
2.423999999999844,7.0,0.20630064747864624,-2.509713806588159,-0.437434979830401,-4.539694667263954,-2.0910201681006884,0.088958477721339
2.424999999999844,7.0,0.20630064747864624,-2.47091360010149,-0.43117882141477504,-4.5417768714304,-2.0822041664457576,0.08816001654930783
2.425999999999844,7.0,0.20630064747864624,-2.432667682278917,-0.42501218020008624,-4.543850338324971,-2.0734668945707275,0.08737271875029948
2.4269999999998437,7.0,0.20630064747864624,-2.3949681347109517,-0.4189337756583196,-4.5459151455770614,-2.0648072520905405,0.08659642480186823
2.4279999999998436,7.0,0.20630064747864624,-2.357807152108243,-0.4129423455075032,-4.547971369731407,-2.056224154345166,0.08583097745374929
2.4289999999998435,7.0,0.20630064747864624,-2.321177040685573,-0.4070366454562121,-4.550019086263582,-2.047716532175559,0.08507622169606678
2.4299999999998434,7.0,0.20630064747864624,-2.2850702165689416,-0.4012154489514149,-4.552058369595285,-2.039283331702763,0.08433200472795678
2.4309999999998433,7.0,0.20630064747864624,-2.2494792042254046,-0.3954775469296711,-4.554089293109395,-2.0309235141101025,0.08359817592660634
2.431999999999843,7.0,0.20630064747864624,-2.2143966349153468,-0.3898217475715916,-4.556111929164824,-2.0226360554284324,0.08287458681669783
2.432999999999843,7.0,0.20630064747864624,-2.179815245166861,-0.38424687605955143,-4.558126349111149,-2.014419946324407,0.08216109104025723
2.433999999999843,7.0,0.20630064747864624,-2.145727875271925,-0.3787517743386384,-4.56013262330304,-2.0062741918917166,0.08145754432690407
2.434999999999843,7.0,0.20630064747864624,-2.1121274678040596,-0.37333530088075717,-4.562130821114485,-1.9981978114452674,0.08076380446449362
2.4359999999998427,7.0,0.20630064747864624,-2.0790070661571636,-0.3679963304519276,-4.564121010952803,-1.990189838318252,0.08007973127015568
2.4369999999998426,7.0,0.20630064747864624,-2.0463598131052234,-0.36273375388262763,-4.566103260272465,-1.9822493196620807,0.07940518656171179
2.4379999999998425,7.0,0.20630064747864624,-2.014178949382597,-0.35754647784129845,-4.568077635588715,-1.9743753162491322,0.07874003412948509
2.4389999999998424,7.0,0.20630064747864624,-1.982457812284579,-0.35243342461084637,-4.570044202490993,-1.966566902278284,0.07808413970848264
2.4399999999998423,7.0,0.20630064747864624,-1.9511898342879617,-0.3473935318681588,-4.572003025656176,-1.9588231651831884,0.07743737095095246
2.440999999999842,7.0,0.20630064747864624,-1.920368541691296,-0.342425752466623,-4.573954168861619,-1.9511432054432571,0.07679959739931333
2.441999999999842,7.0,0.20630064747864624,-1.8899875532745825,-0.33752905422156876,-4.575897694998017,-1.9435261363973124,0.07617069045944837
2.442999999999842,7.0,0.20630064747864624,-1.8600405789781078,-0.33270241969863135,-4.577833666082077,-1.9359710840598763,0.07555052337436131
2.443999999999842,7.0,0.20630064747864624,-1.8305214186001542,-0.32794484600498575,-4.579762143269017,-1.9284771869400572,0.07493897119818975
2.4449999999998417,7.0,0.20630064747864624,-1.8014239605133142,-0.32325534458343796,-4.581683186864879,-1.9210435958629999,0.07433591077057344
2.4459999999998416,7.0,0.20630064747864624,-1.7727421803991434,-0.31863294100930417,-4.583596856338673,-1.9136694737938629,0.07374122069136932
2.4469999999998415,7.0,0.20630064747864624,-1.7444701400008893,-0.3140766747901017,-4.585503210334338,-1.9063539956642914,0.0731547812957159
2.4479999999998414,7.0,0.20630064747864624,-1.716601985894039,-0.3095855991679186,-4.587402306682539,-1.8990963482013483,0.07257647462943079
2.4489999999998413,7.0,0.20630064747864624,-1.6891319482744291,-0.30515878092459603,-4.589294202412297,-1.8918957297588728,0.07200618442475785
2.449999999999841,7.0,0.20630064747864624,-1.662054339763671,-0.3007953001894661,-4.591178953762449,-1.8847513501512296,0.0714437960764322
2.450999999999841,7.0,0.20630064747864624,-1.6353635542316378,-0.2964942502498542,-4.593056616192938,-1.877662430489421,0.07088919661808869
2.451999999999841,7.0,0.20630064747864624,-1.6090540656357766,-0.29225473736410257,-4.594927244395959,-1.8706282030195225,0.07034227469898427
2.452999999999841,7.0,0.20630064747864624,-1.5831204268769992,-0.28807588057721845,-4.596790892306922,-1.863647910963418,0.06980292056104645
2.4539999999998408,7.0,0.20630064747864624,-1.5575572686719186,-0.28395681153906926,-4.598647613115284,-1.8567208083617943,0.06927102601623855
2.4549999999998406,7.0,0.20630064747864624,-1.5323592984411962,-0.27989667432509524,-4.6004974592752035,-1.8498461599193705,0.06874648442423806
2.4559999999998405,7.0,0.20630064747864624,-1.5075212992137699,-0.2758946252594707,-4.602340482516055,-1.8430232408523286,0.06822919067041965
2.4569999999998404,7.0,0.20630064747864624,-1.4830381285467353,-0.27194983274078977,-4.6041767338527935,-1.8362513367379134,0.06771904114415188
2.4579999999998403,7.0,0.20630064747864624,-1.4589047174606584,-0.2680614770701115,-4.60600626359616,-1.8295297433661748,0.06721593371738763
2.45899999999984,7.0,0.20630064747864624,-1.4351160693900968,-0.26422875028141435,-4.607829121362753,-1.8228577665938193,0.06671976772355413
2.45999999999984,7.0,0.20630064747864624,-1.4116672591491148,-0.2604508559744595,-4.609645356084954,-1.8162347222001451,0.06623044393674249
2.46099999999984,7.0,0.20630064747864624,-1.3885534319115753,-0.2567270091498913,-4.611455016020698,-1.8096599357450276,0.0657478645511758
2.46199999999984,7.0,0.20630064747864624,-1.3657698022060007,-0.25305643604675143,-4.613258148763127,-1.8031327424289298,0.06527193316097711
2.4629999999998398,7.0,0.20630064747864624,-1.3433116529247915,-0.2494383739821664,-4.615054801250083,-1.796652486954909,0.06480255474020817
2.4639999999998397,7.0,0.20630064747864624,-1.3211743343475995,-0.24587207119335036,-4.616845019773475,-1.7902185233925894,0.06433963562319586
2.4649999999998395,7.0,0.20630064747864624,-1.299353263178653,-0.2423567866817598,-4.61862884998852,-1.7838302150440768,0.06388308348512667
2.4659999999998394,7.0,0.20630064747864624,-1.2778439215978346,-0.2388917900595034,-4.620406336922831,-1.7774869343117845,0.06343280732292139
2.4669999999998393,7.0,0.20630064747864624,-1.2566418563253134,-0.23547636139783817,-4.622177524985399,-1.7711880625681475,0.0629887174363697
2.467999999999839,7.0,0.20630064747864624,-1.2357426776995426,-0.232109791077853,-4.623942457975427,-1.764932990027194,0.06255072540953664
2.468999999999839,7.0,0.20630064747864624,-1.2151420587684256,-0.22879137964317892,-4.6257011790910445,-1.7587211156179516,0.062118744092421574
2.469999999999839,7.0,0.20630064747864624,-1.1948357343934675,-0.225520437654865,-4.627453730937905,-1.752551846859663,0.06169268758288624
2.470999999999839,7.0,0.20630064747864624,-1.174819500366723,-0.22229628554823233,-4.629200155537644,-1.7464245997387802,0.061272471208829234
2.4719999999998388,7.0,0.20630064747864624,-1.1550892125403607,-0.21911825349175085,-4.630940494336231,-1.7403387985877188,0.060858011510612056
2.4729999999998387,7.0,0.20630064747864624,-1.1356407859686606,-0.2159856812479194,-4.6326747882121975,-1.7342938759653452,0.060449226223734595
2.4739999999998386,7.0,0.20630064747864624,-1.1164701940622705,-0.21289791803613578,-4.634403077484737,-1.7282892725391696,0.06004603426175795
2.4749999999998384,7.0,0.20630064747864624,-1.0975734677545432,-0.2098543223974465,-4.636125401921706,-1.7223244369692234,0.05964835569946145
2.4759999999998383,7.0,0.20630064747864624,-1.0789466946797834,-0.20685426206124674,-4.6378418007475,-1.716398825793599,0.05925611175624237
2.476999999999838,7.0,0.20630064747864624,-1.0605860183632345,-0.20389711381386028,-4.639552312650816,-1.710511903315624,0.058869224779749374
2.477999999999838,7.0,0.20630064747864624,-1.0424876374226362,-0.20098226336898,-4.641256975792308,-1.7046631414926492,0.05848761822974771
2.478999999999838,7.0,0.20630064747864624,-1.0246478047811893,-0.19810910523993586,-4.642955827812134,-1.698852019826428,0.058111216662211765
2.479999999999838,7.0,0.20630064747864624,-1.0070628268917632,-0.19527704261377316,-4.644648905837389,-1.6930780252550637,0.057739945713643055
2.480999999999838,7.0,0.20630064747864624,-0.9897290629721859,-0.1924854872271261,-4.646336246489435,-1.6873406520465026,0.05737373208561141
2.4819999999998377,7.0,0.20630064747864624,-0.9726429242514597,-0.18973385924383135,-4.648017885891129,-1.6816394016935514,0.05701250352951302
2.4829999999998376,7.0,0.20630064747864624,-0.9558008732267439,-0.18702158713432843,-4.649693859673939,-1.6759737828103964,0.0566561888315506
2.4839999999998374,7.0,0.20630064747864624,-0.9391994229309526,-0.18434810755669462,-4.651364202984969,-1.6703433110306045,0.05630471779791722
2.4849999999998373,7.0,0.20630064747864624,-0.9228351362108155,-0.18171286523944125,-4.653028950493876,-1.6647475089065846,0.055958021240199295
2.4859999999998372,7.0,0.20630064747864624,-0.9067046250152517,-0.1791153128659339,-4.654688136399686,-1.6591859058104865,0.055616030960981694
2.486999999999837,7.0,0.20630064747864624,-0.8908045496939103,-0.1765549109604851,-4.656341794437523,-1.6536580378365202,0.055278679739661024
2.487999999999837,7.0,0.20630064747864624,-0.8751316183057309,-0.17403112777603913,-4.657989957885228,-1.6481634477046745,0.05494590131845716
2.488999999999837,7.0,0.20630064747864624,-0.8596825859373827,-0.17154343918347598,-4.659632659569893,-1.6427016846658118,0.05461763038862631
2.489999999999837,7.0,0.20630064747864624,-0.8444542540314394,-0.16909132856247872,-4.661269931874302,-1.6372723044081248,0.054293802576868645
2.4909999999998367,7.0,0.20630064747864624,-0.8294434697241524,-0.1666742866939812,-4.662901806743267,-1.6318748689649314,0.053974354431932645
2.4919999999998366,7.0,0.20630064747864624,-0.8146471251926839,-0.164291811654101,-4.66452831568989,-1.626508946623791,0.053659223411404514
2.4929999999998365,7.0,0.20630064747864624,-0.8000621570116649,-0.16194340870963836,-4.666149489801727,-1.6211741118369216,0.05334834786869229
2.4939999999998363,7.0,0.20630064747864624,-0.7856855455189462,-0.1596285902150178,-4.66776535974686,-1.6158699451329024,0.05304166704018978
2.4949999999998362,7.0,0.20630064747864624,-0.7715143141904092,-0.15734687551074616,-4.6693759557798895,-1.6105960330296396,0.05273912103262911
2.495999999999836,7.0,0.20630064747864624,-0.7575455290237084,-0.15509779082327063,-4.670981307747839,-1.6053519679485788,0.052440650810607656
2.496999999999836,7.0,0.20630064747864624,-0.7437762979308177,-0.15288086916630306,-4.672581445095969,-1.600137348130149,0.05214619818429758
2.497999999999836,7.0,0.20630064747864624,-0.7302037701392539,-0.15069565024355558,-4.67417639687352,-1.594951777550416,0.051855705797330814
2.498999999999836,7.0,0.20630064747864624,-0.7168251356018553,-0.14854168035282528,-4.675766191739358,-1.5897948658389307,0.0515691171148524
2.4999999999998357,7.0,0.20630064747864624,-0.703637624414991,-0.1464185122914931,-4.677350857967556,-1.5846662281977557,0.05128637641174955
2.5009999999998356,7.0,0.20630064747864624,-0.6906385062450819,-0.14432570526334038,-4.678930423452878,-1.579565485321651,0.05100742876104497
2.5019999999998355,7.0,0.20630064747864624,-0.6778250897633143,-0.14226282478673696,-4.680504915716198,-1.5744922633194052,0.05073222002246078
2.5029999999998354,7.0,0.20630064747864624,-0.6651947220884292,-0.14022944260409398,-4.682074361909834,-1.5694461936362911,0.05046069683114013
2.5039999999998352,7.0,0.20630064747864624,-0.652744788237471,-0.1382251365926448,-4.683638788822812,-1.5644269129776376,0.05019280658653396
2.504999999999835,7.0,0.20630064747864624,-0.6404727105843836,-0.13624949067650538,-4.685198222886045,-1.5594340632334929,0.04992849744144712
2.505999999999835,7.0,0.20630064747864624,-0.6283759483263404,-0.13430209473994625,-4.68675269017745,-1.5544672914043693,0.04966771829123551
2.506999999999835,7.0,0.20630064747864624,-0.6164519969576977,-0.13238254454198528,-4.688302216426978,-1.5495262495280526,0.049410418763167374
2.507999999999835,7.0,0.20630064747864624,-0.6046983877514642,-0.13049044163211115,-4.689846827021585,-1.54461059460746,0.04915654920592574
2.5089999999998347,7.0,0.20630064747864624,-0.5931126872481769,-0.1286253932673067,-4.691386547010124,-1.539719988539533,0.048906060679272355
2.5099999999998346,7.0,0.20630064747864624,-0.5816924967520795,-0.1267870123301703,-4.69292140110817,-1.534854098045148,0.048658904943848655
2.5109999999998345,7.0,0.20630064747864624,-0.5704354518344976,-0.12497491724828413,-4.69445141370277,-1.5300125946000347,0.048415034451131767
2.5119999999998344,7.0,0.20630064747864624,-0.5593392218443098,-0.12318873191468072,-4.695976608857136,-1.525195154366682,0.0481744023335275
2.5129999999998343,7.0,0.20630064747864624,-0.5484015094254104,-0.12142808560949939,-4.697497010315263,-1.5204014581272207,0.04793696239461122
2.513999999999834,7.0,0.20630064747864624,-0.5376200500410667,-0.1196926129227342,-4.699012641506481,-1.5156311912172702,0.04770266909950483
2.514999999999834,7.0,0.20630064747864624,-0.5269926115050708,-0.11798195367806855,-4.700523525549941,-1.5108840434607314,0.04747147756538916
2.515999999999834,7.0,0.20630064747864624,-0.5165169935195891,-0.11629575285786864,-4.702029685259046,-1.5061597091055154,0.047243343552160345
2.516999999999834,7.0,0.20630064747864624,-0.5061910272196143,-0.11463366052918972,-4.703531143145807,-1.5014578867601942,0.04701822345321263
2.5179999999998337,7.0,0.20630064747864624,-0.49601257472392485,-0.11299533177085194,-4.705027921425138,-1.4967782793315587,0.04679607428635426
2.5189999999998336,7.0,0.20630064747864624,-0.48597952869245953,-0.1113804266016071,-4.7065200420191005,-1.4921205939630728,0.04657685368485913
2.5199999999998335,7.0,0.20630064747864624,-0.47608981189001515,-0.10978860990927605,-4.708007526561075,-1.4874845419742089,0.04636051988863948
2.5209999999998334,7.0,0.20630064747864624,-0.46634137675617715,-0.10821955138092698,-4.709490396399875,-1.482869838800654,0.046147031735548155
2.5219999999998333,7.0,0.20630064747864624,-0.45673220498139394,-0.10667292543409554,-4.710968672603811,-1.4782762039353732,0.04593634865281036
2.522999999999833,7.0,0.20630064747864624,-0.44726030708910763,-0.10514841114889675,-4.712442375964682,-1.4737033608705163,0.045728430648567055
2.523999999999833,7.0,0.20630064747864624,-0.437923722023854,-0.10364569220121778,-4.713911527001722,-1.4691510370401613,0.04552323830355224
2.524999999999833,7.0,0.20630064747864624,-0.42872051674524686,-0.10216445679677799,-4.715376145965486,-1.4646189637638731,0.04532073276287889
2.525999999999833,7.0,0.20630064747864624,-0.41964878582776266,-0.10070439760621253,-4.716836252841676,-1.460106876191078,0.04512087572795184
2.5269999999998327,7.0,0.20630064747864624,-0.41070665106624255,-0.09926521170100616,-4.718291867354923,-1.4556145132462295,0.04492362944848707
2.5279999999998326,7.0,0.20630064747864624,-0.40189226108702986,-0.09784660049043609,-4.719743008972498,-1.4511416175747638,0.04472895671465604
2.5289999999998325,7.0,0.20630064747864624,-0.39320379096466307,-0.096448269659347,-4.721189696907987,-1.4466879354898303,0.04453682084933425
2.5299999999998324,7.0,0.20630064747864624,-0.38463944184404436,-0.09506992910684733,-4.722631950124907,-1.442253216919784,0.04434718570046421
2.5309999999998323,7.0,0.20630064747864624,-0.3761974405680059,-0.09371129288589375,-4.724069787340264,-1.4378372153564312,0.04416001563352909
2.531999999999832,7.0,0.20630064747864624,-0.3678760393101966,-0.092372079143719,-4.725503227028068,-1.4334396878040179,0.04397527552413145
2.532999999999832,7.0,0.20630064747864624,-0.3596735152132131,-0.09105201006314473,-4.726932287422797,-1.4290603947289497,0.04379293075068213
2.533999999999832,7.0,0.20630064747864624,-0.35158817003190085,-0.08975081180470906,-4.728356986522807,-1.4246991000102307,0.04361294718719066
2.534999999999832,7.0,0.20630064747864624,-0.34361832978175016,-0.0884682144496367,-4.729777342093698,-1.4203555708906146,0.0434352911961606
2.5359999999998317,7.0,0.20630064747864624,-0.33576234439231595,-0.08720395194363795,-4.731193371671626,-1.416029577928456,0.04325992962158809
2.5369999999998316,7.0,0.20630064747864624,-0.3280185873655879,-0.085957762041483,-4.732605092566577,-1.4117208949502502,0.04308682978205701
2.5379999999998315,7.0,0.20630064747864624,-0.32038545543924174,-0.08472938625241572,-4.734012521865581,-1.4074292990038564,0.04291595946393862
2.5389999999998314,7.0,0.20630064747864624,-0.31286136825470046,-0.08351856978631417,-4.735415676435893,-1.403154570312388,0.042747286914684275
2.5399999999998313,7.0,0.20630064747864624,-0.30544476802993836,-0.08232506150063792,-4.736814572928122,-1.3988964922287663,0.042580780836216144
2.540999999999831,7.0,0.20630064747864624,-0.2981341192369586,-0.08114861384814301,-4.738209227779313,-1.3946548511909251,0.042416410378413455
2.541999999999831,7.0,0.20630064747864624,-0.29092790828387854,-0.07998898282533756,-4.73959965721599,-1.390429436677656,0.04225414513269107
2.542999999999831,7.0,0.20630064747864624,-0.28382464320155676,-0.07884592792167366,-4.740985877257155,-1.3862200411650891,0.04209395512566982
2.543999999999831,7.0,0.20630064747864624,-0.2768228533346967,-0.07771921206949695,-4.7423679037172395,-1.382026460083795,0.041935810812940955
2.5449999999998307,7.0,0.20630064747864624,-0.2699210890373632,-0.07660860159467275,-4.743745752209016,-1.3778484917765035,0.04177968307291522
2.5459999999998306,7.0,0.20630064747864624,-0.2631179213728488,-0.07551386616794487,-4.745119438146473,-1.3736859374564272,0.041625543200762956
2.5469999999998305,7.0,0.20630064747864624,-0.25641194181782745,-0.07443477875700649,-4.746488976747639,-1.369538601166183,0.041473362902442905
2.5479999999998304,7.0,0.20630064747864624,-0.24980176197073498,-0.07337111557922574,-4.747854383037375,-1.3654062897373018,0.04132311428881266
2.5489999999998303,7.0,0.20630064747864624,-0.24328601326431523,-0.07232265605507965,-4.749215671850126,-1.361288812750319,0.04117476986982728
2.54999999999983,7.0,0.20630064747864624,-0.23686334668227293,-0.07128918276221477,-4.750572857832621,-1.3571859824954373,0.041028302548816065
2.55099999999983,7.0,0.20630064747864624,-0.2305324324799741,-0.070270481390248,-4.751925955446555,-1.3530976139337523,0.04088368561685126
2.55199999999983,7.0,0.20630064747864624,-0.22429195990913667,-0.06926634069612633,-4.7532749789712145,-1.3490235246590336,0.0407408927471867
2.55299999999983,7.0,0.20630064747864624,-0.21814063694645405,-0.06827655246016007,-4.754619942506074,-1.3449635348600557,0.04059989798978028
2.5539999999998297,7.0,0.20630064747864624,-0.21207719002609549,-0.06730091144273173,-4.755960859973358,-1.3409174672834656,0.04046067576590031
2.5549999999998296,7.0,0.20630064747864624,-0.20610036377602775,-0.06633921534155046,-4.757297745120555,-1.3368851471971854,0.0403232008628002
2.5559999999998295,7.0,0.20630064747864624,-0.20020892075810384,-0.0653912647495723,-4.758630611522909,-1.332866402354338,0.040187448428475894
2.5569999999998294,7.0,0.20630064747864624,-0.19440164121186457,-0.06445686311352172,-4.759959472585867,-1.328861062957688,0.04005339396649808
2.5579999999998293,7.0,0.20630064747864624,-0.18867732280200014,-0.06353581669297348,-4.7612843415474915,-1.3248689616245968,0.03992101333091454
2.558999999999829,7.0,0.20630064747864624,-0.18303478036941948,-0.06262793452005333,-4.762605231480844,-1.3208899333524737,0.03979028272122928
2.559999999999829,7.0,0.20630064747864624,-0.17747284568587568,-0.06173302835972684,-4.763922155296329,-1.3169238154847283,0.03966117867745498
2.560999999999829,7.0,0.20630064747864624,-0.1719903672120968,-0.06085091267061225,-4.765235125744006,-1.312970447677205,0.03953367807523086
2.561999999999829,7.0,0.20630064747864624,-0.1665862098593719,-0.059981404566409144,-4.766544155415871,-1.3090296718651033,0.039407758121017086
2.5629999999998287,7.0,0.20630064747864624,-0.16125925475454306,-0.05912432377783368,-4.767849256748101,-1.3051013322303682,0.03928339634735244
2.5639999999998286,7.0,0.20630064747864624,-0.15600839900835464,-0.05827949261513793,-4.76915044202327,-1.3011852751695498,0.03916057060818455
2.5649999999998285,7.0,0.20630064747864624,-0.15083255548711177,-0.05744673593114959,-4.770447723372532,-1.2972813492621234,0.03903925907426514
2.5659999999998284,7.0,0.20630064747864624,-0.14573065258760096,-0.05662588108484294,-4.771741112777772,-1.2933894052392623,0.038919440228611324
2.5669999999998283,7.0,0.20630064747864624,-0.140701634015226,-0.055816757905419484,-4.773030622073724,-1.2895092959530592,0.03880109286203051
2.567999999999828,7.0,0.20630064747864624,-0.13574445856531356,-0.05501919865694814,-4.77431626295007,-1.285640876346188,0.03868419606871484
2.568999999999828,7.0,0.20630064747864624,-0.1308580999075427,-0.054233038003458425,-4.775598046953493,-1.2817840034219987,0.03856872924189223
2.569999999999828,7.0,0.20630064747864624,-0.1260415463734543,-0.053458112974564945,-4.776875985489708,-1.2779385362150444,0.038454672069543505
2.570999999999828,7.0,0.20630064747864624,-0.12129380074699572,-0.05269426293159446,-4.77815008982547,-1.2741043357620263,0.03834200453018212
2.5719999999998278,7.0,0.20630064747864624,-0.11661388005805798,-0.051941329534159086,-4.779420371090543,-1.2702812650731572,0.038230706888689577
2.5729999999998276,7.0,0.20630064747864624,-0.1120008153789622,-0.0511991567072642,-4.780686840279647,-1.2664691891039355,0.03812075969221726
2.5739999999998275,7.0,0.20630064747864624,-0.10745365162385351,-0.050467590608834004,-4.781949508254375,-1.2626679747273213,0.038012143766140524
2.5749999999998274,7.0,0.20630064747864624,-0.10297144735096066,-0.049746479597732735,-4.783208385745081,-1.2588774907063138,0.03790484021007436
2.5759999999998273,7.0,0.20630064747864624,-0.09855327456768057,-0.04903567420226407,-4.784463483352748,-1.2550976076669191,0.03779883039394862
2.576999999999827,7.0,0.20630064747864624,-0.09419821853844733,-0.04833502708905253,-4.78571481155082,-1.2513281980715059,0.03769409595413108
2.577999999999827,7.0,0.20630064747864624,-0.08990537759534599,-0.04764439303246683,-4.786962380687012,-1.247569136192544,0.0375906187896176
2.578999999999827,7.0,0.20630064747864624,-0.08567386295143181,-0.04696362888440081,-4.7882062009850985,-1.2438202980867175,0.03748838105826723
2.579999999999827,7.0,0.20630064747864624,-0.08150279851671641,-0.04629259354451799,-4.789446282546668,-1.240081561569408,0.03738736517309488
2.5809999999998268,7.0,0.20630064747864624,-0.07739132071678266,-0.04563114793095653,-4.790682635352858,-1.2363528061895457,0.037287553798621254
2.5819999999998267,7.0,0.20630064747864624,-0.07333857831399082,-0.04497915495138104,-4.791915269266062,-1.2326339132048192,0.03718892984726628
2.5829999999998265,7.0,0.20630064747864624,-0.06934373223123887,-0.044336479474523086,-4.79314419403162,-1.2289247655572388,0.03709147647580312
2.5839999999998264,7.0,0.20630064747864624,-0.06540595537824051,-0.04370298830208269,-4.7943694192794695,-1.2252252478490533,0.03699517708185732
2.5849999999998263,7.0,0.20630064747864624,-0.06152443248028498,-0.0430785501410441,-4.795590954525789,-1.2215352463190075,0.036900015300457605
2.585999999999826,7.0,0.20630064747864624,-0.05769835990944311,-0.042463035576423516,-4.796808809174608,-1.2178546488189435,0.03680597500064022
2.586999999999826,7.0,0.20630064747864624,-0.05392694551818469,-0.04185631704433185,-4.798022992519399,-1.214183344790734,0.03671304028209296
2.587999999999826,7.0,0.20630064747864624,-0.050209408475372815,-0.0412582688054907,-4.799233513744642,-1.2105212252435487,0.03662119547185529
2.588999999999826,7.0,0.20630064747864624,-0.04654497910460111,-0.040668766919123536,-4.800440381927373,-1.206868182731442,0.03653042512106525
2.5899999999998258,7.0,0.20630064747864624,-0.042932898724840435,-0.0400876892171904,-4.801643606038705,-1.2032241113312672,0.036440714001749336
2.5909999999998257,7.0,0.20630064747864624,-0.03937241949336205,-0.039514915278976465,-4.802843194945326,-1.1995889066209016,0.03635204710365644
2.5919999999998256,7.0,0.20630064747864624,-0.03586280425090479,-0.038950326406141114,-4.804039157410983,-1.1959624656577867,0.03626440963114887
2.5929999999998254,7.0,0.20630064747864624,-0.03240332636905406,-0.038393805597989675,-4.805231502097941,-1.1923446869577745,0.03617778700012156
2.5939999999998253,7.0,0.20630064747864624,-0.0289932695998012,-0.03784523752722348,-4.806420237568415,-1.1887354704742765,0.03609216483498043
2.5949999999998252,7.0,0.20630064747864624,-0.02563192792725195,-0.03730450851593753,-4.807605372285993,-1.1851347175777114,0.03600752896565204
2.595999999999825,7.0,0.20630064747864624,-0.022318605421453405,-0.03677150651205002,-4.808786914617028,-1.1815423310352466,0.035923865424646526
2.596999999999825,7.0,0.20630064747864624,-0.019052616094309124,-0.03624612106598704,-4.809964872832018,-1.1779582149908314,0.03584116044415288
2.597999999999825,7.0,0.20630064747864624,-0.015833283757552618,-0.03572824330777408,-4.811139255106964,-1.1743822749455128,0.03575940045318443
2.598999999999825,7.0,0.20630064747864624,-0.012659941882749777,-0.03521776592441804,-4.812310069524702,-1.1708144177380369,0.03567857207476082
2.5999999999998247,7.0,0.20630064747864624,-0.009531933463301263,-0.034714583137600716,-4.813477324076227,-1.167254551525724,0.0355986621231287
2.6009999999998246,7.0,0.20630064747864624,-0.0064486108784162985,-0.034218590681726405,-4.814641026661993,-1.1637025857656211,0.03551965760102652
2.6019999999998245,7.0,0.20630064747864624,-0.003409335759029691,-0.03372968578227377,-4.815801185093189,-1.1601584311959225,0.035441545696987216
2.6029999999998243,7.0,0.20630064747864624,-0.0004134788556343209,-0.033247767134431144,-4.816957807093006,-1.156621999817655,0.03536431378267629
2.6039999999998242,7.0,0.20630064747864624,0.002539580091998258,-0.0327727348820928,-4.818110900297883,-1.1530932048766274,0.0352879494102747
2.604999999999824,7.0,0.20630064747864624,0.005450452483236086,-0.03230449059710311,-4.819260472258729,-1.1495719608456383,0.03521244030989282
2.605999999999824,7.0,0.20630064747864624,0.008319740983170516,-0.03184293725880159,-4.820406530442136,-1.1460581834069359,0.035137774387021856
2.606999999999824,7.0,0.20630064747864624,0.011148039647391597,-0.031387979233918395,-4.821549082231571,-1.142551789434933,0.03506393972002875
2.607999999999824,7.0,0.20630064747864624,0.01393593404498095,-0.030939522256689417,-4.82268813492855,-1.1390526969791652,0.03499092455767861
2.6089999999998237,7.0,0.20630064747864624,0.0166840013797476,-0.03049747340929343,-4.823823695753798,-1.1355608252474954,0.03491871731669728
2.6099999999998236,7.0,0.20630064747864624,0.019392810609731866,-0.03006174110256543,-4.824955771848387,-1.1320760945895585,0.034847306579368145
2.6109999999998235,7.0,0.20630064747864624,0.02206292256500207,-0.029632235056957813,-4.8260843702748675,-1.1285984264804425,0.0347766810911601
2.6119999999998234,7.0,0.20630064747864624,0.024694890063768418,-0.029208866283848375,-4.827209498018372,-1.1251277435046028,0.03470682975839829
2.6129999999998232,7.0,0.20630064747864624,0.0272892580268381,-0.02879154706701842,-4.828331161987712,-1.121663969340007,0.034637741645956587
2.613999999999823,7.0,0.20630064747864624,0.02984656359043536,-0.028380190944452863,-4.829449369016454,-1.118207028742508,0.0345694059749898
2.614999999999823,7.0,0.20630064747864624,0.0323673362174098,-0.027974712690423696,-4.830564125863985,-1.114756847530438,0.034501812120701206
2.615999999999823,7.0,0.20630064747864624,0.03485209780685604,-0.02757502829776446,-4.831675439216554,-1.1113133525694245,0.034434949610134075
2.616999999999823,7.0,0.20630064747864624,0.03730136280216732,-0.027181054960445802,-4.832783315688312,-1.1078764717574245,0.03436880812000061
2.6179999999998227,7.0,0.20630064747864624,0.0397156382975456,-0.026792711056391645,-4.8338877618223215,-1.1044461340099705,0.03430337747454079
2.6189999999998226,7.0,0.20630064747864624,0.04209542414298989,-0.02640991613053615,-4.834988784091567,-1.1010222692456293,0.03423864764341132
2.6199999999998225,7.0,0.20630064747864624,0.04444121304778498,-0.026032590878128467,-4.836086388899939,-1.0976048083716687,0.03417460873960536
2.6209999999998224,7.0,0.20630064747864624,0.04675349068251157,-0.02566065712826053,-4.837180582583208,-1.0941936832699288,0.034111251017400195
2.6219999999998223,7.0,0.20630064747864624,0.049032735779599206,-0.025294037827660362,-4.838271371409992,-1.090788826782895,0.03404856487033779
2.622999999999822,7.0,0.20630064747864624,0.05127942023244274,-0.024932657024694257,-4.839358761582692,-1.0873901726999717,0.033986540829231505
2.623999999999822,7.0,0.20630064747864624,0.053494009193102786,-0.024576439853606136,-4.840442759238436,-1.0839976557439517,0.03392516956020232
2.624999999999822,7.0,0.20630064747864624,0.055676961168610546,-0.024225312518983487,-4.841523370449993,-1.0806112115576771,0.03386444186274325
2.625999999999822,7.0,0.20630064747864624,0.05782872811589677,-0.023879202280432194,-4.8426006012266845,-1.0772307766908962,0.03380434866780993
2.6269999999998217,7.0,0.20630064747864624,0.059949755535364614,-0.023538037437502678,-4.843674457515271,-1.073856288587302,0.03374488103594228
2.6279999999998216,7.0,0.20630064747864624,0.06204048256312578,-0.023201747314800167,-4.844744945200843,-1.070487685571761,0.03368603015540931
2.6289999999998215,7.0,0.20630064747864624,0.06410134206191893,-0.02287026224732857,-4.845812070107681,-1.0671249068377227,0.033627787340382895
2.6299999999998214,7.0,0.20630064747864624,0.06613276071072932,-0.022543513566007888,-4.846875838000115,-1.0637678924348093,0.03357014402913341
2.6309999999998213,7.0,0.20630064747864624,0.06813515909312813,-0.02222143358346769,-4.847936254583372,-1.0604165832565833,0.03351309178225935
2.631999999999821,7.0,0.20630064747864624,0.07010895178434982,-0.02190395557998221,-4.8489933255044,-1.0570709210284899,0.03345662228093496
2.632999999999821,7.0,0.20630064747864624,0.07205454743712549,-0.021591013789628535,-4.850047056352697,-1.0537308482959713,0.03340072732518553
2.633999999999821,7.0,0.20630064747864624,0.07397234886629006,-0.021282543386639416,-4.85109745266111,-1.0503963084127526,0.03334539883218692
2.634999999999821,7.0,0.20630064747864624,0.07586275313218087,-0.020978480471968534,-4.852144519906639,-1.0470672455292933,0.03329062883459156
2.6359999999998207,7.0,0.20630064747864624,0.07772615162284466,-0.020678762060022157,-4.853188263511219,-1.043743604581406,0.03323640947887521
2.6369999999998206,7.0,0.20630064747864624,0.07956293013507039,-0.02038332606559256,-4.854228688842499,-1.040425331279035,0.033182733023708895
2.6379999999998205,7.0,0.20630064747864624,0.08137346895426432,-0.02009211129098265,-4.855265801214594,-1.0371123720951996,0.03312959183835456
2.6389999999998204,7.0,0.20630064747864624,0.08315814293318406,-0.019805057413321697,-4.856299605888849,-1.033804674255091,0.033076978401084534
2.6399999999998203,7.0,0.20630064747864624,0.0849173215695478,-0.01952210497203339,-4.857330108074575,-1.0305021857253291,0.03302488529762017
2.64099999999982,7.0,0.20630064747864624,0.08665136908253493,-0.01924319535651621,-4.858357312929779,-1.0272048552033695,0.03297330521959666
2.64199999999982,7.0,0.20630064747864624,0.08836064448819367,-0.0189682707939725,-4.859381225561886,-1.0239126321070648,0.032922230963046646
2.64299999999982,7.0,0.20630064747864624,0.09004550167377157,-0.01869727433745002,-4.86040185102845,-1.020625466564374,0.03287165542691002
2.64399999999982,7.0,0.20630064747864624,0.09170628947098407,-0.018430149853996693,-4.861419194337854,-1.0173433094032183,0.03282157161155813
2.6449999999998197,7.0,0.20630064747864624,0.09334335172823638,-0.018166842013049044,-4.862433260449995,-1.0140661121414836,0.032771972617346865
2.6459999999998196,7.0,0.20630064747864624,0.09495702738181366,-0.01790729627494103,-4.863444054276972,-1.010793826977165,0.032722851643184836
2.6469999999998195,7.0,0.20630064747864624,0.09654765052605413,-0.01765145887958982,-4.864451580683751,-1.0075264067786527,0.03267420198512365
2.6479999999998194,7.0,0.20630064747864624,0.09811555048251973,-0.017399276835369258,-4.865455844488826,-1.0042638050751556,0.03262601703497138
2.6489999999998193,7.0,0.20630064747864624,0.09966105186817868,-0.017150697908078813,-4.866456850464873,-1.0010059760472636,0.03257829027891832
2.649999999999819,7.0,0.20630064747864624,0.10118447466261393,-0.01690567061014634,-4.86745460333939,-0.9977528745176444,0.03253101529619139
2.650999999999819,7.0,0.20630064747864624,0.10268613427427153,-0.016664144189951054,-4.868449107795332,-0.994504455941872,0.032484185757723764
2.651999999999819,7.0,0.20630064747864624,0.1041663416057626,-0.016426068621270475,-4.869440368471731,-0.991260676399388,0.032437795424840106
2.652999999999819,7.0,0.20630064747864624,0.10562540311823237,-0.016191394592932715,-4.870428389964316,-0.9880214925845912,0.032391838147967034
2.6539999999998187,7.0,0.20630064747864624,0.10706362089480971,-0.015960073498574902,-4.871413176826114,-0.9847868617980555,0.0323463078653571
2.6549999999998186,7.0,0.20630064747864624,0.10848129270315024,-0.01573205742658225,-4.872394733568052,-0.981556741937872,0.03230119860183508
2.6559999999998185,7.0,0.20630064747864624,0.1098787120570859,-0.015507299150126164,-4.8733730646595435,-0.9783310914911162,0.032256504467556804
2.6569999999998184,7.0,0.20630064747864624,0.1112561682773939,-0.015285752117414782,-4.874348174529069,-0.9751098695254368,0.03221221965679415
2.6579999999998183,7.0,0.20630064747864624,0.11261394655169751,-0.015067370441971869,-4.87532006756475,-0.9718930356807644,0.03216833844672408
2.658999999999818,7.0,0.20630064747864624,0.11395232799351107,-0.014852108893205956,-4.87628874811491,-0.968680550161139,0.032124855196253146
2.659999999999818,7.0,0.20630064747864624,0.11527158970044157,-0.014639922886968883,-4.877254220488638,-0.9654723737266548,0.032081764344841335
2.660999999999818,7.0,0.20630064747864624,0.11657200481155879,-0.014430768476333827,-4.8782164889563235,-0.9622684676855197,0.032039060411352877
2.661999999999818,7.0,0.20630064747864624,0.11785384256394575,-0.014224602342490136,-4.87917555775021,-0.9590687938862275,0.03199673799292168
2.6629999999998177,7.0,0.20630064747864624,0.11911736834844147,-0.014021381785751495,-4.880131431064919,-0.9558733147098444,0.03195479176383097
2.6639999999998176,7.0,0.20630064747864624,0.12036284376458725,-0.013821064716698549,-4.881084113057982,-0.9526819930624035,0.03191321647440963
2.6649999999998175,7.0,0.20630064747864624,0.12159052667478809,-0.013623609647484429,-4.8820336078503495,-0.9494947923674087,0.03187200694994875
2.6659999999998174,7.0,0.20630064747864624,0.12280067125770035,-0.013428975683189813,-4.882979919526908,-0.9463116765584463,0.031831158089624556
2.6669999999998173,7.0,0.20630064747864624,0.12399352806085671,-0.013237122513369153,-4.88392305213698,-0.9431326100719019,0.03179066486544497
2.667999999999817,7.0,0.20630064747864624,0.12516934405253943,-0.013048010403703111,-4.884863009694819,-0.939957557839781,0.03175052232120942
2.668999999999817,7.0,0.20630064747864624,0.1263283626729124,-0.012861600187728889,-4.885799796180102,-0.9367864852826331,0.031710725571478575
2.669999999999817,7.0,0.20630064747864624,0.12747082388442288,-0.012677853258761689,-4.886733415538404,-0.9336193583025763,0.03167126980056749
2.670999999999817,7.0,0.20630064747864624,0.1285969642214832,-0.012496731561851639,-4.8876638716816805,-0.930456143276422,0.031632150261543646
2.6719999999998167,7.0,0.20630064747864624,0.12970701683944266,-0.012318197585931799,-4.8885911684887295,-0.9272968070488972,0.03159336227524835
2.6729999999998166,7.0,0.20630064747864624,0.13080121156285984,-0.01214221435601227,-4.889515309805656,-0.9241413169259648,0.031554901229324236
2.6739999999998165,7.0,0.20630064747864624,0.13187977493308536,-0.011968745425530013,-4.890436299446324,-0.9209896406682386,0.03151676257726198
2.6749999999998164,7.0,0.20630064747864624,0.1329429302551648,-0.011797754868801351,-4.891354141192808,-0.9178417464844926,0.031478941837459744
2.6759999999998163,7.0,0.20630064747864624,0.13399089764407168,-0.011629207273555923,-4.892268838795834,-0.9146976030252633,0.03144143459229306
2.676999999999816,7.0,0.20630064747864624,0.1350238940702799,-0.011463067733612168,-4.89318039597521,-0.9115571793765431,0.03140423648720202
2.677999999999816,7.0,0.20630064747864624,0.13604213340468513,-0.011299301841641393,-4.894088816420263,-0.9084204450535642,0.031367343229789645
2.678999999999816,7.0,0.20630064747864624,0.13704582646288457,-0.011137875682020293,-4.894994103790258,-0.9052873699946711,0.03133075058893142
2.679999999999816,7.0,0.20630064747864624,0.13803518104882403,-0.010978755823818007,-4.895896261714813,-0.9021579245552809,0.031294454393901286
2.6809999999998158,7.0,0.20630064747864624,0.1390104019978215,-0.010821909313871694,-4.896795293794315,-0.89903207950193,0.031258450533508855
2.6819999999998156,7.0,0.20630064747864624,0.13997169121897612,-0.010667303669932883,-4.8976912036003215,-0.8959098060064055,0.031222734955245496
2.6829999999998155,7.0,0.20630064747864624,0.1409192477369714,-0.010514906873944834,-4.8985839946759615,-0.8927910756399609,0.031187303664446643
2.6839999999998154,7.0,0.20630064747864624,0.14185326773328105,-0.01036468736543316,-4.899473670536328,-0.8896758603676139,0.031152152723468083
2.6849999999998153,7.0,0.20630064747864624,0.14277394458678627,-0.010216614034928323,-4.900360234668871,-0.8865641325425274,0.031117278250866548
2.685999999999815,7.0,0.20630064747864624,0.14368146891381284,-0.01007065621751558,-4.9012436905337715,-0.8834558649004678,0.031082676420596027
2.686999999999815,7.0,0.20630064747864624,0.14457602860759616,-0.009926783686537124,-4.902124041564326,-0.8803510305543454,0.03104834346122273
2.687999999999815,7.0,0.20630064747864624,0.1454578088771826,-0.009784966647248247,-4.903001291167315,-0.8772496029888319,0.03101427565513501
2.688999999999815,7.0,0.20630064747864624,0.14632699228577495,-0.00964517573070358,-4.903875442723369,-0.8741515560550537,0.030980469337781258
2.6899999999998148,7.0,0.20630064747864624,0.14718375878853024,-0.009507381987636242,-4.904746499587334,-0.8710568639653629,0.03094692089690737
2.6909999999998147,7.0,0.20630064747864624,0.1480282857698176,-0.009371556882478656,-4.905614465088623,-0.8679655012881817,0.030913626771811628
2.6919999999998145,7.0,0.20630064747864624,0.14886074807994373,-0.009237672287439897,-4.906479342531566,-0.864877442942921,0.030880583452606743
2.6929999999998144,7.0,0.20630064747864624,0.14968131807135376,-0.00910570047667876,-4.907341135195761,-0.8617926641949717,0.03084778747949377
2.6939999999998143,7.0,0.20630064747864624,0.15049016563431508,-0.008975614120558119,-4.908199846336412,-0.8587111406507671,0.03081523544204618
2.694999999999814,7.0,0.20630064747864624,0.15128745823209125,-0.008847386279966642,-4.909055479184665,-0.8556328482529167,0.03078292397850238
2.695999999999814,7.0,0.20630064747864624,0.15207336093561347,-0.00872099040077853,-4.90990803694794,-0.8525577632754093,0.030750849775075174
2.696999999999814,7.0,0.20630064747864624,0.1528480364576568,-0.00859640030829555,-4.910757522810259,-0.8494858623188833,0.030719009565259466
2.697999999999814,7.0,0.20630064747864624,0.15361164518652806,-0.008473590201869632,-4.911603939932565,-0.8464171223059671,0.030687400129161976
2.6989999999998138,7.0,0.20630064747864624,0.15436434521927261,-0.008352534649525466,-4.9124472914530415,-0.8433515204766839,0.030656018292831353
2.6999999999998137,7.0,0.20630064747864624,0.15510629239440651,-0.008233208582706979,-4.913287580487426,-0.8402890343839237,0.03062486092760346
2.7009999999998136,7.0,0.20630064747864624,0.15583764032418138,-0.00811558729108049,-4.914124810129315,-0.8372296418889782,0.030593924949453837
2.7019999999998134,7.0,0.20630064747864624,0.156558540426388,-0.007999646417415702,-4.914958983450472,-0.8341733211571423,0.030563207318359837
2.7029999999998133,7.0,0.20630064747864624,0.157269141955706,-0.007885361952526933,-4.915790103501124,-0.8311200506533752,0.030532705037670336
2.703999999999813,7.0,0.20630064747864624,0.15796959203460514,-0.007772710230309864,-4.916618173310263,-0.8280698091380264,0.0305024151534872
2.704999999999813,7.0,0.20630064747864624,0.15866003568380574,-0.007661667922842067,-4.917443195885926,-0.8250225756626209,0.03047233475405481
2.705999999999813,7.0,0.20630064747864624,0.15934061585230347,-0.0075522120355436834,-4.918265174215491,-0.8219783295657053,0.03044246096915703
2.706999999999813,7.0,0.20630064747864624,0.1600114734469655,-0.007444319902384136,-4.91908411126596,-0.8189370504687533,0.03041279096952011
2.707999999999813,7.0,0.20630064747864624,0.1606727473617038,-0.007337969181255198,-4.919900009984231,-0.8158987182721298,0.03038332196623579
2.7089999999998127,7.0,0.20630064747864624,0.16132457450623156,-0.007233137849273322,-4.920712873297382,-0.8128633131511122,0.03035405121017628
2.7099999999998126,7.0,0.20630064747864624,0.1619670898344089,-0.007129804198241194,-4.921522704112935,-0.8098308155519693,0.030324975991428617
2.7109999999998124,7.0,0.20630064747864624,0.16260042637218372,-0.0070279468301837,-4.922329505319122,-0.8068012061880955,0.030296093638738263
2.7119999999998123,7.0,0.20630064747864624,0.16322471524513318,-0.006927544652837826,-4.923133279785159,-0.8037744660362007,0.03026740151894749
2.7129999999998122,7.0,0.20630064747864624,0.16384008570561195,-0.006828576875372678,-4.923934030361491,-0.8007505763325546,0.030238897036461626
2.713999999999812,7.0,0.20630064747864624,0.16444666515951245,-0.006731023003999774,-4.924731759880061,-0.7977295185692843,0.030210577632702462
2.714999999999812,7.0,0.20630064747864624,0.16504457919264293,-0.006634862837788637,-4.9255264711545514,-0.7947112744907256,0.030182440785586576
2.715999999999812,7.0,0.20630064747864624,0.1656339515967287,-0.006540076464450543,-4.926318166980641,-0.7916958260898256,0.030154484009000084
2.716999999999812,7.0,0.20630064747864624,0.1662149043950418,-0.006446644256228465,-4.927106850136245,-0.788683155604597,0.030126704852286433
2.7179999999998117,7.0,0.20630064747864624,0.16678755786766472,-0.006354546865797643,-4.92789252338176,-0.7856732455146235,0.030099100899735765
2.7189999999998116,7.0,0.20630064747864624,0.16735203057639303,-0.006263765222314836,-4.928675189460297,-0.7826660785376142,0.030071669770092326
2.7199999999998115,7.0,0.20630064747864624,0.16790843938928235,-0.0061742805274109264,-4.9294548510979235,-0.7796616376260087,0.03004440911605539
2.7209999999998113,7.0,0.20630064747864624,0.1684568995048447,-0.006086074251335762,-4.930231511003886,-0.7766599059636288,0.03001731662379872
2.7219999999998112,7.0,0.20630064747864624,0.168997524475899,-0.005999128129092361,-4.931005171870849,-0.7736608669623799,0.029990390012488974
2.722999999999811,7.0,0.20630064747864624,0.1695304262330811,-0.005913424156673794,-4.931775836375108,-0.7706645042589982,0.029963627033816685
2.723999999999811,7.0,0.20630064747864624,0.17005571510801773,-0.005828944587314222,-4.9325435071768196,-0.7676708017118453,0.02993702547152924
2.724999999999811,7.0,0.20630064747864624,0.17057349985616957,-0.005745671927842588,-4.933308186920217,-0.7646797433977477,0.029910583140976336
2.725999999999811,7.0,0.20630064747864624,0.17108388767934782,-0.005663588935008013,-4.934069878233826,-0.7616913136088824,0.0298842978886524
2.7269999999998107,7.0,0.20630064747864624,0.17158698424790922,-0.005582678611967994,-4.934828583730677,-0.7587054968497066,0.029858167591758647
2.7279999999998106,7.0,0.20630064747864624,0.17208289372263402,-0.005502924204723557,-4.9355843060085105,-0.7557222778339306,0.029832190157759134
2.7289999999998105,7.0,0.20630064747864624,0.17257171877629135,-0.005424309198660552,-4.936337047649992,-0.7527416414815357,0.02980636352394969
2.7299999999998104,7.0,0.20630064747864624,0.1730535606148964,-0.005346817315140565,-4.937086811222908,-0.7497635729158324,0.029780685657033085
2.7309999999998102,7.0,0.20630064747864624,0.17352851899866426,-0.0052704325081059464,-4.937833599280368,-0.7467880574605628,0.02975515455269609
2.73199999999981,7.0,0.20630064747864624,0.173996692262664,-0.005195138960787535,-4.9385774143610055,-0.7438150806370428,0.029729768235199086
2.73299999999981,7.0,0.20630064747864624,0.17445817733717806,-0.005120921082387575,-4.939318258989167,-0.7408446281613466,0.02970452475696294
2.73399999999981,7.0,0.20630064747864624,0.17491306976777046,-0.005047763504893634,-4.940056135675109,-0.7378766859415293,0.029679422198171768
2.73499999999981,7.0,0.20630064747864624,0.1753614637350687,-0.004975651079857122,-4.940791046915185,-0.7349112400748922,0.02965445866637172
2.7359999999998097,7.0,0.20630064747864624,0.17580345207426265,-0.004904568875281536,-4.94152299519203,-0.7319482768452839,0.029629632296083088
2.7369999999998096,7.0,0.20630064747864624,0.17623912629432528,-0.004834502172517796,-4.94225198297475,-0.7289877827204425,0.029604941248413515
2.7379999999998095,7.0,0.20630064747864624,0.17666857659695845,-0.004765436463209148,-4.9429780127191,-0.7260297443493747,0.029580383710677317
2.7389999999998094,7.0,0.20630064747864624,0.17709189189526828,-0.004697357446317479,-4.94370108686766,-0.7230741485597723,0.029555957896024825
2.7399999999998093,7.0,0.20630064747864624,0.17750915983217366,-0.004630251025114232,-4.944421207850016,-0.7201209823554655,0.029531662043067616
2.740999999999809,7.0,0.20630064747864624,0.17792046679855184,-0.0045641033042846165,-4.945138378082929,-0.7171702329139137,0.029507494415517584
2.741999999999809,7.0,0.20630064747864624,0.1783258979511246,-0.0044989005870636565,-4.945852599970513,-0.7142218875837307,0.029483453301829998
2.742999999999809,7.0,0.20630064747864624,0.1787255372300892,-0.004434629372382886,-4.9465638759043955,-0.7112759338822459,0.02945953701484804
2.743999999999809,7.0,0.20630064747864624,0.17911946737649714,-0.004371276352055959,-4.947272208263889,-0.7083323594931006,0.029435743891452187
2.7449999999998087,7.0,0.20630064747864624,0.179507769949385,-0.004308828408063412,-4.947977599416153,-0.7053911522638784,0.02941207229222169
2.7459999999998086,7.0,0.20630064747864624,0.17989052534266015,-0.004247272609809073,-4.948680051716357,-0.7024523002037691,0.029388520601092805
2.7469999999998085,7.0,0.20630064747864624,0.18026781280174567,-0.00418659621142606,-4.9493795675078385,-0.6995157914812669,0.029365087225023213
2.7479999999998084,7.0,0.20630064747864624,0.1806397104399871,-0.004126786649188958,-4.9500761491222605,-0.6965816144218999,0.02934177059366927
2.7489999999998083,7.0,0.20630064747864624,0.1810062952548251,-0.004067831538858764,-4.950769798879766,-0.6936497575059943,0.029318569159055445
2.749999999999808,7.0,0.20630064747864624,0.18136764314373682,-0.004009718673134002,-4.951460519089132,-0.6907202093664687,0.029295481395256617
2.750999999999808,7.0,0.20630064747864624,0.18172382891994981,-0.003952436019144339,-4.952148312047918,-0.6877929587866601,0.02927250579808567
2.751999999999808,7.0,0.20630064747864624,0.18207492632793118,-0.0038959717159265045,-4.952833180042617,-0.6848679946981823,0.02924964088477912
2.752999999999808,7.0,0.20630064747864624,0.1824210080586557,-0.0038403140719922317,-4.953515125348796,-0.6819453061788129,0.029226885193693927
2.7539999999998077,7.0,0.20630064747864624,0.18276214576465555,-0.0037854515628856014,-4.954194150231246,-0.6790248824504126,0.02920423728400325
2.7549999999998076,7.0,0.20630064747864624,0.18309841007485542,-0.0037313728288217874,-4.954870256944123,-0.6761067128768724,0.02918169573540209
2.7559999999998075,7.0,0.20630064747864624,0.18342987060919527,-0.0036780666723010454,-4.955543447731086,-0.6731907869620914,0.029159259147810104
2.7569999999998074,7.0,0.20630064747864624,0.18375659599304456,-0.003625522055818256,-4.956213724825433,-0.6702770943479828,0.029136926141086095
2.7579999999998073,7.0,0.20630064747864624,0.18407865387141029,-0.003573728099565414,-4.956881090450246,-0.6673656248125086,0.02911469535474177
2.758999999999807,7.0,0.20630064747864624,0.18439611092294222,-0.0035226740791801207,-4.957545546818514,-0.6644563682677425,0.02909256544766116
2.759999999999807,7.0,0.20630064747864624,0.184709032873738,-0.0034723494235188645,-4.958207096133272,-0.6615493147579601,0.029070535097823192
2.760999999999807,7.0,0.20630064747864624,0.18501748451095096,-0.003422743712472782,-4.958865740587729,-0.6586444544577572,0.0290486030020295
2.761999999999807,7.0,0.20630064747864624,0.18532152969620375,-0.0033738466748188213,-4.959521482365399,-0.6557417776701935,0.029026767875636596
2.7629999999998067,7.0,0.20630064747864624,0.18562123137881006,-0.0033256481860673617,-4.960174323640224,-0.6528412748249647,0.02900502845228781
2.7639999999998066,7.0,0.20630064747864624,0.18591665160880771,-0.0032781382663912553,-4.960824266576701,-0.6499429364765992,0.028983383483655093
2.7649999999998065,7.0,0.20630064747864624,0.1862078515498054,-0.0032313070785407157,-4.961471313330003,-0.6470467533026812,0.02896183173917929
2.7659999999998064,7.0,0.20630064747864624,0.186494891491646,-0.0031851449258289994,-4.9621154660461055,-0.6441527161020993,0.028940372005819028
2.7669999999998063,7.0,0.20630064747864624,0.18677783086288885,-0.0031396422500897716,-4.962756726861898,-0.6412608157933197,0.028919003087796352
2.767999999999806,7.0,0.20630064747864624,0.18705672824311395,-0.003094789629715892,-4.963395097905312,-0.6383710434126845,0.02889772380635225
2.768999999999806,7.0,0.20630064747864624,0.18733164137505012,-0.0030505777777265226,-4.964030581295424,-0.6354833901127339,0.02887653299950572
2.769999999999806,7.0,0.20630064747864624,0.18760262717653006,-0.0030069975398200775,-4.964663179142584,-0.6325978471605529,0.02885542952181127
2.770999999999806,7.0,0.20630064747864624,0.18786974175227458,-0.0029640398924731873,-4.965292893548521,-0.6297144059361407,0.02883441224412203
2.7719999999998057,7.0,0.20630064747864624,0.18813304040550846,-0.002921695941089232,-4.965919726606452,-0.6268330579308048,0.028813480053358986
2.7729999999998056,7.0,0.20630064747864624,0.18839257764941042,-0.0028799569181504068,-4.966543680401197,-0.6239537947455767,0.028792631852280752
2.7739999999998055,7.0,0.20630064747864624,0.1886484072183995,-0.0028388141814016587,-4.967164757009288,-0.6210766080896509,0.02877186655925724
2.7749999999998054,7.0,0.20630064747864624,0.18890058207926017,-0.002798259212059395,-4.9677829584990665,-0.6182014897788463,0.028751183108046488
2.7759999999998053,7.0,0.20630064747864624,0.18914915444210853,-0.002758283613052053,-4.9683982869308005,-0.6153284317340887,0.02873058044757538
2.776999999999805,7.0,0.20630064747864624,0.18939417577120193,-0.0027188791072712964,-4.9690107443567815,-0.6124574259799166,0.028710057541721786
2.777999999999805,7.0,0.20630064747864624,0.189635696795594,-0.0026800375358763074,-4.969620332821425,-0.6095884646430062,0.02868961336910317
2.778999999999805,7.0,0.20630064747864624,0.1898737675196376,-0.0026417508565662207,-4.970227054361375,-0.6067215399507201,0.02866924692286151
2.779999999999805,7.0,0.20630064747864624,0.19010843723333773,-0.0026040111419729202,-4.970830911005605,-0.6038566442296738,0.02864895721046273
2.7809999999998047,7.0,0.20630064747864624,0.19033975452255641,-0.002566810577965332,-4.97143190477551,-0.6009937699043252,0.028628743253485692
2.7819999999998046,7.0,0.20630064747864624,0.190567767279072,-0.00253014146205284,-4.972030037685005,-0.598132909495583,0.028608604087423113
2.7829999999998045,7.0,0.20630064747864624,0.1907925227104945,-0.0024939962018028687,-4.972625311740624,-0.5952740556194345,0.028588538761484338
2.7839999999998044,7.0,0.20630064747864624,0.1910140673500395,-0.0024583673132407505,-4.97321772894161,-0.5924172009855949,0.028568546338396072
2.7849999999998043,7.0,0.20630064747864624,0.19123244706616246,-0.0024232474193274936,-4.973807291280006,-0.5895623383961736,0.028548625894212577
2.785999999999804,7.0,0.20630064747864624,0.19144770707205508,-0.002388629248409214,-4.974394000740751,-0.5867094607443614,0.028528776518122568
2.786999999999804,7.0,0.20630064747864624,0.19165989193500638,-0.0023545056327267597,-4.974977859301764,-0.583858561013135,0.02850899731226341
2.787999999999804,7.0,0.20630064747864624,0.1918690455856298,-0.0023208695069253235,-4.975558868934037,-0.5810096322739815,0.02848928739153545
2.788999999999804,7.0,0.20630064747864624,0.19207521132695862,-0.0022877139065817726,-4.9761370316017235,-0.5781626676856396,0.02846964588341854
2.7899999999998037,7.0,0.20630064747864624,0.1922784318434113,-0.0022550319667921422,-4.9767123492622165,-0.57531766049286,0.028450071927795896
2.7909999999998036,7.0,0.20630064747864624,0.19247874920962896,-0.0022228169207131176,-4.977284823866241,-0.5724746040251828,0.02843056467677253
2.7919999999998035,7.0,0.20630064747864624,0.19267620489918635,-0.0021910620981849434,-4.977854457357936,-0.5696334916957324,0.028411123294503522
2.7929999999998034,7.0,0.20630064747864624,0.19287083979317865,-0.002159760924340154,-4.978421251674937,-0.5667943170000304,0.028391746957020732
2.7939999999998033,7.0,0.20630064747864624,0.19306269418868532,-0.0021289069182477303,-4.978985208748451,-0.563957073514824,0.02837243485206379
2.794999999999803,7.0,0.20630064747864624,0.19325180780711335,-0.0020984936915678515,-4.979546330503348,-0.5611217548969327,0.02835318617891251
2.795999999999803,7.0,0.20630064747864624,0.19343821980242096,-0.0020685149472243662,-4.98010461885823,-0.5582883548821106,0.02833400014822146
2.796999999999803,7.0,0.20630064747864624,0.19362196876922416,-0.002038964478112656,-4.980660075725514,-0.5554568672839247,0.028314875981858938
2.797999999999803,7.0,0.20630064747864624,0.19380309275078733,-0.002009836165803959,-4.981212703011507,-0.5526272859926502,0.02829581291274552
2.7989999999998028,7.0,0.20630064747864624,0.1939816292468996,-0.0019811239792815573,-4.981762502616481,-0.5497996049741805,0.0282768101846966
2.7999999999998026,7.0,0.20630064747864624,0.19415761522163885,-0.0019528219736875806,-4.98230947643475,-0.5469738182689539,0.028257867052266225
2.8009999999998025,7.0,0.20630064747864624,0.19433108711102468,-0.001924924289105217,-4.982853626354741,-0.5441499199908943,0.028238982780595306
2.8019999999998024,7.0,0.20630064747864624,0.1945020808305621,-0.001897425149333836,-4.983394954259067,-0.5413279043263685,0.02822015664525902
2.8029999999998023,7.0,0.20630064747864624,0.1946706317826776,-0.0018703188606888992,-4.9839334620246,-0.5385077655331567,0.028201387932117315
2.803999999999802,7.0,0.20630064747864624,0.19483677486404857,-0.0018435998108372663,-4.984469151522539,-0.5356894979394398,0.02818267593716968
2.804999999999802,7.0,0.20630064747864624,0.19500054447282855,-0.0018172624676183438,-4.985002024618482,-0.5328730959427989,0.028164019966408344
2.805999999999802,7.0,0.20630064747864624,0.1951619745157688,-0.001791301377911257,-4.985532083172492,-0.5300585540092312,0.02814541933567707
2.806999999999802,7.0,0.20630064747864624,0.19532109841523848,-0.001765711166512635,-4.986059329039164,-0.5272458666721781,0.02812687337053125
2.8079999999998018,7.0,0.20630064747864624,0.1954779491161443,-0.0017404865349967035,-4.986583764067696,-0.5244350285315685,0.02810838140609602
2.8089999999998017,7.0,0.20630064747864624,0.19563255909275148,-0.0017156222606390936,-4.987105390101949,-0.5216260342528753,0.028089942786932044
2.8099999999998015,7.0,0.20630064747864624,0.19578496035540713,-0.0016911131953300353,-4.987624208980515,-0.5188188785661854,0.028071556866900105
2.8109999999998014,7.0,0.20630064747864624,0.19593518445716768,-0.001666954264512323,-4.988140222536781,-0.5160135562652824,0.028053223009028766
2.8119999999998013,7.0,0.20630064747864624,0.19608326250033165,-0.001643140466119295,-4.988653432598987,-0.5132100622067443,0.028034940585382074
2.812999999999801,7.0,0.20630064747864624,0.196229225142879,-0.001619666869551738,-4.989163840990296,-0.510408391309051,0.028016708976932012
2.813999999999801,7.0,0.20630064747864624,0.19637310260481852,-0.0015965286146548035,-4.9896714495288474,-0.507608538551708,0.027998527573431034
2.814999999999801,7.0,0.20630064747864624,0.19651492467444465,-0.0015737209107020006,-4.990176260027822,-0.5048104989743795,0.027980395773285493
2.815999999999801,7.0,0.20630064747864624,0.19665472071450468,-0.0015512390354075066,-4.990678274295498,-0.5020142676760362,0.027962312983432554
2.8169999999998008,7.0,0.20630064747864624,0.19679251966827813,-0.0015290783339526439,-4.991177494135313,-0.4992198398141142,0.027944278619218853
2.8179999999998007,7.0,0.20630064747864624,0.1969283500655691,-0.001507234218026511,-4.9916739213459165,-0.4964272106036861,0.027926292104280954
2.8189999999998006,7.0,0.20630064747864624,0.19706224002861306,-0.001485702164859539,-4.992167557721232,-0.4936363753166436,0.02790835287042497
2.8199999999998004,7.0,0.20630064747864624,0.19719421727789924,-0.0014644777163030647,-4.992658405050513,-0.4908473292808925,0.027890460357511807
2.8209999999998003,7.0,0.20630064747864624,0.1973243091379099,-0.0014435564778876664,-4.993146465118393,-0.48806006787955847,0.02787261401333991
2.8219999999998002,7.0,0.20630064747864624,0.19745254254277758,-0.00142293411794876,-4.993631739704943,-0.4852745865502049,0.02785481329353614
2.8229999999998,7.0,0.20630064747864624,0.1975789440418614,-0.0014026063666743118,-4.994114230585727,-0.48249088078406116,0.02783705766143736
2.8239999999998,7.0,0.20630064747864624,0.19770353980524405,-0.0013825690152799996,-4.994593939531852,-0.4797089461252624,0.027819346587987393
2.8249999999998,7.0,0.20630064747864624,0.1978263556291498,-0.0013628179150994043,-4.995070868310022,-0.47692877817009993,0.027801679551623795
2.8259999999998,7.0,0.20630064747864624,0.19794741694128545,-0.001343348976734388,-4.995545018682589,-0.4741503725662828,0.027784056038171988
2.8269999999997997,7.0,0.20630064747864624,0.1980667488061049,-0.0013241581691983938,-4.9960163924076015,-0.471373725012209,0.027766475540738515
2.8279999999997996,7.0,0.20630064747864624,0.19818437592999835,-0.0013052415191163787,-4.996484991238857,-0.4685988312562479,0.027748937559611202
2.8289999999997995,7.0,0.20630064747864624,0.1983003226664076,-0.0012865951098645768,-4.9969508169259536,-0.46582568709603267,0.027731441602152126
2.8299999999997993,7.0,0.20630064747864624,0.19841461302086816,-0.0012682150807810516,-4.997413871214331,-0.4630542883777628,0.027713987182699157
2.8309999999997992,7.0,0.20630064747864624,0.19852727065597928,-0.001250097626340858,-4.997874155845326,-0.4602846309955165,0.02769657382246328
2.831999999999799,7.0,0.20630064747864624,0.1986383188963031,-0.0012322389954090808,-4.998331672556216,-0.457516710890573,0.027679201049435335
2.832999999999799,7.0,0.20630064747864624,0.1987477807331937,-0.0012146354904195322,-4.998786423080268,-0.45475052405074456,0.027661868398283874
2.833999999999799,7.0,0.20630064747864624,0.19885567882955732,-0.0011972834666454922,-4.999238409146777,-0.4519860665097182,0.02764457541026413
2.834999999999799,7.0,0.20630064747864624,0.1989620355245443,-0.001180179331431508,-4.999687632481123,-0.44922333434640593,0.027627321633122343
2.8359999999997987,7.0,0.20630064747864624,0.19906687283817434,-0.0011633195434287346,-5.000134094804808,-0.4464623236843059,0.02761010662100058
2.8369999999997986,7.0,0.20630064747864624,0.19917021247589536,-0.0011467006119081518,-5.000577797835498,-0.4437030306908708,0.027592929934350932
2.8379999999997985,7.0,0.20630064747864624,0.19927207583307752,-0.0011303190959817497,-5.001018743287075,-0.44094545157688697,0.027575791139838737
2.8389999999997984,7.0,0.20630064747864624,0.1993724839994428,-0.0011141716039476056,-5.001456932869671,-0.4381895825958609,0.027558689810260693
2.8399999999997982,7.0,0.20630064747864624,0.19947145776343142,-0.0010982547925323057,-5.001892368289714,-0.43543542004341584,0.027541625524450716
2.840999999999798,7.0,0.20630064747864624,0.19956901761650592,-0.001082565366239568,-5.00232505124997,-0.432682960256696,0.02752459786719858
2.841999999999798,7.0,0.20630064747864624,0.19966518375739364,-0.0010671000766599224,-5.002754983449584,-0.42993219961377954,0.027507606429163948
2.842999999999798,7.0,0.20630064747864624,0.1997599760962687,-0.0010518557217697724,-5.003182166584118,-0.42718313453310064,0.027490650806789134
2.843999999999798,7.0,0.20630064747864624,0.1998534142588741,-0.0010368291453083374,-5.003606602345591,-0.4244357614728785,0.0274737306022213
2.8449999999997977,7.0,0.20630064747864624,0.19994551759058513,-0.0010220172361014965,-5.004028292422522,-0.42169007693055566,0.027456845423228286
2.8459999999997976,7.0,0.20630064747864624,0.20003630516041457,-0.001007416927421029,-5.004447238499964,-0.4189460774422438,0.027439994883118775
2.8469999999997975,7.0,0.20630064747864624,0.20012579576496073,-0.0009930251963473978,-5.004863442259546,-0.41620375958217753,0.027423178600662873
2.8479999999997974,7.0,0.20630064747864624,0.2002140079322991,-0.0009788390631573136,-5.0052769053795085,-0.4134631199621759,0.027406396200015747
2.8489999999997973,7.0,0.20630064747864624,0.20030095992581834,-0.0009648555906794363,-5.005687629534739,-0.41072415523111216,0.027389647310637463
2.849999999999797,7.0,0.20630064747864624,0.2003866697480016,-0.0009510718837173412,-5.006095616396814,-0.40798686207439,0.02737293156722093
2.850999999999797,7.0,0.20630064747864624,0.20047115514415367,-0.00093748508843708,-5.006500867634027,-0.4052512372134285,0.027356248609615653
2.851999999999797,7.0,0.20630064747864624,0.200554433606075,-0.0009240923917689067,-5.006903384911432,-0.4025172774051532,0.027339598082753207
2.852999999999797,7.0,0.20630064747864624,0.20063652237568316,-0.0009108910208231601,-5.007303169890873,-0.3997849794414957,0.027322979636574464
2.8539999999997967,7.0,0.20630064747864624,0.20071743844858264,-0.0008978782423380112,-5.007700224231022,-0.3970543401488997,0.027306392925960685
2.8549999999997966,7.0,0.20630064747864624,0.20079719857758355,-0.0008850513620988849,-5.00809454958741,-0.39432535638783356,0.02728983761066121
2.8559999999997965,7.0,0.20630064747864624,0.20087581927617015,-0.0008724077243720465,-5.008486147612462,-0.3915980250523112,0.027273313355222956
2.8569999999997964,7.0,0.20630064747864624,0.2009533168219198,-0.0008599447113665061,-5.008875019955531,-0.38887234306941887,0.027256819828923282
2.8579999999997963,7.0,0.20630064747864624,0.20102970725987304,-0.0008476597426994655,-5.00926116826293,-0.3861483073988486,0.027240356705703354
2.858999999999796,7.0,0.20630064747864624,0.20110500640585552,-0.0008355502748369809,-5.009644594177963,-0.3834259150324387,0.02722392366409855
2.859999999999796,7.0,0.20630064747864624,0.20117922984975253,-0.0008236138005912714,-5.010025299340957,-0.38070516299372115,0.02720752038717575
2.860999999999796,7.0,0.20630064747864624,0.20125239295873673,-0.000811847848589704,-5.010403285389295,-0.3779860483374744,0.027191146562467145
2.861999999999796,7.0,0.20630064747864624,0.20132451088044973,-0.0008002499827685595,-5.010778553957444,-0.3752685681492837,0.027174801881907212
2.8629999999997957,7.0,0.20630064747864624,0.20139559854613825,-0.0007888178018526381,-5.011151106676989,-0.37255271954510694,0.02715848604176789
2.8639999999997956,7.0,0.20630064747864624,0.20146567067374552,-0.0007775489389056692,-5.01152094517666,-0.3698384996708467,0.027142198742602337
2.8649999999997955,7.0,0.20630064747864624,0.2015347417709584,-0.0007664410607674337,-5.011888071082362,-0.36712590570192916,0.02712593968917516
2.8659999999997954,7.0,0.20630064747864624,0.2016028261382111,-0.0007554918676254139,-5.012252486017204,-0.36441493484288834,0.027109708590408742
2.8669999999997953,7.0,0.20630064747864624,0.2016699378716459,-0.0007446990925227201,-5.012614191601532,-0.3617055843269561,0.02709350515932204
2.867999999999795,7.0,0.20630064747864624,0.20173609086603161,-0.0007340605008943372,-5.012973189452947,-0.3589978514156588,0.02707732911297273
2.868999999999795,7.0,0.20630064747864624,0.2018012988176404,-0.0007235738900821331,-5.0133294811863465,-0.35629173339841913,0.027061180172396906
2.869999999999795,7.0,0.20630064747864624,0.20186557522708334,-0.0007132370889100458,-5.013683068413939,-0.35358722759216354,0.027045058062555985
2.870999999999795,7.0,0.20630064747864624,0.20192893340210566,-0.0007030479572167913,-5.0140339527452795,-0.35088433134093566,0.027028962512278553
2.8719999999997947,7.0,0.20630064747864624,0.20199138646034195,-0.0006930043854133522,-5.0143821357872955,-0.3481830420155151,0.027012893254205247
2.8729999999997946,7.0,0.20630064747864624,0.20205294733203202,-0.0006831042940404642,-5.014727619144308,-0.3454833570130418,0.026996850024733593
2.8739999999997945,7.0,0.20630064747864624,0.20211362876269795,-0.0006733456333615068,-5.015070404418065,-0.342785273756645,0.02698083256396723
2.8749999999997944,7.0,0.20630064747864624,0.20217344331578294,-0.0006637263829093706,-5.01541049320776,-0.3400887896950791,0.026964840615659517
2.8759999999997943,7.0,0.20630064747864624,0.20223240337525242,-0.0006542445510899656,-5.015747887110063,-0.3373939023023627,0.026948873927164056
2.876999999999794,7.0,0.20630064747864624,0.20229052114815804,-0.0006448981747574109,-5.01608258771914,-0.33470060907742455,0.026932932249381807
2.877999999999794,7.0,0.20630064747864624,0.202347808667165,-0.0006356853188175437,-5.016414596626683,-0.3320089075437534,0.026917015336711644
2.878999999999794,7.0,0.20630064747864624,0.20240427779304332,-0.0006266040758101873,-5.016743915421933,-0.32931879524905355,0.02690112294699836
2.879999999999794,7.0,0.20630064747864624,0.20245994021712335,-0.0006176525655268218,-5.0170705456916975,-0.32663026976490506,0.026885254841484987
2.8809999999997937,7.0,0.20630064747864624,0.20251480746371653,-0.0006088289346282531,-5.017394489020384,-0.3239433286864285,0.026869410784765096
2.8819999999997936,7.0,0.20630064747864624,0.20256889089250124,-0.0006001313562481226,-5.017715746990016,-0.3212579696319552,0.026853590544733484
2.8829999999997935,7.0,0.20630064747864624,0.20262220170087475,-0.0005915580296211966,-5.0180343211802585,-0.31857419024270117,0.026837793892539784
2.8839999999997934,7.0,0.20630064747864624,0.2026747509262715,-0.000583107179690416,-5.018350213168441,-0.3158919881824472,0.026822020602539624
2.8849999999997933,7.0,0.20630064747864624,0.20272654944844828,-0.0005747770567882883,-5.018663424529579,-0.31321136113722176,0.026806270452254685
2.885999999999793,7.0,0.20630064747864624,0.20277760799173683,-0.000566565936215615,-5.018973956836394,-0.31053230681498967,0.02679054322232047
2.886999999999793,7.0,0.20630064747864624,0.2028279371272641,-0.0005584721179299637,-5.019281811659339,-0.30785482294534494,0.026774838696447294
2.887999999999793,7.0,0.20630064747864624,0.20287754727514098,-0.0005504939261562584,-5.0195869905666175,-0.3051789072792078,0.026759156661371915
2.888999999999793,7.0,0.20630064747864624,0.20292644870661963,-0.0005426297090894102,-5.019889495124207,-0.30250455758852574,0.026743496906820256
2.8899999999997927,7.0,0.20630064747864624,0.20297465154622002,-0.0005348778384872068,-5.020189326895872,-0.29983177166598,0.026727859225456976
2.8909999999997926,7.0,0.20630064747864624,0.20302216577382612,-0.0005272367093941855,-5.020486487443197,-0.297160547324695,0.026712243412850764
2.8919999999997925,7.0,0.20630064747864624,0.20306900122675212,-0.0005197047397770024,-5.020780978325595,-0.29449088239795207,0.02669664926742908
2.8929999999997924,7.0,0.20630064747864624,0.20311516760177917,-0.0005122803701987449,-5.021072801100334,-0.29182277473890833,0.02668107659043754
2.8939999999997923,7.0,0.20630064747864624,0.203160674457163,-0.0005049620634967815,-5.021361957322554,-0.28915622222031834,0.026665525185899774
2.894999999999792,7.0,0.20630064747864624,0.20320553121461274,-0.0004977483044783144,-5.021648448545289,-0.28649122273426036,0.026649994860579417
2.895999999999792,7.0,0.20630064747864624,0.20324974716124178,-0.0004906375995946909,-5.021932276319481,-0.28382777419186644,0.026634485423939598
2.896999999999792,7.0,0.20630064747864624,0.20329333145149042,-0.0004836284766298744,-5.022213442194003,-0.281165874523056,0.026618996688104114
2.897999999999792,7.0,0.20630064747864624,0.2033362931090212,-0.00047671948439599685,-5.022491947715679,-0.27850552167627407,0.0266035284678195
2.8989999999997917,7.0,0.20630064747864624,0.20337864102858727,-0.0004699091924572303,-5.022767794429297,-0.27584671361823204,0.02658808058042049
2.8999999999997916,7.0,0.20630064747864624,0.20342038397787382,-0.00046319619078639875,-5.023040983877631,-0.27318944833365333,0.026572652845787473
2.9009999999997915,7.0,0.20630064747864624,0.20346153059931343,-0.00045657908951009045,-5.0233115176014556,-0.27053372382502183,0.026557245086314536
2.9019999999997914,7.0,0.20630064747864624,0.20350208941187534,-0.0004500565186183705,-5.023579397139568,-0.26787953811233456,0.026541857126873313
2.9029999999997913,7.0,0.20630064747864624,0.2035420688128292,-0.00044362712766387214,-5.0238446240288015,-0.265226889232857,0.026526488794775566
2.903999999999791,7.0,0.20630064747864624,0.20358147707948374,-0.00043728958549629066,-5.024107199804042,-0.26257577524088294,0.02651113991974003
2.904999999999791,7.0,0.20630064747864624,0.20362032237090033,-0.0004310425799791747,-5.02436712599825,-0.25992619420749724,0.02649581033385716
2.905999999999791,7.0,0.20630064747864624,0.2036586127295824,-0.0004248848177173391,-5.02462440414247,-0.25727814422034173,0.026480499871555162
2.906999999999791,7.0,0.20630064747864624,0.20369635608314046,-0.0004188150238090586,-5.024879035765854,-0.2546316233833848,0.026465208369569043
2.9079999999997908,7.0,0.20630064747864624,0.2037335602459334,-0.0004128319415486996,-5.02513102239567,-0.2519866298166944,0.026449935666903675
2.9089999999997906,7.0,0.20630064747864624,0.20377023292068644,-0.00040693433218953355,-5.025380365557326,-0.24934316165621398,0.02643468160480416
2.9099999999997905,7.0,0.20630064747864624,0.20380638170008586,-0.0004011209746782302,-5.02562706677438,-0.24670121705354173,0.026419446026722766
2.9109999999997904,7.0,0.20630064747864624,0.203842014068351,-0.0003953906654141305,-5.025871127568555,-0.24406079417571286,0.026404228778288893
2.9119999999997903,7.0,0.20630064747864624,0.2038771374027838,-0.0003897422179837401,-5.026112549459761,-0.24142189120498525,0.026389029707276045
2.91299999999979,7.0,0.20630064747864624,0.20391175897529612,-0.0003841744629235423,-5.026351333966099,-0.23878450633862802,0.026373848663572237
2.91399999999979,7.0,0.20630064747864624,0.2039458859539154,-0.0003786862474863523,-5.026587482603888,-0.23614863778871295,0.026358685499150863
2.91499999999979,7.0,0.20630064747864624,0.2039795254042687,-0.00037327643536872964,-5.026820996887669,-0.23351428378190925,0.026343540068036846
2.91599999999979,7.0,0.20630064747864624,0.20401268429104552,-0.000367943906530433,-5.027051878330229,-0.23088144255928086,0.026328412226283918
2.9169999999997898,7.0,0.20630064747864624,0.20404536947943983,-0.00036268755690767275,-5.027280128442605,-0.22825011237608694,0.026313301831939133
2.9179999999997897,7.0,0.20630064747864624,0.20407758773657134,-0.00035750629822548603,-5.027505748734107,-0.22562029150158502,0.026298208745019282
2.9189999999997895,7.0,0.20630064747864624,0.2041093457328867,-0.00035239905774992993,-5.027728740712326,-0.22299197821883698,0.026283132827480144
2.9199999999997894,7.0,0.20630064747864624,0.2041406500435404,-0.0003473647780615149,-5.02794910588315,-0.22036517082451818,0.02626807394318824
2.9209999999997893,7.0,0.20630064747864624,0.2041715071497562,-0.0003424024168675805,-5.028166845750778,-0.21773986762872846,0.02625303195789734
2.921999999999789,7.0,0.20630064747864624,0.20420192344016894,-0.00033751094675802816,-5.028381961817733,-0.21511606695480665,0.026238006739218136
2.922999999999789,7.0,0.20630064747864624,0.20423190521214718,-0.00033268935498937584,-5.028594455584872,-0.2124937671391475,0.026222998156591352
2.923999999999789,7.0,0.20630064747864624,0.20426145867309717,-0.0003279366432971324,-5.028804328551403,-0.20987296653102108,0.026208006081264255
2.924999999999789,7.0,0.20630064747864624,0.20429058994174787,-0.0003232518276727718,-5.0290115822148955,-0.2072536634923948,0.026193030386262955
2.9259999999997888,7.0,0.20630064747864624,0.20431930504941784,-0.0003186339381690284,-5.029216218071293,-0.20463585639775797,0.026178070946368086
2.9269999999997887,7.0,0.20630064747864624,0.20434760994126397,-0.0003140820186910303,-5.0294182376149275,-0.20201954363394908,0.026163127638088812
2.9279999999997885,7.0,0.20630064747864624,0.2043755104775123,-0.0003095951268122152,-5.029617642338527,-0.1994047235999851,0.026148200339639837
2.9289999999997884,7.0,0.20630064747864624,0.20440301243467135,-0.000305172333547764,-5.029814433733234,-0.19679139470689375,0.02613328893091331
2.9299999999997883,7.0,0.20630064747864624,0.20443012150672812,-0.0003008127232165368,-5.0300086132886115,-0.19417955537754764,0.026118393293461366
2.930999999999788,7.0,0.20630064747864624,0.20445684330632696,-0.0002965153931826463,-5.030200182492658,-0.1915692040465012,0.026103513310464246
2.931999999999788,7.0,0.20630064747864624,0.20448318336593152,-0.0002922794537350944,-5.030389142831818,-0.1889603391598297,0.026088648866714987
2.932999999999788,7.0,0.20630064747864624,0.2045091471389703,-0.00028810402785412587,-5.030575495790993,-0.18635295917497066,0.026073799848590533
2.933999999999788,7.0,0.20630064747864624,0.2045347400009657,-0.00028398825106254444,-5.030759242853553,-0.18374706256056736,0.026058966144033063
2.934999999999788,7.0,0.20630064747864624,0.20455996725064685,-0.00027993127122038694,-5.030940385501349,-0.1811426477963149,0.026044147642524513
2.9359999999997877,7.0,0.20630064747864624,0.20458483411104683,-0.0002759322483726999,-5.031118925214722,-0.17853971337280816,0.02602934423506751
2.9369999999997876,7.0,0.20630064747864624,0.20460934573058395,-0.0002719903545512929,-5.031294863472513,-0.17593825779139208,0.02601455581416076
2.9379999999997874,7.0,0.20630064747864624,0.2046335071841277,-0.00026810477363313663,-5.031468201752077,-0.17333827956401396,0.025999782273781292
2.9389999999997873,7.0,0.20630064747864624,0.20465732347404939,-0.0002642747011421153,-5.03163894152929,-0.17073977721307798,0.025985023509359852
2.9399999999997872,7.0,0.20630064747864624,0.20468079953125792,-0.00026049934408972435,-5.031807084278562,-0.16814274927130188,0.025970279417761057
2.940999999999787,7.0,0.20630064747864624,0.20470394021622063,-0.00025677792082638533,-5.031972631472843,-0.1655471942815754,0.02595554989726477
2.941999999999787,7.0,0.20630064747864624,0.20472675031996956,-0.0002531096608679814,-5.0321355845836395,-0.16295311079682095,0.025940834847544534
2.942999999999787,7.0,0.20630064747864624,0.20474923456509353,-0.00024949380473655283,-5.032295945081019,-0.16036049737985617,0.025926134169647747
2.943999999999787,7.0,0.20630064747864624,0.2047713976067157,-0.00024592960380099356,-5.032453714433622,-0.1577693526032586,0.02591144776597578
2.9449999999997867,7.0,0.20630064747864624,0.20479324403345756,-0.0002424163201283661,-5.032608894108671,-0.15517967504923205,0.02589677554026546
2.9459999999997866,7.0,0.20630064747864624,0.20481477836838882,-0.00023895322632813785,-5.032761485571981,-0.1525914633094751,0.02588211739756964
2.9469999999997865,7.0,0.20630064747864624,0.20483600506996394,-0.0002355396053893368,-5.032911490287966,-0.15000471598505138,0.025867473244236976
2.9479999999997863,7.0,0.20630064747864624,0.20485692853294513,-0.0002321747505672683,-5.033058909719652,-0.14741943168626162,0.025852842987897653
2.9489999999997862,7.0,0.20630064747864624,0.2048775530893123,-0.00022885796519234972,-5.033203745328684,-0.14483560903251766,0.02583822653743976
2.949999999999786,7.0,0.20630064747864624,0.20489788300915993,-0.00022558856254974765,-5.033345998575337,-0.14225324665221825,0.025823623802994196
2.950999999999786,7.0,0.20630064747864624,0.20491792250158117,-0.000222365865759014,-5.0334856709185205,-0.1396723431826263,0.025809034695919532
2.951999999999786,7.0,0.20630064747864624,0.20493767571553925,-0.0002191892075758416,-5.0336227638157895,-0.13709289726974855,0.025794459128777623
2.952999999999786,7.0,0.20630064747864624,0.2049571467407265,-0.00021605793030356072,-5.033757278723358,-0.13451490756821632,0.025779897015322326
2.9539999999997857,7.0,0.20630064747864624,0.20497633960841105,-0.0002129713856479959,-5.0338892170961,-0.13193837274116815,0.025765348270481443
2.9549999999997856,7.0,0.20630064747864624,0.20499525829227155,-0.0002099289345687817,-5.034018580387559,-0.12936329146013434,0.02575081281033828
2.9559999999997855,7.0,0.20630064747864624,0.20501390670921976,-0.00020692994715191913,-5.0341453700499645,-0.12678966240492276,0.025736290552115734
2.9569999999997854,7.0,0.20630064747864624,0.20503228872021156,-0.0002039738024858726,-5.034269587534228,-0.12421748426350668,0.02572178141416082
2.9579999999997852,7.0,0.20630064747864624,0.20505040813104636,-0.00020105988853412612,-5.034391234289959,-0.1216467557319138,0.025707285315928786
2.958999999999785,7.0,0.20630064747864624,0.20506826869315492,-0.00019818760199357988,-5.034510311765474,-0.11907747551411726,0.025692802177965542
2.959999999999785,7.0,0.20630064747864624,0.20508587410437623,-0.00019535634818480688,-5.034626821407795,-0.11650964232192787,0.0256783319218939
2.960999999999785,7.0,0.20630064747864624,0.20510322800972294,-0.00019256554092814978,-5.03474076466267,-0.11394325487488804,0.02566387447039815
2.961999999999785,7.0,0.20630064747864624,0.20512033400213614,-0.0001898146024127375,-5.034852142974571,-0.11137831190016725,0.02564942974720777
2.9629999999997847,7.0,0.20630064747864624,0.20513719562322913,-0.00018710296307966173,-5.034960957786703,-0.10881481213245896,0.02563499767708287
2.9639999999997846,7.0,0.20630064747864624,0.2051538163640208,-0.00018443006151223418,-5.035067210541017,-0.10625275431387891,0.02562057818580046
2.9649999999997845,7.0,0.20630064747864624,0.2051701996656583,-0.0001817953443156235,-5.035170902678211,-0.10369213719386497,0.025606171200139485
2.9659999999997844,7.0,0.20630064747864624,0.20518634892012955,-0.00017919826598587123,-5.035272035637741,-0.1011329595290785,0.025591776647864564
2.9669999999997843,7.0,0.20630064747864624,0.2052022674709655,-0.00017663828883555027,-5.035370610857823,-0.09857522008330684,0.025577394457716566
2.967999999999784,7.0,0.20630064747864624,0.20521795861393238,-0.00017411488284154055,-5.035466629775451,-0.09601891762736746,0.025563024559393806
2.968999999999784,7.0,0.20630064747864624,0.20523342559771401,-0.00017162752555652667,-5.03556009382639,-0.09346405093901336,0.02554866688354093
2.969999999999784,7.0,0.20630064747864624,0.20524867162458446,-0.00016917570200279517,-5.035651004445193,-0.0909106188028398,0.02553432136173567
2.970999999999784,7.0,0.20630064747864624,0.20526369985107107,-0.0001667589045483308,-5.035739363065203,-0.08835862001019246,0.025519987926473496
2.9719999999997837,7.0,0.20630064747864624,0.20527851338860786,-0.00016437663282185475,-5.035825171118562,-0.08580805335907676,0.0255056665111569
2.9729999999997836,7.0,0.20630064747864624,0.20529311530417985,-0.00016202839359246097,-5.0359084300362165,-0.08325891765406872,0.025491357050080515
2.9739999999997835,7.0,0.20630064747864624,0.20530750862095792,-0.00015971370068465404,-5.0359891412479225,-0.08071121170622667,0.025477059478420407
2.9749999999997834,7.0,0.20630064747864624,0.2053216963189249,-0.00015743207485798596,-5.036067306182256,-0.07816493433300475,0.025462773732219213
2.9759999999997833,7.0,0.20630064747864624,0.20533568133549235,-0.00015518304373979427,-5.0361429262666135,-0.075620084358167,0.02544849974837756
2.976999999999783,7.0,0.20630064747864624,0.20534946656610883,-0.00015296614166943788,-5.036216002927225,-0.07307666061170351,0.025434237464634968
2.977999999999783,7.0,0.20630064747864624,0.20536305486485937,-0.0001507809096735163,-5.036286537589155,-0.07053466192974686,0.025419986819566392
2.978999999999783,7.0,0.20630064747864624,0.20537644904505634,-0.00014862689532072577,-5.036354531676309,-0.06799408715449043,0.02540574775256439
2.979999999999783,7.0,0.20630064747864624,0.20538965187982192,-0.00014650365263689714,-5.036419986611444,-0.06545493513410758,0.025391520203828497
2.9809999999997827,7.0,0.20630064747864624,0.20540266610266225,-0.00014441074203065365,-5.036482903816166,-0.062917204722672,0.025377304114355848
2.9819999999997826,7.0,0.20630064747864624,0.20541549440803344,-0.00014234773018012787,-5.036543284710946,-0.060380894780079276,0.025363099425927207
2.9829999999997825,7.0,0.20630064747864624,0.20542813945189933,-0.00014031418996924,-5.036601130715118,-0.05784600417196939,0.025348906081098854
2.9839999999997824,7.0,0.20630064747864624,0.20544060385228144,-0.00013830970036379466,-5.036656443246888,-0.05531253176965066,0.02533472402318736
2.9849999999997823,7.0,0.20630064747864624,0.20545289018980092,-0.00013633384635483928,-5.036709223723338,-0.05278047645002443,0.025320553196262356
2.985999999999782,7.0,0.20630064747864624,0.205465001008213,-0.00013438621886308148,-5.036759473560433,-0.05024983709551096,0.025306393545134656
2.986999999999782,7.0,0.20630064747864624,0.20547693881493348,-0.0001324664146574667,-5.0368071941730275,-0.04772061259397635,0.02529224501534614
2.987999999999782,7.0,0.20630064747864624,0.20548870608155795,-0.00013057403625251586,-5.0368071941730275,0.0,0.0
2.988999999999782,7.0,0.20630064747864624,0.2055003052443735,-0.00012870869185876364,-5.0368071941730275,0.0,0.0
2.9899999999997817,7.0,0.20630064747864624,0.2055117387048631,-0.00012686999526947566,-5.0368071941730275,0.0,0.0
2.9909999999997816,7.0,0.20630064747864624,0.20552300883020286,-0.00012505756580400665,-5.0368071941730275,0.0,0.0
2.9919999999997815,7.0,0.20630064747864624,0.20553411795375204,-0.00012327102821221836,-5.0368071941730275,0.0,0.0
2.9929999999997814,7.0,0.20630064747864624,0.20554506837553624,-0.0001215100126142973,-5.0368071941730275,0.0,0.0
2.9939999999997813,7.0,0.20630064747864624,0.20555586236272352,-0.00011977415440871282,-5.0368071941730275,0.0,0.0
2.994999999999781,7.0,0.20630064747864624,0.20556650215009384,-0.00011806309420495494,-5.0368071941730275,0.0,0.0
2.995999999999781,7.0,0.20630064747864624,0.20557698994050172,-0.00011637647773503218,-5.0368071941730275,0.0,0.0
2.996999999999781,7.0,0.20630064747864624,0.20558732790533235,-0.00011471395581453026,-5.0368071941730275,0.0,0.0
2.997999999999781,7.0,0.20630064747864624,0.20559751818495112,-0.00011307518422932946,-5.0368071941730275,0.0,0.0
2.9989999999997807,7.0,0.20630064747864624,0.20560756288914675,-0.00011145982368958272,-5.0368071941730275,0.0,0.0
2.9999999999997806,7.0,0.20630064747864624,0.20561746409756818,-0.00010986753975183425,-5.0368071941730275,0.0,0.0
3.0009999999997805,7.0,0.20630064747864624,0.205627223860155,-0.0001082980027482171,-5.0368071941730275,0.0,0.0
3.0019999999997804,7.0,0.20630064747864624,0.205636844197562,-0.00010675088771919158,-5.0368071941730275,0.0,0.0
3.0029999999997803,7.0,0.20630064747864624,0.2056463271015775,-0.00010522587435690374,-5.0368071941730275,0.0,0.0
3.00399999999978,7.0,0.20630064747864624,0.2056556745355356,-0.00010372264692022292,-5.0368071941730275,0.0,0.0
3.00499999999978,7.0,0.20630064747864624,0.2056648884347229,-0.00010224089417456024,-5.0368071941730275,0.0,0.0
3.00599999999978,7.0,0.20630064747864624,0.20567397070677892,-0.00010078030934584738,-5.0368071941730275,0.0,0.0
3.00699999999978,7.0,0.20630064747864624,0.2056829232320913,-9.934059003203406e-05,-5.0368071941730275,0.0,0.0
3.0079999999997797,7.0,0.20630064747864624,0.20569174786418495,-9.7921438157067e-05,-5.0368071941730275,0.0,0.0
3.0089999999997796,7.0,0.20630064747864624,0.20570044643010582,-9.652255989300756e-05,-5.0368071941730275,0.0,0.0
3.0099999999997795,7.0,0.20630064747864624,0.20570902073079925,-9.514366562463105e-05,-5.0368071941730275,0.0,0.0
3.0109999999997794,7.0,0.20630064747864624,0.2057174725414828,-9.378446986092406e-05,-5.0368071941730275,0.0,0.0
3.0119999999997793,7.0,0.20630064747864624,0.2057258036120137,-9.244469119260357e-05,-5.0368071941730275,0.0,0.0
3.012999999999779,7.0,0.20630064747864624,0.2057340156672513,-9.112405223901538e-05,-5.0368071941730275,0.0,0.0
3.013999999999779,7.0,0.20630064747864624,0.20574211040741408,-8.982227956317183e-05,-5.0368071941730275,0.0,0.0
3.014999999999779,7.0,0.20630064747864624,0.20575008950843168,-8.853910366113152e-05,-5.0368071941730275,0.0,0.0
3.015999999999779,7.0,0.20630064747864624,0.20575795462229188,-8.727425885225637e-05,-5.0368071941730275,0.0,0.0
3.0169999999997787,7.0,0.20630064747864624,0.20576570737738265,-8.602748326859129e-05,-5.0368071941730275,0.0,0.0
3.0179999999997786,7.0,0.20630064747864624,0.20577334937882927,-8.479851878052217e-05,-5.0368071941730275,0.0,0.0
3.0189999999997785,7.0,0.20630064747864624,0.20578088220882665,-8.358711094013437e-05,-5.0368071941730275,0.0,0.0
3.0199999999997784,7.0,0.20630064747864624,0.20578830742696694,-8.239300893519156e-05,-5.0368071941730275,0.0,0.0
3.0209999999997783,7.0,0.20630064747864624,0.20579562657056236,-8.121596554311431e-05,-5.0368071941730275,0.0,0.0
3.021999999999778,7.0,0.20630064747864624,0.20580284115496356,-8.005573707079857e-05,-5.0368071941730275,0.0,0.0
3.022999999999778,7.0,0.20630064747864624,0.2058099526738733,-7.891208330151425e-05,-5.0368071941730275,0.0,0.0
3.023999999999778,7.0,0.20630064747864624,0.2058169625996558,-7.778476745242397e-05,-5.0368071941730275,0.0,0.0
3.024999999999778,7.0,0.20630064747864624,0.20582387238364136,-7.667355612856193e-05,-5.0368071941730275,0.0,0.0
3.0259999999997778,7.0,0.20630064747864624,0.20583068345642713,-7.557821925557206e-05,-5.0368071941730275,0.0,0.0
3.0269999999997776,7.0,0.20630064747864624,0.20583739722817312,-7.449853006908768e-05,-5.0368071941730275,0.0,0.0
3.0279999999997775,7.0,0.20630064747864624,0.20584401508889416,-7.343426502268903e-05,-5.0368071941730275,0.0,0.0
3.0289999999997774,7.0,0.20630064747864624,0.20585053840874776,-7.238520377374298e-05,-5.0368071941730275,0.0,0.0
3.0299999999997773,7.0,0.20630064747864624,0.20585696853831773,-7.135112911614108e-05,-5.0368071941730275,0.0,0.0
3.030999999999777,7.0,0.20630064747864624,0.20586330680889384,-7.03318269696794e-05,-5.0368071941730275,0.0,0.0
3.031999999999777,7.0,0.20630064747864624,0.20586955453274744,-6.932708628447579e-05,-5.0368071941730275,0.0,0.0
3.032999999999777,7.0,0.20630064747864624,0.20587571300340313,-6.833669905159038e-05,-5.0368071941730275,0.0,0.0
3.033999999999777,7.0,0.20630064747864624,0.2058817834959066,-6.736046021806305e-05,-5.0368071941730275,0.0,0.0
3.0349999999997768,7.0,0.20630064747864624,0.2058877672670886,-6.639816765505272e-05,-5.0368071941730275,0.0,0.0
3.0359999999997767,7.0,0.20630064747864624,0.20589366555582514,-6.544962214013691e-05,-5.0368071941730275,0.0,0.0
3.0369999999997765,7.0,0.20630064747864624,0.20589947958329402,-6.451462728296949e-05,-5.0368071941730275,0.0,0.0
3.0379999999997764,7.0,0.20630064747864624,0.20590521055322764,-6.359298949696029e-05,-5.0368071941730275,0.0,0.0
3.0389999999997763,7.0,0.20630064747864624,0.2059108596521622,-6.268451797803413e-05,-5.0368071941730275,0.0,0.0
3.039999999999776,7.0,0.20630064747864624,0.20591642804968338,-6.178902462674902e-05,-5.0368071941730275,0.0,0.0
3.040999999999776,7.0,0.20630064747864624,0.20592191689866857,-6.090632404829601e-05,-5.0368071941730275,0.0,0.0
3.041999999999776,7.0,0.20630064747864624,0.20592732733552538,-6.003623348169729e-05,-5.0368071941730275,0.0,0.0
3.042999999999776,7.0,0.20630064747864624,0.2059326604804271,-5.9178572789185957e-05,-5.0368071941730275,0.0,0.0
3.0439999999997758,7.0,0.20630064747864624,0.20593791743754453,-5.8333164396024326e-05,-5.0368071941730275,0.0,0.0
3.0449999999997757,7.0,0.20630064747864624,0.20594309929527455,-5.7499833272803486e-05,-5.0368071941730275,0.0,0.0
3.0459999999997756,7.0,0.20630064747864624,0.20594820712646558,-5.667840688588197e-05,-5.0368071941730275,0.0,0.0
3.0469999999997754,7.0,0.20630064747864624,0.2059532419886396,-5.5868715169064995e-05,-5.0368071941730275,0.0,0.0
3.0479999999997753,7.0,0.20630064747864624,0.20595820492421113,-5.507059047404303e-05,-5.0368071941730275,0.0,0.0
3.0489999999997752,7.0,0.20630064747864624,0.20596309696070306,-5.428386757393207e-05,-5.0368071941730275,0.0,0.0
3.049999999999775,7.0,0.20630064747864624,0.20596791911095938,-5.3508383578311126e-05,-5.0368071941730275,0.0,0.0
3.050999999999775,7.0,0.20630064747864624,0.2059726723733549,-5.2743977926142225e-05,-5.0368071941730275,0.0,0.0
3.051999999999775,7.0,0.20630064747864624,0.2059773577320019,-5.199049236098965e-05,-5.0368071941730275,0.0,0.0
3.052999999999775,7.0,0.20630064747864624,0.20598197615695396,-5.1247770874378354e-05,-5.0368071941730275,0.0,0.0
3.0539999999997747,7.0,0.20630064747864624,0.20598652860440672,-5.051565970933421e-05,-5.0368071941730275,0.0,0.0
3.0549999999997746,7.0,0.20630064747864624,0.20599101601689584,-4.979400727188147e-05,-5.0368071941730275,0.0,0.0
3.0559999999997745,7.0,0.20630064747864624,0.2059954393234923,-4.9082664166443795e-05,-5.0368071941730275,0.0,0.0
3.0569999999997743,7.0,0.20630064747864624,0.2059997994399945,-4.8381483107341874e-05,-5.0368071941730275,0.0,0.0
3.0579999999997742,7.0,0.20630064747864624,0.20600409726911809,-4.7690318918793364e-05,-5.0368071941730275,0.0,0.0
3.058999999999774,7.0,0.20630064747864624,0.20600833370068278,-4.700902851721246e-05,-5.0368071941730275,0.0,0.0
3.059999999999774,7.0,0.20630064747864624,0.20601250961179654,-4.6337470833327825e-05,-5.0368071941730275,0.0,0.0
3.060999999999774,7.0,0.20630064747864624,0.20601662586703726,-4.567550683342303e-05,-5.0368071941730275,0.0,0.0
3.061999999999774,7.0,0.20630064747864624,0.20602068331863166,-4.5022999469775385e-05,-5.0368071941730275,0.0,0.0
3.0629999999997737,7.0,0.20630064747864624,0.20602468280663186,-4.4379813638174674e-05,-5.0368071941730275,0.0,0.0
3.0639999999997736,7.0,0.20630064747864624,0.2060286251590892,-4.374581618854345e-05,-5.0368071941730275,0.0,0.0
3.0649999999997735,7.0,0.20630064747864624,0.20603251119222574,-4.3120875839974826e-05,-5.0368071941730275,0.0,0.0
3.0659999999997734,7.0,0.20630064747864624,0.20603634171060317,-4.2504863212593234e-05,-5.0368071941730275,0.0,0.0
3.0669999999997732,7.0,0.20630064747864624,0.2060401175072895,-4.1897650774453066e-05,-5.0368071941730275,0.0,0.0
3.067999999999773,7.0,0.20630064747864624,0.20604383936402318,-4.1299112802597536e-05,-5.0368071941730275,0.0,0.0
3.068999999999773,7.0,0.20630064747864624,0.20604750805137495,-4.0709125375978614e-05,-5.0368071941730275,0.0,0.0
3.069999999999773,7.0,0.20630064747864624,0.2060511243289074,-4.012756634359602e-05,-5.0368071941730275,0.0,0.0
3.070999999999773,7.0,0.20630064747864624,0.20605468894533224,-3.955431529617658e-05,-5.0368071941730275,0.0,0.0
3.0719999999997727,7.0,0.20630064747864624,0.2060582026386653,-3.8989253559093964e-05,-5.0368071941730275,0.0,0.0
3.0729999999997726,7.0,0.20630064747864624,0.20606166613637933,-3.8432264128646994e-05,-5.0368071941730275,0.0,0.0
3.0739999999997725,7.0,0.20630064747864624,0.20606508015555458,-3.788323169330022e-05,-5.0368071941730275,0.0,0.0
3.0749999999997724,7.0,0.20630064747864624,0.20606844540302732,-3.734204258766265e-05,-5.0368071941730275,0.0,0.0
3.0759999999997722,7.0,0.20630064747864624,0.20607176257553617,-3.680858475000664e-05,-5.0368071941730275,0.0,0.0
3.076999999999772,7.0,0.20630064747864624,0.20607503235986632,-3.6282747747048513e-05,-5.0368071941730275,0.0,0.0
3.077999999999772,7.0,0.20630064747864624,0.20607825543299174,-3.5764422699606605e-05,-5.0368071941730275,0.0,0.0
3.078999999999772,7.0,0.20630064747864624,0.20608143246221539,-3.5253502296761614e-05,-5.0368071941730275,0.0,0.0
3.079999999999772,7.0,0.20630064747864624,0.20608456410530726,-3.4749880763995735e-05,-5.0368071941730275,0.0,0.0
3.0809999999997717,7.0,0.20630064747864624,0.20608765101064067,-3.425345382071155e-05,-5.0368071941730275,0.0,0.0
3.0819999999997716,7.0,0.20630064747864624,0.20609069381732645,-3.3764118697932496e-05,-5.0368071941730275,0.0,0.0
3.0829999999997715,7.0,0.20630064747864624,0.20609369315534531,-3.328177407458107e-05,-5.0368071941730275,0.0,0.0
3.0839999999997714,7.0,0.20630064747864624,0.2060966496456782,-3.280632009517942e-05,-5.0368071941730275,0.0,0.0
3.0849999999997713,7.0,0.20630064747864624,0.20609956390043488,-3.233765831320771e-05,-5.0368071941730275,0.0,0.0
